player,team,league,season,position,age,minutes,team_possession_pct,psxg_net_per90,save_pct,pass_completion_pct,passes_completed_long_pct,def_actions_outside_pen_per90,crosses_stopped_pct,avg_dist_def_actions,progressive_passes_per90,progressive_passing_distance_per90,passes_into_final_third_per90,progressive_carries_per90,take_on_success_pct,padj_tackles_per90,padj_interceptions_per90,ball_recoveries_per90,blocks_per90,aerial_win_pct,tackle_win_pct,xAG_per90,sca_per90,key_passes_per90,passes_into_penalty_area_per90,take_ons_attempted_per90,tackles_att_3rd_per90,npxG_per90,shots_total_per90,touches_att_pen_per90,carries_into_penalty_area_per90,shots_on_target_pct
Jan Oblak,Atletico Madrid,La Liga,2025/26,GK,31,1122,52.0,-0.13,61.6,68.0,57.0,1.93,8.0,11.5,,,,,,,,,,,,,,,,,,,,,,
Jan Oblak,Atletico Madrid,La Liga,2024/25,GK,30,1122,52.0,0.0,64.7,71.4,59.9,2.03,10.0,12.08,,,,,,,,,,,,,,,,,,,,,,
Juan Musso,Atletico Madrid,La Liga,2025/26,GK,30,2419,52.0,0.24,66.9,79.3,47.1,1.14,10.3,15.1,,,,,,,,,,,,,,,,,,,,,,
Juan Musso,Atletico Madrid,La Liga,2024/25,GK,29,2419,52.0,0.24,68.2,80.9,48.0,1.16,10.5,15.4,,,,,,,,,,,,,,,,,,,,,,
Jose Maria Gimenez,Atletico Madrid,La Liga,2025/26,CB,29,1663,52.0,,,79.6,,,,,4.4,317.6,2.77,0.73,44.5,2.18,3.1,4.17,2.21,62.3,78.4,,,,,,,,,,,
Jose Maria Gimenez,Atletico Madrid,La Liga,2024/25,CB,28,1663,52.0,,,81.2,,,,,4.49,323.95,2.83,0.74,45.4,2.22,3.16,4.25,2.25,63.5,80.0,,,,,,,,,,,
Robin Le Normand,Atletico Madrid,La Liga,2025/26,CB,27,659,52.0,,,76.9,,,,,3.02,296.8,1.14,1.53,43.4,1.79,1.76,7.05,2.19,65.9,56.0,,,,,,,,,,,
Robin Le Normand,Atletico Madrid,La Liga,2024/25,CB,26,900,52.0,,,78.4,,,,,3.08,302.74,1.16,1.56,44.3,1.83,1.8,7.19,2.23,67.2,57.1,,,,,,,,,,,
Axel Witsel,Atletico Madrid,La Liga,2025/26,CB,35,2280,52.0,,,93.3,,,,,3.27,320.2,3.5,2.43,79.5,2.87,1.52,6.17,1.45,54.1,60.0,,,,,,,,,,,
Axel Witsel,Atletico Madrid,La Liga,2024/25,CB,34,2280,52.0,,,98.0,,,,,3.43,336.21,3.68,2.55,83.5,3.01,1.6,6.48,1.52,56.8,63.0,,,,,,,,,,,
Cesar Azpilicueta,Atletico Madrid,La Liga,2025/26,CB,35,1122,52.0,,,85.5,,,,,5.25,383.6,3.45,0.57,43.2,1.13,3.38,7.1,1.49,73.8,69.8,,,,,,,,,,,
Cesar Azpilicueta,Atletico Madrid,La Liga,2024/25,CB,34,1122,52.0,,,89.8,,,,,5.51,402.78,3.62,0.6,45.4,1.19,3.55,7.46,1.56,77.5,73.3,,,,,,,,,,,
Clement Lenglet,Atletico Madrid,La Liga,2025/26,CB,29,1693,52.0,,,82.3,,,,,5.16,410.3,2.03,2.01,60.2,1.07,1.35,6.06,2.53,60.2,70.9,,,,,,,,,,,
Clement Lenglet,Atletico Madrid,La Liga,2024/25,CB,28,1693,52.0,,,83.9,,,,,5.26,418.51,2.07,2.05,61.4,1.09,1.38,6.18,2.58,61.4,72.3,,,,,,,,,,,
Marcos Llorente,Atletico Madrid,La Liga,2025/26,FB,29,1662,52.0,,,86.0,,,,,5.01,,5.21,3.91,45.1,3.59,2.68,5.75,,41.1,,0.2,2.22,1.11,1.33,3.54,0.53,,,,,
Marcos Llorente,Atletico Madrid,La Liga,2024/25,FB,28,1662,52.0,,,87.7,,,,,5.11,,5.31,3.99,46.0,3.66,2.73,5.87,,41.9,,0.2,2.26,1.13,1.36,3.61,0.54,,,,,
Nahuel Molina,Atletico Madrid,La Liga,2025/26,FB,26,2522,52.0,,,83.6,,,,,6.64,,5.49,1.85,69.1,1.88,1.84,6.72,,57.0,,0.25,2.53,0.69,1.38,1.3,0.21,,,,,
Nahuel Molina,Atletico Madrid,La Liga,2024/25,FB,25,2522,52.0,,,85.3,,,,,6.77,,5.6,1.89,70.5,1.92,1.88,6.85,,58.1,,0.26,2.58,0.7,1.41,1.33,0.21,,,,,
Samuel Lino,Atletico Madrid,La Liga,2025/26,FB,24,511,52.0,,,75.7,,,,,6.81,,4.91,3.23,50.6,2.85,1.82,5.05,,50.8,,0.17,1.01,1.74,1.39,1.2,0.38,,,,,
Samuel Lino,Atletico Madrid,La Liga,2024/25,FB,23,900,52.0,,,72.7,,,,,6.54,,4.71,3.1,48.6,2.74,1.75,4.85,,48.8,,0.16,0.97,1.67,1.33,1.15,0.36,,,,,
Rodrigo Riquelme,Atletico Madrid,La Liga,2025/26,FB,24,1739,52.0,,,87.8,,,,,6.89,,4.8,2.06,57.4,2.11,2.71,7.99,,63.8,,0.11,1.96,1.18,1.82,1.14,0.11,,,,,
Rodrigo Riquelme,Atletico Madrid,La Liga,2024/25,FB,23,1739,52.0,,,84.3,,,,,6.61,,4.61,1.98,55.1,2.03,2.6,7.67,,61.2,,0.11,1.88,1.13,1.75,1.09,0.11,,,,,
Javi Galan,Atletico Madrid,La Liga,2025/26,FB,29,577,52.0,,,83.0,,,,,5.74,,3.53,4.1,54.0,3.87,2.77,4.37,,42.4,,0.24,2.7,1.47,0.57,3.12,0.22,,,,,
Javi Galan,Atletico Madrid,La Liga,2024/25,FB,28,900,52.0,,,84.7,,,,,5.85,,3.6,4.18,55.1,3.95,2.83,4.46,,43.2,,0.24,2.75,1.5,0.58,3.18,0.22,,,,,
Koke,Atletico Madrid,La Liga,2025/26,CM,32,1562,52.0,,,79.3,,,,,5.47,,4.33,3.92,66.1,1.69,2.79,5.98,2.23,43.9,,0.2,3.92,1.61,0.91,,,0.05,,,,
Koke,Atletico Madrid,La Liga,2024/25,CM,31,1562,52.0,,,83.3,,,,,5.74,,4.55,4.12,69.4,1.77,2.93,6.28,2.34,46.1,,0.21,4.12,1.69,0.96,,,0.05,,,,
Rodrigo De Paul,Atletico Madrid,La Liga,2025/26,CM,30,3192,52.0,,,80.2,,,,,5.69,,4.23,2.73,57.0,1.75,2.07,8.2,1.12,47.9,,0.3,4.32,0.71,1.46,,,0.09,,,,
Rodrigo De Paul,Atletico Madrid,La Liga,2024/25,CM,29,3192,52.0,,,81.8,,,,,5.8,,4.31,2.78,58.1,1.79,2.11,8.36,1.14,48.9,,0.31,4.41,0.72,1.49,,,0.09,,,,
Conor Gallagher,Atletico Madrid,La Liga,2025/26,CM,24,513,52.0,,,75.9,,,,,4.71,,6.65,1.53,45.6,2.11,2.6,6.39,2.07,55.4,,0.05,3.46,2.07,1.13,,,0.24,,,,
Conor Gallagher,Atletico Madrid,La Liga,2024/25,CM,23,900,52.0,,,72.9,,,,,4.52,,6.38,1.47,43.8,2.03,2.5,6.13,1.99,53.2,,0.05,3.32,1.99,1.08,,,0.23,,,,
Pablo Barrios,Atletico Madrid,La Liga,2025/26,CM,21,1999,52.0,,,90.8,,,,,5.97,,6.33,2.06,45.7,3.23,1.13,8.85,1.97,64.3,,0.29,3.1,1.99,1.15,,,0.06,,,,
Pablo Barrios,Atletico Madrid,La Liga,2024/25,CM,20,1999,52.0,,,83.5,,,,,5.49,,5.82,1.9,42.0,2.97,1.04,8.14,1.81,59.2,,0.27,2.85,1.83,1.06,,,0.06,,,,
Thomas Lemar,Atletico Madrid,La Liga,2025/26,CM,28,1263,52.0,,,84.2,,,,,5.36,,6.02,2.98,73.3,2.29,1.19,7.96,1.64,63.9,,0.19,1.53,1.26,1.44,,,0.12,,,,
Thomas Lemar,Atletico Madrid,La Liga,2024/25,CM,27,1263,52.0,,,85.9,,,,,5.47,,6.14,3.04,74.8,2.34,1.21,8.12,1.67,65.2,,0.19,1.56,1.29,1.47,,,0.12,,,,
Antoine Griezmann,Atletico Madrid,La Liga,2025/26,W,33,1667,52.0,,,,,,,,5.74,,,3.31,61.3,1.92,0.5,2.83,,,,0.16,3.33,1.29,,3.29,1.06,0.38,2.53,3.05,3.4,
Antoine Griezmann,Atletico Madrid,La Liga,2024/25,W,32,1667,52.0,,,,,,,,6.03,,,3.48,64.4,2.02,0.53,2.97,,,,0.17,3.5,1.35,,3.45,1.11,0.4,2.66,3.2,3.57,
Angel Correa,Atletico Madrid,La Liga,2025/26,W,29,2863,52.0,,,,,,,,5.18,,,4.29,45.5,0.83,0.29,2.19,,,,0.16,4.14,1.74,,6.56,0.38,0.29,2.29,6.99,2.42,
Angel Correa,Atletico Madrid,La Liga,2024/25,W,28,2863,52.0,,,,,,,,5.28,,,4.38,46.4,0.85,0.3,2.23,,,,0.16,4.22,1.77,,6.69,0.39,0.3,2.34,7.13,2.47,
Julian Alvarez,Atletico Madrid,La Liga,2025/26,ST,24,641,52.0,,,69.8,,,,,,,,,,1.4,,1.77,,45.6,,0.2,2.88,0.82,,,0.26,0.33,2.6,4.38,1.73,43.1
Julian Alvarez,Atletico Madrid,La Liga,2024/25,ST,23,900,52.0,,,67.0,,,,,,,,,,1.34,,1.7,,43.8,,0.19,2.76,0.79,,,0.25,0.32,2.5,4.2,1.66,41.4
Alexander Sorloth,Atletico Madrid,La Liga,2025/26,ST,28,2575,52.0,,,76.0,,,,,,,,,,0.59,,1.18,,58.9,,0.13,3.08,1.25,,,0.34,0.6,2.98,4.76,2.28,38.0
Alexander Sorloth,Atletico Madrid,La Liga,2024/25,ST,27,2575,52.0,,,77.5,,,,,,,,,,0.6,,1.2,,60.1,,0.13,3.14,1.27,,,0.35,0.61,3.04,4.86,2.33,38.8
Giuliano Simeone,Atletico Madrid,La Liga,2025/26,ST,21,2043,52.0,,,81.9,,,,,,,,,,0.6,,2.42,,30.6,,0.24,3.03,0.86,,,0.47,0.47,2.53,4.4,0.56,36.2
Giuliano Simeone,Atletico Madrid,La Liga,2024/25,ST,20,2043,52.0,,,75.3,,,,,,,,,,0.55,,2.23,,28.2,,0.22,2.79,0.79,,,0.43,0.43,2.33,4.05,0.52,33.3
Paulo Gazzaniga,Girona,La Liga,2025/26,GK,32,1305,57.2,0.12,70.8,77.6,57.1,2.36,4.8,11.6,,,,,,,,,,,,,,,,,,,,,,
Paulo Gazzaniga,Girona,La Liga,2024/25,GK,31,1305,57.2,0.13,74.3,81.5,60.0,2.48,10.0,12.18,,,,,,,,,,,,,,,,,,,,,,
Pau Lopez,Girona,La Liga,2025/26,GK,29,1414,57.2,0.21,69.3,79.4,38.5,1.84,4.4,13.5,,,,,,,,,,,,,,,,,,,,,,
Pau Lopez,Girona,La Liga,2024/25,GK,28,1414,57.2,0.21,70.7,81.0,39.3,1.88,10.0,13.77,,,,,,,,,,,,,,,,,,,,,,
David Lopez,Girona,La Liga,2025/26,CB,34,1067,57.2,,,77.9,,,,,3.23,438.9,4.44,2.19,45.7,1.52,1.72,5.23,2.02,62.8,55.8,,,,,,,,,,,
David Lopez,Girona,La Liga,2024/25,CB,33,1067,57.2,,,81.8,,,,,3.39,460.84,4.66,2.3,48.0,1.6,1.81,5.49,2.12,65.9,58.6,,,,,,,,,,,
Daley Blind,Girona,La Liga,2025/26,CB,34,2302,57.2,,,90.1,,,,,2.36,291.8,1.88,1.58,59.3,1.14,3.19,7.92,2.25,51.8,72.6,,,,,,,,,,,
Daley Blind,Girona,La Liga,2024/25,CB,33,2302,57.2,,,94.6,,,,,2.48,306.39,1.97,1.66,62.3,1.2,3.35,8.32,2.36,54.4,76.2,,,,,,,,,,,
Alejandro Frances,Girona,La Liga,2025/26,CB,22,2696,57.2,,,94.4,,,,,5.47,395.9,2.13,1.37,74.8,1.35,3.38,5.16,1.98,66.8,73.1,,,,,,,,,,,
Alejandro Frances,Girona,La Liga,2024/25,CB,21,2696,57.2,,,90.6,,,,,5.25,380.06,2.04,1.32,71.8,1.3,3.24,4.95,1.9,64.1,70.2,,,,,,,,,,,
Ladislav Krejci,Girona,La Liga,2025/26,CB,25,2000,57.2,,,92.3,,,,,4.87,469.8,4.64,1.32,62.4,2.69,1.79,5.29,2.66,53.9,81.0,,,,,,,,,,,
Ladislav Krejci,Girona,La Liga,2024/25,CB,24,2000,57.2,,,94.1,,,,,4.97,479.2,4.73,1.35,63.6,2.74,1.83,5.4,2.71,55.0,82.6,,,,,,,,,,,
Juanpe,Girona,La Liga,2025/26,CB,33,3154,57.2,,,80.3,,,,,3.92,240.9,2.89,1.29,51.3,3.01,2.67,7.59,2.83,65.6,76.1,,,,,,,,,,,
Juanpe,Girona,La Liga,2024/25,CB,32,3154,57.2,,,84.3,,,,,4.12,252.95,3.03,1.35,53.9,3.16,2.8,7.97,2.97,68.9,79.9,,,,,,,,,,,
Arnau Martinez,Girona,La Liga,2025/26,FB,21,1644,57.2,,,85.7,,,,,5.68,,2.26,2.85,64.8,3.77,2.3,6.16,,44.0,,0.12,3.5,1.88,0.54,2.28,0.36,,,,,
Arnau Martinez,Girona,La Liga,2024/25,FB,20,1644,57.2,,,78.8,,,,,5.23,,2.08,2.62,59.6,3.47,2.12,5.67,,40.5,,0.11,3.22,1.73,0.5,2.1,0.33,,,,,
Miguel Gutierrez,Girona,La Liga,2025/26,FB,23,671,57.2,,,77.6,,,,,3.77,,2.79,1.68,59.1,1.87,2.64,5.27,,55.5,,0.23,2.97,0.76,1.7,1.98,0.11,,,,,
Miguel Gutierrez,Girona,La Liga,2024/25,FB,22,900,57.2,,,74.5,,,,,3.62,,2.68,1.61,56.7,1.8,2.53,5.06,,53.3,,0.22,2.85,0.73,1.63,1.9,0.11,,,,,
Francés,Girona,La Liga,2025/26,FB,22,2555,57.2,,,74.5,,,,,6.61,,4.92,2.09,56.7,3.05,1.2,6.09,,40.3,,0.23,2.55,1.45,0.63,3.47,0.35,,,,,
Francés,Girona,La Liga,2024/25,FB,21,2555,57.2,,,71.5,,,,,6.35,,4.72,2.01,54.4,2.93,1.15,5.85,,38.7,,0.22,2.45,1.39,0.6,3.33,0.34,,,,,
Yangel Herrera,Girona,La Liga,2025/26,CM,26,1915,57.2,,,87.5,,,,,7.4,,6.36,2.66,63.2,4.07,1.27,7.57,0.96,47.6,,0.11,2.81,1.13,1.76,,,0.15,,,,
Yangel Herrera,Girona,La Liga,2024/25,CM,25,1915,57.2,,,89.2,,,,,7.55,,6.49,2.71,64.5,4.15,1.3,7.72,0.98,48.6,,0.11,2.87,1.15,1.8,,,0.15,,,,
Ivan Martin,Girona,La Liga,2025/26,CM,25,1479,57.2,,,81.4,,,,,7.57,,5.37,3.75,68.1,4.07,1.58,8.2,0.85,62.3,,0.2,2.76,0.63,1.84,,,0.08,,,,
Ivan Martin,Girona,La Liga,2024/25,CM,24,1479,57.2,,,83.0,,,,,7.72,,5.48,3.83,69.5,4.15,1.61,8.36,0.87,63.5,,0.2,2.82,0.64,1.88,,,0.08,,,,
Oriol Romeu,Girona,La Liga,2025/26,CM,32,700,57.2,,,87.2,,,,,5.19,,6.6,1.84,59.1,4.47,3.12,6.51,1.24,45.4,,0.22,3.41,2.13,1.38,,,0.13,,,,
Oriol Romeu,Girona,La Liga,2024/25,CM,31,900,57.2,,,91.6,,,,,5.45,,6.93,1.93,62.1,4.69,3.28,6.84,1.3,47.7,,0.23,3.58,2.24,1.45,,,0.14,,,,
Donny van de Beek,Girona,La Liga,2025/26,CM,27,3050,57.2,,,81.4,,,,,6.75,,3.43,3.17,53.2,1.79,2.2,6.31,2.22,53.1,,0.15,2.53,0.87,2.29,,,0.22,,,,
Donny van de Beek,Girona,La Liga,2024/25,CM,26,3050,57.2,,,83.0,,,,,6.88,,3.5,3.23,54.3,1.83,2.24,6.44,2.26,54.2,,0.15,2.58,0.89,2.34,,,0.22,,,,
Jhon Solis,Girona,La Liga,2025/26,CM,19,567,57.2,,,82.4,,,,,6.18,,6.02,3.51,70.4,1.85,2.44,7.94,1.27,63.5,,0.13,4.47,1.73,1.1,,,0.06,,,,
Jhon Solis,Girona,La Liga,2024/25,CM,18,900,57.2,,,75.8,,,,,5.69,,5.54,3.23,64.8,1.7,2.24,7.3,1.17,58.4,,0.12,4.11,1.59,1.01,,,0.06,,,,
Viktor Tsygankov,Girona,La Liga,2025/26,W,26,1613,57.2,,,,,,,,2.63,,,4.66,43.3,0.7,0.92,2.26,,,,0.26,3.86,2.14,,6.54,0.45,0.38,1.99,6.82,2.61,
Viktor Tsygankov,Girona,La Liga,2024/25,W,25,1613,57.2,,,,,,,,2.68,,,4.75,44.2,0.71,0.94,2.31,,,,0.27,3.94,2.18,,6.67,0.46,0.39,2.03,6.96,2.66,
Bryan Gil,Girona,La Liga,2025/26,W,23,1119,57.2,,,,,,,,5.26,,,6.78,39.7,1.9,0.59,3.92,,,,0.25,3.07,2.43,,6.65,0.92,0.24,3.59,6.17,2.98,
Bryan Gil,Girona,La Liga,2024/25,W,22,1119,57.2,,,,,,,,5.05,,,6.51,38.1,1.82,0.57,3.76,,,,0.24,2.95,2.33,,6.38,0.88,0.23,3.45,5.92,2.86,
Portu,Girona,La Liga,2025/26,W,32,2318,57.2,,,,,,,,3.65,,,5.58,63.8,1.25,0.9,2.96,,,,0.17,3.61,1.24,,7.09,0.84,0.35,2.71,4.06,2.68,
Portu,Girona,La Liga,2024/25,W,31,2318,57.2,,,,,,,,3.83,,,5.86,67.0,1.31,0.95,3.11,,,,0.18,3.79,1.3,,7.44,0.88,0.37,2.85,4.26,2.81,
Arnaut Danjuma,Girona,La Liga,2025/26,W,27,2168,57.2,,,,,,,,5.79,,,5.76,53.1,1.74,0.39,3.45,,,,0.2,4.42,1.58,,5.83,0.42,0.22,3.83,4.68,2.86,
Arnaut Danjuma,Girona,La Liga,2024/25,W,26,2168,57.2,,,,,,,,5.91,,,5.88,54.2,1.77,0.4,3.52,,,,0.2,4.51,1.61,,5.95,0.43,0.22,3.91,4.77,2.92,
Cristhian Stuani,Girona,La Liga,2025/26,ST,37,1456,57.2,,,66.7,,,,,,,,,,0.69,,3.26,,59.8,,0.22,3.21,1.39,,,0.16,0.6,2.44,5.57,0.8,41.6
Cristhian Stuani,Girona,La Liga,2024/25,ST,36,1456,57.2,,,70.0,,,,,,,,,,0.72,,3.42,,62.8,,0.23,3.37,1.46,,,0.17,0.63,2.56,5.85,0.84,43.7
Abel Ruiz,Girona,La Liga,2025/26,ST,24,1725,57.2,,,65.6,,,,,,,,,,1.29,,2.72,,53.0,,0.2,1.89,1.17,,,0.46,0.67,2.63,8.31,1.65,54.8
Abel Ruiz,Girona,La Liga,2024/25,ST,23,1725,57.2,,,63.0,,,,,,,,,,1.24,,2.61,,50.9,,0.19,1.81,1.12,,,0.44,0.64,2.52,7.98,1.58,52.6
Bojan Miovski,Girona,La Liga,2025/26,ST,25,860,57.2,,,81.8,,,,,,,,,,0.78,,2.67,,51.9,,0.16,2.4,0.65,,,0.45,0.38,4.47,4.55,1.02,38.1
Bojan Miovski,Girona,La Liga,2024/25,ST,24,900,57.2,,,83.4,,,,,,,,,,0.8,,2.72,,52.9,,0.16,2.45,0.66,,,0.46,0.39,4.56,4.64,1.04,38.9
Unai Simon,Athletic Club,La Liga,2025/26,GK,27,834,50.8,0.03,65.2,72.0,32.1,2.13,10.0,16.3,,,,,,,,,,,,,,,,,,,,,,
Unai Simon,Athletic Club,La Liga,2024/25,GK,26,900,50.8,0.03,66.5,73.4,32.7,2.17,10.2,16.63,,,,,,,,,,,,,,,,,,,,,,
Julen Agirrezabala,Athletic Club,La Liga,2025/26,GK,23,2670,50.8,-0.26,78.4,65.9,58.8,0.88,10.8,12.7,,,,,,,,,,,,,,,,,,,,,,
Julen Agirrezabala,Athletic Club,La Liga,2024/25,GK,22,2670,50.8,0.0,75.3,63.3,56.4,0.84,10.4,12.19,,,,,,,,,,,,,,,,,,,,,,
Dani Vivian,Athletic Club,La Liga,2025/26,CB,25,1649,50.8,,,88.6,,,,,3.58,260.3,3.86,1.08,73.0,1.16,2.2,4.28,1.42,66.3,78.7,,,,,,,,,,,
Dani Vivian,Athletic Club,La Liga,2024/25,CB,24,1649,50.8,,,90.4,,,,,3.65,265.51,3.94,1.1,74.5,1.18,2.24,4.37,1.45,67.6,80.3,,,,,,,,,,,
Aitor Paredes,Athletic Club,La Liga,2025/26,CB,24,2037,50.8,,,91.6,,,,,4.76,387.9,1.82,0.71,72.0,3.13,1.51,6.84,2.36,64.7,63.8,,,,,,,,,,,
Aitor Paredes,Athletic Club,La Liga,2024/25,CB,23,2037,50.8,,,87.9,,,,,4.57,372.38,1.75,0.68,69.1,3.0,1.45,6.57,2.27,62.1,61.2,,,,,,,,,,,
Yeray Alvarez,Athletic Club,La Liga,2025/26,CB,29,2640,50.8,,,91.1,,,,,5.58,277.6,2.59,1.43,63.7,2.06,2.9,7.66,1.43,66.7,60.1,,,,,,,,,,,
Yeray Alvarez,Athletic Club,La Liga,2024/25,CB,28,2640,50.8,,,92.9,,,,,5.69,283.15,2.64,1.46,65.0,2.1,2.96,7.81,1.46,68.0,61.3,,,,,,,,,,,
Unai Nunez,Athletic Club,La Liga,2025/26,CB,27,870,50.8,,,79.1,,,,,5.28,280.6,1.44,1.43,77.2,2.2,1.07,4.25,1.11,66.9,61.0,,,,,,,,,,,
Unai Nunez,Athletic Club,La Liga,2024/25,CB,26,900,50.8,,,80.7,,,,,5.39,286.21,1.47,1.46,78.7,2.24,1.09,4.33,1.13,68.2,62.2,,,,,,,,,,,
Oscar De Marcos,Athletic Club,La Liga,2025/26,FB,35,509,50.8,,,74.5,,,,,5.36,,2.96,1.75,49.1,3.23,2.99,4.9,,43.0,,0.1,2.7,1.02,1.43,3.23,0.13,,,,,
Oscar De Marcos,Athletic Club,La Liga,2024/25,FB,34,900,50.8,,,78.2,,,,,5.63,,3.11,1.84,51.6,3.39,3.14,5.15,,45.1,,0.11,2.84,1.07,1.5,3.39,0.14,,,,,
Yuri Berchiche,Athletic Club,La Liga,2025/26,FB,34,1443,50.8,,,70.9,,,,,5.2,,4.74,2.37,41.5,3.84,1.65,5.8,,63.3,,0.15,1.58,1.73,1.09,3.1,0.66,,,,,
Yuri Berchiche,Athletic Club,La Liga,2024/25,FB,33,1443,50.8,,,74.4,,,,,5.46,,4.98,2.49,43.6,4.03,1.73,6.09,,66.5,,0.16,1.66,1.82,1.14,3.26,0.69,,,,,
Inigo Lekue,Athletic Club,La Liga,2025/26,FB,31,2744,50.8,,,73.0,,,,,3.36,,5.42,3.09,46.9,2.57,1.85,4.48,,50.3,,0.07,2.75,0.63,1.56,1.25,0.56,,,,,
Inigo Lekue,Athletic Club,La Liga,2024/25,FB,30,2744,50.8,,,76.7,,,,,3.53,,5.69,3.24,49.2,2.7,1.94,4.7,,52.8,,0.07,2.89,0.66,1.64,1.31,0.59,,,,,
Andoni Gorosabel,Athletic Club,La Liga,2025/26,FB,28,1833,50.8,,,87.3,,,,,3.24,,2.32,3.25,41.6,2.54,1.3,5.79,,58.0,,0.09,2.78,1.52,1.64,2.2,0.69,,,,,
Andoni Gorosabel,Athletic Club,La Liga,2024/25,FB,27,1833,50.8,,,89.0,,,,,3.3,,2.37,3.31,42.4,2.59,1.33,5.91,,59.2,,0.09,2.84,1.55,1.67,2.24,0.7,,,,,
Oihan Sancet,Athletic Club,La Liga,2025/26,CM,24,2476,50.8,,,85.8,,,,,7.29,,3.25,2.78,49.3,1.85,2.86,8.5,2.39,52.8,,0.24,1.7,0.86,2.12,,,0.05,,,,
Oihan Sancet,Athletic Club,La Liga,2024/25,CM,23,2476,50.8,,,82.4,,,,,7.0,,3.12,2.67,47.3,1.78,2.75,8.16,2.29,50.7,,0.23,1.63,0.83,2.04,,,0.05,,,,
Inigo Ruiz de Galarreta,Athletic Club,La Liga,2025/26,CM,31,1996,50.8,,,88.6,,,,,4.81,,4.51,2.21,67.2,4.31,1.66,6.51,1.38,58.7,,0.24,4.38,0.6,2.23,,,0.1,,,,
Inigo Ruiz de Galarreta,Athletic Club,La Liga,2024/25,CM,30,1996,50.8,,,93.0,,,,,5.05,,4.74,2.32,70.6,4.53,1.74,6.84,1.45,61.6,,0.25,4.6,0.63,2.34,,,0.11,,,,
Mikel Vesga,Athletic Club,La Liga,2025/26,CM,31,598,50.8,,,86.6,,,,,8.39,,3.92,1.51,45.2,1.76,2.97,8.54,1.33,59.6,,0.19,4.0,2.1,0.85,,,0.07,,,,
Mikel Vesga,Athletic Club,La Liga,2024/25,CM,30,900,50.8,,,90.9,,,,,8.81,,4.12,1.59,47.5,1.85,3.12,8.97,1.4,62.6,,0.2,4.2,2.21,0.89,,,0.07,,,,
Benat Prados,Athletic Club,La Liga,2025/26,CM,23,1304,50.8,,,89.2,,,,,7.88,,3.19,3.1,74.7,1.89,3.15,6.46,1.81,47.6,,0.08,3.06,2.46,1.33,,,0.18,,,,
Benat Prados,Athletic Club,La Liga,2024/25,CM,22,1304,50.8,,,85.6,,,,,7.56,,3.06,2.98,71.7,1.81,3.02,6.2,1.74,45.7,,0.08,2.94,2.36,1.28,,,0.17,,,,
Ander Herrera,Athletic Club,La Liga,2025/26,CM,35,1755,50.8,,,76.3,,,,,8.98,,3.25,2.12,47.7,2.36,2.57,6.99,1.16,59.4,,0.15,4.06,1.73,1.23,,,0.11,,,,
Ander Herrera,Athletic Club,La Liga,2024/25,CM,34,1755,50.8,,,80.1,,,,,9.43,,3.41,2.23,50.1,2.48,2.7,7.34,1.22,62.4,,0.16,4.26,1.82,1.29,,,0.12,,,,
Mikel Jauregizar,Athletic Club,La Liga,2025/26,CM,20,2692,50.8,,,81.2,,,,,6.92,,6.34,1.65,62.8,2.47,2.98,7.79,1.69,41.4,,0.18,3.8,0.92,2.29,,,0.18,,,,
Mikel Jauregizar,Athletic Club,La Liga,2024/25,CM,19,2288,50.8,,,74.7,,,,,6.37,,5.83,1.52,57.8,2.27,2.74,7.17,1.55,38.1,,0.17,3.5,0.85,2.11,,,0.17,,,,
Nico Williams,Athletic Club,La Liga,2025/26,W,22,2186,50.8,,,,,,,,3.4,,,4.27,64.4,1.05,1.43,2.3,,,,0.34,3.02,1.58,,7.05,0.73,0.17,3.46,6.4,2.13,
Nico Williams,Athletic Club,La Liga,2024/25,W,21,2186,50.8,,,,,,,,3.26,,,4.1,61.8,1.01,1.37,2.21,,,,0.33,2.9,1.52,,6.77,0.7,0.16,3.32,6.14,2.04,
Inaki Williams,Athletic Club,La Liga,2025/26,W,30,612,50.8,,,,,,,,3.54,,,4.89,42.7,1.35,0.51,2.43,,,,0.25,4.73,1.55,,7.9,0.63,0.38,2.68,3.95,2.58,
Inaki Williams,Athletic Club,La Liga,2024/25,W,29,900,50.8,,,,,,,,3.61,,,4.99,43.6,1.38,0.52,2.48,,,,0.26,4.82,1.58,,8.06,0.64,0.39,2.73,4.03,2.63,
Alex Berenguer,Athletic Club,La Liga,2025/26,W,29,2608,50.8,,,,,,,,4.15,,,4.22,49.3,0.85,1.04,2.04,,,,0.39,5.14,2.06,,4.85,1.04,0.37,2.02,4.36,1.16,
Alex Berenguer,Athletic Club,La Liga,2024/25,W,28,2608,50.8,,,,,,,,4.23,,,4.3,50.3,0.87,1.06,2.08,,,,0.4,5.24,2.1,,4.95,1.06,0.38,2.06,4.45,1.18,
Alvaro Djalo,Athletic Club,La Liga,2025/26,W,24,505,50.8,,,,,,,,5.85,,,5.2,50.1,1.13,1.22,4.4,,,,0.34,2.86,1.39,,7.03,0.65,0.36,3.33,3.96,2.83,
Alvaro Djalo,Athletic Club,La Liga,2024/25,W,23,900,50.8,,,,,,,,5.62,,,4.99,48.1,1.08,1.17,4.22,,,,0.33,2.75,1.33,,6.75,0.62,0.35,3.2,3.8,2.72,
Gorka Guruzeta,Athletic Club,La Liga,2025/26,ST,28,1092,50.8,,,77.4,,,,,,,,,,0.4,,3.21,,31.2,,0.22,3.11,1.83,,,0.18,0.38,3.66,6.27,0.99,43.5
Gorka Guruzeta,Athletic Club,La Liga,2024/25,ST,27,1092,50.8,,,78.9,,,,,,,,,,0.41,,3.27,,31.8,,0.22,3.17,1.87,,,0.18,0.39,3.73,6.4,1.01,44.4
Javier Marton,Athletic Club,La Liga,2025/26,ST,25,732,50.8,,,70.6,,,,,,,,,,1.5,,1.48,,37.0,,0.07,2.39,0.86,,,0.39,0.53,4.46,8.33,1.91,44.3
Javier Marton,Athletic Club,La Liga,2024/25,ST,24,900,50.8,,,72.0,,,,,,,,,,1.53,,1.51,,37.7,,0.07,2.44,0.88,,,0.4,0.54,4.55,8.5,1.95,45.2
Ederson,Manchester City,Premier League,2025/26,GK,31,2800,66.2,-0.08,69.2,75.7,49.1,1.61,10.7,13.2,,,,,,,,,,,,,,,,,,,,,,
Ederson,Manchester City,Premier League,2024/25,GK,30,2800,66.2,0.0,72.7,79.5,51.6,1.69,11.2,13.86,,,,,,,,,,,,,,,,,,,,,,
Stefan Ortega,Manchester City,Premier League,2025/26,GK,32,900,66.2,-0.25,67.9,74.1,51.5,2.2,3.7,14.3,,,,,,,,,,,,,,,,,,,,,,
Stefan Ortega,Manchester City,Premier League,2024/25,GK,31,900,66.2,0.0,71.3,77.8,54.1,2.31,10.0,15.02,,,,,,,,,,,,,,,,,,,,,,
Ruben Dias,Manchester City,Premier League,2025/26,CB,27,2700,66.2,,,91.2,,,,,5.7,251.4,2.69,1.32,72.2,2.91,1.67,5.08,2.3,70.0,76.3,,,,,,,,,,,
Ruben Dias,Manchester City,Premier League,2024/25,CB,26,2700,66.2,,,93.0,,,,,5.81,256.43,2.74,1.35,73.6,2.97,1.7,5.18,2.35,71.4,77.8,,,,,,,,,,,
Manuel Akanji,Manchester City,Premier League,2025/26,CB,29,2600,66.2,,,82.6,,,,,2.49,430.5,3.78,0.84,41.1,1.18,1.48,7.02,1.1,53.6,84.4,,,,,,,,,,,
Manuel Akanji,Manchester City,Premier League,2024/25,CB,28,2600,66.2,,,84.3,,,,,2.54,439.11,3.86,0.86,41.9,1.2,1.51,7.16,1.12,54.7,86.1,,,,,,,,,,,
Nathan Ake,Manchester City,Premier League,2025/26,CB,29,2100,66.2,,,85.0,,,,,4.58,295.6,1.65,0.36,54.2,3.4,2.2,7.67,2.26,61.0,78.9,,,,,,,,,,,
Nathan Ake,Manchester City,Premier League,2024/25,CB,28,2100,66.2,,,86.7,,,,,4.67,301.51,1.68,0.37,55.3,3.47,2.24,7.82,2.31,62.2,80.5,,,,,,,,,,,
John Stones,Manchester City,Premier League,2025/26,CB,30,1800,66.2,,,83.1,,,,,3.28,237.4,3.57,1.01,79.0,1.38,2.73,6.38,2.36,58.6,59.7,,,,,,,,,,,
John Stones,Manchester City,Premier League,2024/25,CB,29,1800,66.2,,,84.8,,,,,3.35,242.15,3.64,1.03,80.6,1.41,2.78,6.51,2.41,59.8,60.9,,,,,,,,,,,
Josko Gvardiol,Manchester City,Premier League,2025/26,FB,23,2700,66.2,,,73.2,,,,,5.12,,2.67,1.78,67.6,1.56,1.96,6.95,,41.6,,0.13,2.43,0.6,0.92,2.41,0.56,,,,,
Josko Gvardiol,Manchester City,Premier League,2024/25,FB,22,2700,66.2,,,70.3,,,,,4.92,,2.56,1.71,64.9,1.5,1.88,6.67,,39.9,,0.12,2.33,0.58,0.88,2.31,0.54,,,,,
Kyle Walker,Manchester City,Premier League,2025/26,FB,34,2200,66.2,,,78.4,,,,,5.99,,2.77,1.15,66.3,2.89,1.47,5.2,,53.7,,0.21,2.57,0.68,0.94,1.31,0.24,,,,,
Kyle Walker,Manchester City,Premier League,2024/25,FB,33,2200,66.2,,,82.3,,,,,6.29,,2.91,1.21,69.6,3.03,1.54,5.46,,56.4,,0.22,2.7,0.71,0.99,1.38,0.25,,,,,
Rico Lewis,Manchester City,Premier League,2025/26,FB,20,1500,66.2,,,82.8,,,,,5.94,,5.78,1.82,52.7,2.02,2.45,7.54,,63.5,,0.22,1.5,0.74,1.06,1.49,0.18,,,,,
Rico Lewis,Manchester City,Premier League,2024/25,FB,19,1275,66.2,,,76.2,,,,,5.46,,5.32,1.67,48.5,1.86,2.25,6.94,,58.4,,0.2,1.38,0.68,0.98,1.37,0.17,,,,,
Rodri,Manchester City,Premier League,2025/26,CM,28,3000,66.2,,,93.6,,,,,10.45,,10.85,3.85,74.0,2.95,1.95,9.45,1.65,71.5,,0.18,4.45,1.65,1.85,,,0.19,,,,
Rodri,Manchester City,Premier League,2024/25,CM,27,3000,66.2,,,95.5,,,,,10.66,,11.07,3.93,75.5,3.01,1.99,9.64,1.68,72.9,,0.18,4.54,1.68,1.89,,,0.19,,,,
Kevin De Bruyne,Manchester City,Premier League,2025/26,CM,33,2100,66.2,,,82.7,,,,,7.73,,6.13,2.0,66.2,3.43,2.09,7.8,1.46,57.5,,0.09,3.34,1.12,0.54,,,0.08,,,,
Kevin De Bruyne,Manchester City,Premier League,2024/25,CM,32,2100,66.2,,,86.8,,,,,8.12,,6.44,2.1,69.5,3.6,2.19,8.19,1.53,60.4,,0.09,3.51,1.18,0.57,,,0.08,,,,
Bernardo Silva,Manchester City,Premier League,2025/26,CM,30,2600,66.2,,,78.3,,,,,5.03,,7.77,3.34,65.6,2.86,1.32,7.9,1.54,51.2,,0.28,2.25,1.83,1.62,,,0.22,,,,
Bernardo Silva,Manchester City,Premier League,2024/25,CM,29,2600,66.2,,,79.9,,,,,5.13,,7.93,3.41,66.9,2.92,1.35,8.06,1.57,52.2,,0.29,2.29,1.87,1.65,,,0.22,,,,
Mateo Kovacic,Manchester City,Premier League,2025/26,CM,30,2000,66.2,,,75.9,,,,,4.49,,6.07,3.64,74.4,3.75,1.29,8.14,1.31,53.3,,0.22,2.13,1.23,1.7,,,0.15,,,,
Mateo Kovacic,Manchester City,Premier League,2024/25,CM,29,2000,66.2,,,77.4,,,,,4.58,,6.19,3.71,75.9,3.83,1.32,8.3,1.34,54.4,,0.22,2.17,1.25,1.73,,,0.15,,,,
Ilkay Gundogan,Manchester City,Premier League,2025/26,CM,34,1800,66.2,,,91.7,,,,,4.07,,6.6,1.14,62.3,3.36,1.77,5.45,1.4,63.0,,0.2,3.02,0.84,0.92,,,0.24,,,,
Ilkay Gundogan,Manchester City,Premier League,2024/25,CM,33,1800,66.2,,,96.3,,,,,4.27,,6.93,1.2,65.4,3.53,1.86,5.72,1.47,66.2,,0.21,3.17,0.88,0.97,,,0.25,,,,
Matheus Nunes,Manchester City,Premier League,2025/26,CM,26,1200,66.2,,,90.2,,,,,9.95,,6.48,1.42,52.3,2.58,2.1,6.64,0.9,46.1,,0.23,3.77,1.99,1.13,,,0.17,,,,
Matheus Nunes,Manchester City,Premier League,2024/25,CM,25,1200,66.2,,,92.0,,,,,10.15,,6.61,1.45,53.3,2.63,2.14,6.77,0.92,47.0,,0.23,3.85,2.03,1.15,,,0.17,,,,
Phil Foden,Manchester City,Premier League,2025/26,W,24,2800,66.2,,,,,,,,5.74,,,4.72,38.5,2.36,0.71,5.59,,,,0.33,5.32,1.47,,6.23,0.33,0.29,2.98,3.63,3.44,
Phil Foden,Manchester City,Premier League,2024/25,W,23,2800,66.2,,,,,,,,5.51,,,4.53,37.0,2.27,0.68,5.37,,,,0.32,5.11,1.41,,5.98,0.32,0.28,2.86,3.48,3.3,
Jeremy Doku,Manchester City,Premier League,2025/26,W,22,2100,66.2,,,,,,,,4.71,,,3.09,40.9,1.73,1.43,4.84,,,,0.34,2.93,2.13,,6.71,0.93,0.19,2.44,3.4,2.4,
Jeremy Doku,Manchester City,Premier League,2024/25,W,21,2100,66.2,,,,,,,,4.52,,,2.97,39.3,1.66,1.37,4.65,,,,0.33,2.81,2.04,,6.44,0.89,0.18,2.34,3.26,2.3,
Jack Grealish,Manchester City,Premier League,2025/26,W,29,1900,66.2,,,,,,,,3.49,,,4.09,64.3,1.32,1.04,5.66,,,,0.2,2.74,2.86,,6.06,0.68,0.34,3.71,3.93,2.84,
Jack Grealish,Manchester City,Premier League,2024/25,W,28,1900,66.2,,,,,,,,3.56,,,4.17,65.6,1.35,1.06,5.77,,,,0.2,2.79,2.92,,6.18,0.69,0.35,3.78,4.01,2.9,
Savinho,Manchester City,Premier League,2025/26,W,20,1600,66.2,,,,,,,,2.32,,,5.32,47.6,1.94,0.8,5.97,,,,0.2,3.76,1.35,,3.45,0.27,0.2,3.05,3.28,2.31,
Savinho,Manchester City,Premier League,2024/25,W,19,1360,66.2,,,,,,,,2.13,,,4.89,43.8,1.78,0.74,5.49,,,,0.18,3.46,1.24,,3.17,0.25,0.18,2.81,3.02,2.13,
Erling Haaland,Manchester City,Premier League,2025/26,ST,24,2900,66.2,,,76.5,,,,,,,,,,0.55,,2.45,,58.0,,0.14,2.85,1.1,,,0.45,0.89,4.45,9.65,1.65,56.5
Erling Haaland,Manchester City,Premier League,2024/25,ST,23,2900,66.2,,,73.4,,,,,,,,,,0.53,,2.35,,55.7,,0.13,2.74,1.06,,,0.43,0.85,4.27,9.26,1.58,54.2
David Raya,Arsenal,Premier League,2025/26,GK,29,3100,59.8,0.03,68.7,57.2,52.3,1.89,6.6,13.4,,,,,,,,,,,,,,,,,,,,,,
David Raya,Arsenal,Premier League,2024/25,GK,28,3100,59.8,0.03,70.1,58.3,53.3,1.93,10.0,13.67,,,,,,,,,,,,,,,,,,,,,,
Neto,Arsenal,Premier League,2025/26,GK,35,500,59.8,-0.04,65.7,49.7,36.4,2.41,3.1,15.8,,,,,,,,,,,,,,,,,,,,,,
Neto,Arsenal,Premier League,2024/25,GK,34,900,59.8,0.0,69.0,52.2,38.2,2.53,10.0,16.59,,,,,,,,,,,,,,,,,,,,,,
William Saliba,Arsenal,Premier League,2025/26,CB,23,3300,59.8,,,76.6,,,,,4.47,246.2,1.26,0.81,70.9,3.27,2.69,7.11,1.2,74.8,82.5,,,,,,,,,,,
William Saliba,Arsenal,Premier League,2024/25,CB,22,3300,59.8,,,73.5,,,,,4.29,236.35,1.21,0.78,68.1,3.14,2.58,6.83,1.15,71.8,79.2,,,,,,,,,,,
Gabriel Magalhaes,Arsenal,Premier League,2025/26,CB,27,3200,59.8,,,93.1,,,,,5.47,379.9,1.55,0.41,60.7,3.06,2.09,7.25,0.98,71.7,55.1,,,,,,,,,,,
Gabriel Magalhaes,Arsenal,Premier League,2024/25,CB,26,3200,59.8,,,95.0,,,,,5.58,387.5,1.58,0.42,61.9,3.12,2.13,7.4,1.0,73.1,56.2,,,,,,,,,,,
Jakub Kiwior,Arsenal,Premier League,2025/26,CB,24,1200,59.8,,,90.0,,,,,2.86,377.8,3.06,0.66,59.8,2.39,2.5,5.8,2.02,59.7,57.6,,,,,,,,,,,
Jakub Kiwior,Arsenal,Premier League,2024/25,CB,23,1200,59.8,,,86.4,,,,,2.75,362.69,2.94,0.63,57.4,2.29,2.4,5.57,1.94,57.3,55.3,,,,,,,,,,,
Riccardo Calafiori,Arsenal,Premier League,2025/26,FB,22,2100,59.8,,,75.3,,,,,5.81,,5.46,3.74,65.9,2.35,1.24,6.51,,54.1,,0.08,1.47,1.07,2.2,1.51,0.34,,,,,
Riccardo Calafiori,Arsenal,Premier League,2024/25,FB,21,2100,59.8,,,72.3,,,,,5.58,,5.24,3.59,63.3,2.26,1.19,6.25,,51.9,,0.08,1.41,1.03,2.11,1.45,0.33,,,,,
Ben White,Arsenal,Premier League,2025/26,FB,27,2800,59.8,,,81.3,,,,,6.01,,4.42,3.42,54.9,3.75,2.22,5.04,,62.6,,0.12,2.95,1.66,0.76,1.52,0.24,,,,,
Ben White,Arsenal,Premier League,2024/25,FB,26,2800,59.8,,,82.9,,,,,6.13,,4.51,3.49,56.0,3.83,2.26,5.14,,63.9,,0.12,3.01,1.69,0.78,1.55,0.24,,,,,
Oleksandr Zinchenko,Arsenal,Premier League,2025/26,FB,28,1500,59.8,,,80.9,,,,,5.48,,2.45,2.25,54.4,1.74,1.4,4.74,,41.7,,0.07,3.45,1.08,0.95,2.74,0.58,,,,,
Oleksandr Zinchenko,Arsenal,Premier League,2024/25,FB,27,1500,59.8,,,82.5,,,,,5.59,,2.5,2.29,55.5,1.77,1.43,4.83,,42.5,,0.07,3.52,1.1,0.97,2.79,0.59,,,,,
Jurrien Timber,Arsenal,Premier League,2025/26,FB,23,1900,59.8,,,74.8,,,,,3.68,,5.42,1.78,66.9,2.18,1.84,7.47,,49.6,,0.14,2.09,0.72,1.19,2.55,0.15,,,,,
Jurrien Timber,Arsenal,Premier League,2024/25,FB,22,1900,59.8,,,71.8,,,,,3.53,,5.2,1.71,64.2,2.09,1.77,7.17,,47.6,,0.13,2.01,0.69,1.14,2.45,0.14,,,,,
Takehiro Tomiyasu,Arsenal,Premier League,2025/26,FB,26,1100,59.8,,,73.3,,,,,3.15,,2.47,3.13,57.3,3.6,1.88,4.62,,55.1,,0.23,1.01,0.8,1.28,2.47,0.52,,,,,
Takehiro Tomiyasu,Arsenal,Premier League,2024/25,FB,25,1100,59.8,,,74.8,,,,,3.21,,2.52,3.19,58.4,3.67,1.92,4.71,,56.2,,0.23,1.03,0.82,1.31,2.52,0.53,,,,,
Declan Rice,Arsenal,Premier League,2025/26,CM,26,3200,59.8,,,77.9,,,,,9.53,,7.0,1.04,51.7,2.88,1.74,7.12,1.96,40.9,,0.28,2.15,1.48,1.31,,,0.22,,,,
Declan Rice,Arsenal,Premier League,2024/25,CM,25,3200,59.8,,,79.5,,,,,9.72,,7.14,1.06,52.7,2.94,1.77,7.26,2.0,41.7,,0.29,2.19,1.51,1.34,,,0.22,,,,
Martin Odegaard,Arsenal,Premier League,2025/26,CM,26,3100,59.8,,,87.7,,,,,5.8,,5.91,2.67,57.3,4.26,1.56,7.68,1.06,54.2,,0.27,3.28,1.5,0.66,,,0.2,,,,
Martin Odegaard,Arsenal,Premier League,2024/25,CM,25,3100,59.8,,,89.5,,,,,5.92,,6.03,2.72,58.4,4.35,1.59,7.83,1.08,55.3,,0.28,3.35,1.53,0.67,,,0.2,,,,
Thomas Partey,Arsenal,Premier League,2025/26,CM,31,1800,59.8,,,86.7,,,,,5.33,,7.85,2.08,62.5,3.85,1.95,7.4,1.45,50.7,,0.18,1.72,1.89,0.74,,,0.22,,,,
Thomas Partey,Arsenal,Premier League,2024/25,CM,30,1800,59.8,,,91.0,,,,,5.6,,8.24,2.18,65.6,4.04,2.05,7.77,1.52,53.2,,0.19,1.81,1.98,0.78,,,0.23,,,,
Jorginho,Arsenal,Premier League,2025/26,CM,33,1400,59.8,,,81.3,,,,,7.06,,3.01,3.33,71.9,2.72,1.43,6.22,1.06,46.8,,0.12,2.7,1.99,1.24,,,0.15,,,,
Jorginho,Arsenal,Premier League,2024/25,CM,32,1400,59.8,,,85.4,,,,,7.41,,3.16,3.5,75.5,2.86,1.5,6.53,1.11,49.1,,0.13,2.84,2.09,1.3,,,0.16,,,,
Mikel Merino,Arsenal,Premier League,2025/26,CM,28,1900,59.8,,,81.2,,,,,8.56,,6.88,2.03,57.6,3.06,1.96,5.34,1.03,53.3,,0.2,3.02,1.74,1.31,,,0.21,,,,
Mikel Merino,Arsenal,Premier League,2024/25,CM,27,1900,59.8,,,82.8,,,,,8.73,,7.02,2.07,58.8,3.12,2.0,5.45,1.05,54.4,,0.2,3.08,1.77,1.34,,,0.21,,,,
Bukayo Saka,Arsenal,Premier League,2025/26,W,23,3100,59.8,,,,,,,,5.65,,,7.45,56.0,2.15,0.95,5.65,,,,0.46,6.45,2.85,,6.95,1.15,0.45,3.25,8.1,4.25,
Bukayo Saka,Arsenal,Premier League,2024/25,W,22,3100,59.8,,,,,,,,5.42,,,7.15,53.8,2.06,0.91,5.42,,,,0.44,6.19,2.74,,6.67,1.1,0.43,3.12,7.78,4.08,
Gabriel Martinelli,Arsenal,Premier League,2025/26,W,23,2400,59.8,,,,,,,,2.43,,,5.17,40.3,2.09,0.54,3.14,,,,0.16,3.06,2.35,,6.71,0.25,0.34,3.36,7.08,3.05,
Gabriel Martinelli,Arsenal,Premier League,2024/25,W,22,2400,59.8,,,,,,,,2.33,,,4.96,38.7,2.01,0.52,3.01,,,,0.15,2.94,2.26,,6.44,0.24,0.33,3.23,6.8,2.93,
Leandro Trossard,Arsenal,Premier League,2025/26,W,30,2100,59.8,,,,,,,,2.37,,,5.2,46.6,2.24,1.13,5.62,,,,0.32,3.92,2.38,,5.26,0.52,0.38,2.75,7.99,1.89,
Leandro Trossard,Arsenal,Premier League,2024/25,W,29,2100,59.8,,,,,,,,2.42,,,5.3,47.5,2.28,1.15,5.73,,,,0.33,4.0,2.43,,5.37,0.53,0.39,2.81,8.15,1.93,
Raheem Sterling,Arsenal,Premier League,2025/26,W,30,1200,59.8,,,,,,,,5.9,,,6.56,62.1,2.39,0.67,5.25,,,,0.34,5.12,2.01,,4.82,0.88,0.25,2.01,4.98,2.41,
Raheem Sterling,Arsenal,Premier League,2024/25,W,29,1200,59.8,,,,,,,,6.02,,,6.69,63.3,2.44,0.68,5.36,,,,0.35,5.22,2.05,,4.92,0.9,0.26,2.05,5.08,2.46,
Kai Havertz,Arsenal,Premier League,2025/26,ST,25,2900,59.8,,,68.6,,,,,,,,,,0.76,,3.23,,43.0,,0.07,1.62,0.74,,,0.22,0.3,2.73,6.8,1.1,30.4
Kai Havertz,Arsenal,Premier League,2024/25,ST,24,2900,59.8,,,70.0,,,,,,,,,,0.78,,3.29,,43.9,,0.07,1.65,0.75,,,0.22,0.31,2.78,6.94,1.12,31.0
Gabriel Jesus,Arsenal,Premier League,2025/26,ST,27,1600,59.8,,,80.1,,,,,,,,,,1.45,,3.44,,57.8,,0.07,2.25,1.43,,,0.25,0.46,3.89,5.8,1.35,47.3
Gabriel Jesus,Arsenal,Premier League,2024/25,ST,26,1600,59.8,,,81.7,,,,,,,,,,1.48,,3.51,,59.0,,0.07,2.29,1.46,,,0.26,0.47,3.97,5.92,1.38,48.2
Alisson,Liverpool,Premier League,2025/26,GK,32,2900,61.5,0.38,81.5,86.0,56.5,1.95,8.4,18.2,,,,,,,,,,,,,,,,,,,,,,
Alisson,Liverpool,Premier League,2024/25,GK,31,2900,61.5,0.4,85.6,90.3,59.3,2.05,10.0,19.11,,,,,,,,,,,,,,,,,,,,,,
Caoimhin Kelleher,Liverpool,Premier League,2025/26,GK,26,700,61.5,-0.16,77.7,43.9,30.8,1.62,3.2,16.8,,,,,,,,,,,,,,,,,,,,,,
Caoimhin Kelleher,Liverpool,Premier League,2024/25,GK,25,900,61.5,0.0,79.3,44.8,31.4,1.65,10.0,17.14,,,,,,,,,,,,,,,,,,,,,,
Virgil van Dijk,Liverpool,Premier League,2025/26,CB,33,3100,61.5,,,79.8,,,,,3.02,264.9,2.96,0.5,79.7,2.62,2.19,4.07,1.38,73.3,63.0,,,,,,,,,,,
Virgil van Dijk,Liverpool,Premier League,2024/25,CB,32,3100,61.5,,,83.8,,,,,3.17,278.14,3.11,0.53,83.7,2.75,2.3,4.27,1.45,77.0,66.2,,,,,,,,,,,
Ibrahima Konate,Liverpool,Premier League,2025/26,CB,25,2500,61.5,,,91.4,,,,,5.31,200.9,3.84,0.26,71.5,2.78,1.18,4.18,1.76,67.6,60.5,,,,,,,,,,,
Ibrahima Konate,Liverpool,Premier League,2024/25,CB,24,2500,61.5,,,93.2,,,,,5.42,204.92,3.92,0.27,72.9,2.84,1.2,4.26,1.8,69.0,61.7,,,,,,,,,,,
Jarell Quansah,Liverpool,Premier League,2025/26,CB,22,1400,61.5,,,80.7,,,,,4.55,376.9,1.14,0.77,66.3,3.3,2.33,6.61,1.2,78.1,62.6,,,,,,,,,,,
Jarell Quansah,Liverpool,Premier League,2024/25,CB,21,1400,61.5,,,77.5,,,,,4.37,361.82,1.09,0.74,63.6,3.17,2.24,6.35,1.15,75.0,60.1,,,,,,,,,,,
Joe Gomez,Liverpool,Premier League,2025/26,CB,27,1800,61.5,,,77.5,,,,,2.19,386.7,3.63,0.92,73.1,1.52,1.21,7.17,1.64,68.9,69.2,,,,,,,,,,,
Joe Gomez,Liverpool,Premier League,2024/25,CB,26,1800,61.5,,,79.0,,,,,2.23,394.43,3.7,0.94,74.6,1.55,1.23,7.31,1.67,70.3,70.6,,,,,,,,,,,
Trent Alexander-Arnold,Liverpool,Premier League,2025/26,FB,26,2900,61.5,,,84.0,,,,,6.06,,2.07,1.87,69.6,3.78,2.34,6.98,,41.9,,0.24,2.7,1.19,2.28,2.01,0.52,,,,,
Trent Alexander-Arnold,Liverpool,Premier League,2024/25,FB,25,2900,61.5,,,85.7,,,,,6.18,,2.11,1.91,71.0,3.86,2.39,7.12,,42.7,,0.24,2.75,1.21,2.33,2.05,0.53,,,,,
Andrew Robertson,Liverpool,Premier League,2025/26,FB,30,2600,61.5,,,85.1,,,,,5.08,,3.05,3.4,52.0,2.19,2.26,7.44,,49.6,,0.15,2.79,1.51,2.29,0.79,0.55,,,,,
Andrew Robertson,Liverpool,Premier League,2024/25,FB,29,2600,61.5,,,86.8,,,,,5.18,,3.11,3.47,53.0,2.23,2.31,7.59,,50.6,,0.15,2.85,1.54,2.34,0.81,0.56,,,,,
Kostas Tsimikas,Liverpool,Premier League,2025/26,FB,28,1200,61.5,,,71.6,,,,,7.23,,4.52,3.36,65.1,3.45,1.9,4.52,,41.5,,0.07,1.41,1.84,1.63,2.39,0.49,,,,,
Kostas Tsimikas,Liverpool,Premier League,2024/25,FB,27,1200,61.5,,,73.0,,,,,7.37,,4.61,3.43,66.4,3.52,1.94,4.61,,42.3,,0.07,1.44,1.88,1.66,2.44,0.5,,,,,
Conor Bradley,Liverpool,Premier League,2025/26,FB,21,1400,61.5,,,73.9,,,,,3.63,,5.55,1.09,62.0,1.74,2.35,4.18,,50.0,,0.13,1.81,1.69,1.95,2.59,0.14,,,,,
Conor Bradley,Liverpool,Premier League,2024/25,FB,20,1400,61.5,,,68.0,,,,,3.34,,5.11,1.0,57.0,1.6,2.16,3.85,,46.0,,0.12,1.67,1.55,1.79,2.38,0.13,,,,,
Alexis Mac Allister,Liverpool,Premier League,2025/26,CM,26,2900,61.5,,,88.0,,,,,5.6,,3.59,1.32,61.5,2.81,1.46,6.47,0.82,48.8,,0.24,3.32,1.76,1.4,,,0.11,,,,
Alexis Mac Allister,Liverpool,Premier League,2024/25,CM,25,2900,61.5,,,89.8,,,,,5.71,,3.66,1.35,62.7,2.87,1.49,6.6,0.84,49.8,,0.24,3.39,1.8,1.43,,,0.11,,,,
Dominik Szoboszlai,Liverpool,Premier League,2025/26,CM,24,2700,61.5,,,86.1,,,,,9.74,,5.77,1.1,64.5,3.85,2.18,5.91,0.8,52.6,,0.06,2.97,1.28,2.05,,,0.21,,,,
Dominik Szoboszlai,Liverpool,Premier League,2024/25,CM,23,2700,61.5,,,82.7,,,,,9.35,,5.54,1.06,61.9,3.7,2.09,5.67,0.77,50.5,,0.06,2.85,1.23,1.97,,,0.2,,,,
Ryan Gravenberch,Liverpool,Premier League,2025/26,CM,22,2500,61.5,,,77.1,,,,,5.38,,3.05,3.09,49.1,2.67,1.18,7.37,1.45,50.6,,0.21,2.01,2.43,0.91,,,0.05,,,,
Ryan Gravenberch,Liverpool,Premier League,2024/25,CM,21,2500,61.5,,,74.0,,,,,5.16,,2.93,2.97,47.1,2.56,1.13,7.08,1.39,48.6,,0.2,1.93,2.33,0.87,,,0.05,,,,
Curtis Jones,Liverpool,Premier League,2025/26,CM,24,1800,61.5,,,84.7,,,,,6.0,,4.11,1.38,70.9,3.81,1.96,7.96,0.88,61.1,,0.23,1.68,1.88,1.33,,,0.14,,,,
Curtis Jones,Liverpool,Premier League,2024/25,CM,23,1800,61.5,,,81.3,,,,,5.76,,3.95,1.32,68.1,3.66,1.88,7.64,0.84,58.7,,0.22,1.61,1.8,1.28,,,0.13,,,,
Harvey Elliott,Liverpool,Premier League,2025/26,CM,21,1600,61.5,,,83.3,,,,,6.01,,7.45,2.16,49.7,4.33,1.68,7.08,1.62,41.7,,0.29,2.84,2.24,0.8,,,0.1,,,,
Harvey Elliott,Liverpool,Premier League,2024/25,CM,20,1600,61.5,,,76.6,,,,,5.53,,6.85,1.99,45.7,3.98,1.55,6.51,1.49,38.4,,0.27,2.61,2.06,0.74,,,0.09,,,,
Wataru Endo,Liverpool,Premier League,2025/26,CM,32,1200,61.5,,,76.3,,,,,6.14,,7.31,2.54,70.6,2.36,2.37,8.46,1.26,64.7,,0.2,2.93,1.3,2.22,,,0.09,,,,
Wataru Endo,Liverpool,Premier League,2024/25,CM,31,1200,61.5,,,80.1,,,,,6.45,,7.68,2.67,74.1,2.48,2.49,8.88,1.32,67.9,,0.21,3.08,1.37,2.33,,,0.09,,,,
Mohamed Salah,Liverpool,Premier League,2025/26,W,32,3000,61.5,,,,,,,,5.85,,,6.45,48.0,1.25,0.45,4.45,,,,0.48,6.25,2.85,,5.85,0.75,0.66,3.95,8.95,4.1,
Mohamed Salah,Liverpool,Premier League,2024/25,W,31,3000,61.5,,,,,,,,6.14,,,6.77,50.4,1.31,0.47,4.67,,,,0.5,6.56,2.99,,6.14,0.79,0.69,4.15,9.4,4.3,
Luis Diaz,Liverpool,Premier League,2025/26,W,28,2600,61.5,,,,,,,,4.2,,,3.71,41.0,2.38,0.94,4.08,,,,0.28,3.02,1.7,,3.66,0.44,0.34,3.66,5.0,1.1,
Luis Diaz,Liverpool,Premier League,2024/25,W,27,2600,61.5,,,,,,,,4.28,,,3.78,41.8,2.43,0.96,4.16,,,,0.29,3.08,1.73,,3.73,0.45,0.35,3.73,5.1,1.12,
Cody Gakpo,Liverpool,Premier League,2025/26,W,25,2200,61.5,,,,,,,,2.22,,,4.12,51.9,1.73,0.55,4.97,,,,0.32,3.88,2.44,,2.82,0.63,0.39,3.5,5.86,3.5,
Cody Gakpo,Liverpool,Premier League,2024/25,W,24,2200,61.5,,,,,,,,2.26,,,4.2,52.9,1.76,0.56,5.07,,,,0.33,3.96,2.49,,2.88,0.64,0.4,3.57,5.98,3.57,
Federico Chiesa,Liverpool,Premier League,2025/26,W,27,1200,61.5,,,,,,,,2.91,,,4.68,48.4,2.09,0.46,3.96,,,,0.27,4.86,1.88,,4.43,0.54,0.31,3.23,5.57,2.13,
Federico Chiesa,Liverpool,Premier League,2024/25,W,26,1200,61.5,,,,,,,,2.97,,,4.77,49.4,2.13,0.47,4.04,,,,0.28,4.96,1.92,,4.52,0.55,0.32,3.29,5.68,2.17,
Darwin Nunez,Liverpool,Premier League,2025/26,ST,25,2400,61.5,,,70.9,,,,,,,,,,0.62,,2.8,,44.6,,0.23,1.78,1.45,,,0.36,0.69,3.9,4.96,0.76,54.0
Darwin Nunez,Liverpool,Premier League,2024/25,ST,24,2400,61.5,,,72.3,,,,,,,,,,0.63,,2.86,,45.5,,0.23,1.82,1.48,,,0.37,0.7,3.98,5.06,0.78,55.1
Diogo Jota,Liverpool,Premier League,2025/26,ST,28,2100,61.5,,,82.5,,,,,,,,,,1.17,,3.88,,29.8,,0.12,2.62,0.69,,,0.77,0.39,4.27,7.04,1.1,35.5
Diogo Jota,Liverpool,Premier League,2024/25,ST,27,2100,61.5,,,84.2,,,,,,,,,,1.19,,3.96,,30.4,,0.12,2.67,0.7,,,0.79,0.4,4.36,7.18,1.12,36.2
Robert Sanchez,Chelsea,Premier League,2025/26,GK,27,2400,58.4,-0.22,70.6,75.3,28.1,1.02,3.4,15.5,,,,,,,,,,,,,,,,,,,,,,
Robert Sanchez,Chelsea,Premier League,2024/25,GK,26,2400,58.4,0.0,72.0,76.8,28.7,1.04,10.0,15.81,,,,,,,,,,,,,,,,,,,,,,
Filip Jorgensen,Chelsea,Premier League,2025/26,GK,22,1200,58.4,0.3,73.0,45.8,38.8,0.82,3.9,17.6,,,,,,,,,,,,,,,,,,,,,,
Filip Jorgensen,Chelsea,Premier League,2024/25,GK,21,1200,58.4,0.29,70.1,44.0,37.2,0.79,10.0,16.9,,,,,,,,,,,,,,,,,,,,,,
Levi Colwill,Chelsea,Premier League,2025/26,CB,22,2800,58.4,,,81.7,,,,,3.33,484.1,3.07,1.22,63.3,3.46,1.35,5.06,1.65,71.2,83.7,,,,,,,,,,,
Levi Colwill,Chelsea,Premier League,2024/25,CB,21,2800,58.4,,,78.4,,,,,3.2,464.74,2.95,1.17,60.8,3.32,1.3,4.86,1.58,68.4,80.4,,,,,,,,,,,
Wesley Fofana,Chelsea,Premier League,2025/26,CB,24,2400,58.4,,,94.3,,,,,4.63,470.3,1.84,1.05,66.1,3.4,1.82,4.22,1.54,77.0,78.8,,,,,,,,,,,
Wesley Fofana,Chelsea,Premier League,2024/25,CB,23,2400,58.4,,,90.5,,,,,4.44,451.49,1.77,1.01,63.5,3.26,1.75,4.05,1.48,73.9,75.6,,,,,,,,,,,
Benoit Badiashile,Chelsea,Premier League,2025/26,CB,23,1800,58.4,,,93.8,,,,,2.83,295.6,4.77,0.8,74.0,2.29,2.35,5.2,2.45,52.2,68.6,,,,,,,,,,,
Benoit Badiashile,Chelsea,Premier League,2024/25,CB,22,1800,58.4,,,90.0,,,,,2.72,283.78,4.58,0.77,71.0,2.2,2.26,4.99,2.35,50.1,65.9,,,,,,,,,,,
Axel Disasi,Chelsea,Premier League,2025/26,CB,26,1500,58.4,,,88.4,,,,,4.19,321.5,1.39,1.01,69.7,2.15,2.98,5.34,1.53,54.1,78.5,,,,,,,,,,,
Axel Disasi,Chelsea,Premier League,2024/25,CB,25,1500,58.4,,,90.2,,,,,4.27,327.93,1.42,1.03,71.1,2.19,3.04,5.45,1.56,55.2,80.1,,,,,,,,,,,
Marc Cucurella,Chelsea,Premier League,2025/26,FB,26,2600,58.4,,,73.2,,,,,3.98,,4.79,2.7,61.0,3.75,2.48,5.21,,58.0,,0.06,2.03,0.82,0.75,0.79,0.27,,,,,
Marc Cucurella,Chelsea,Premier League,2024/25,FB,25,2600,58.4,,,74.7,,,,,4.06,,4.89,2.75,62.2,3.83,2.53,5.31,,59.2,,0.06,2.07,0.84,0.77,0.81,0.28,,,,,
Reece James,Chelsea,Premier League,2025/26,FB,25,1800,58.4,,,80.7,,,,,3.74,,4.91,2.66,62.0,2.96,1.09,4.16,,45.8,,0.16,1.76,0.87,1.62,1.65,0.44,,,,,
Reece James,Chelsea,Premier League,2024/25,FB,24,1800,58.4,,,82.3,,,,,3.81,,5.01,2.71,63.2,3.02,1.11,4.24,,46.7,,0.16,1.8,0.89,1.65,1.68,0.45,,,,,
Malo Gusto,Chelsea,Premier League,2025/26,FB,21,2200,58.4,,,74.6,,,,,6.44,,4.23,3.76,48.0,3.03,1.19,5.95,,61.7,,0.11,2.51,1.89,1.11,0.56,0.26,,,,,
Malo Gusto,Chelsea,Premier League,2024/25,FB,20,2200,58.4,,,68.6,,,,,5.92,,3.89,3.46,44.2,2.79,1.09,5.47,,56.8,,0.1,2.31,1.74,1.02,0.52,0.24,,,,,
Ben Chilwell,Chelsea,Premier League,2025/26,FB,28,800,58.4,,,86.5,,,,,3.0,,2.61,1.3,58.5,3.85,1.42,5.5,,43.9,,0.22,2.95,0.57,0.63,2.4,0.38,,,,,
Ben Chilwell,Chelsea,Premier League,2024/25,FB,27,900,58.4,,,88.2,,,,,3.06,,2.66,1.33,59.7,3.93,1.45,5.61,,44.8,,0.22,3.01,0.58,0.64,2.45,0.39,,,,,
Enzo Fernandez,Chelsea,Premier League,2025/26,CM,24,2900,58.4,,,77.5,,,,,7.32,,4.33,1.04,51.4,3.53,2.41,5.61,1.65,45.7,,0.18,4.05,1.05,1.57,,,0.07,,,,
Enzo Fernandez,Chelsea,Premier League,2024/25,CM,23,2900,58.4,,,74.4,,,,,7.03,,4.16,1.0,49.3,3.39,2.31,5.39,1.58,43.9,,0.17,3.89,1.01,1.51,,,0.07,,,,
Moises Caicedo,Chelsea,Premier League,2025/26,CM,23,3100,58.4,,,82.5,,,,,9.57,,5.61,3.92,54.7,4.29,2.01,5.41,1.92,47.3,,0.24,3.91,1.82,1.35,,,0.11,,,,
Moises Caicedo,Chelsea,Premier League,2024/25,CM,22,3100,58.4,,,79.2,,,,,9.19,,5.39,3.76,52.5,4.12,1.93,5.19,1.84,45.4,,0.23,3.75,1.75,1.3,,,0.11,,,,
Romeo Lavia,Chelsea,Premier League,2025/26,CM,21,1900,58.4,,,89.2,,,,,6.27,,7.55,2.07,48.3,4.41,1.91,8.09,1.28,42.0,,0.09,3.73,1.58,1.88,,,0.22,,,,
Romeo Lavia,Chelsea,Premier League,2024/25,CM,20,1900,58.4,,,82.1,,,,,5.77,,6.95,1.9,44.4,4.06,1.76,7.44,1.18,38.6,,0.08,3.43,1.45,1.73,,,0.2,,,,
Kiernan Dewsbury-Hall,Chelsea,Premier League,2025/26,CM,26,1200,58.4,,,91.3,,,,,9.94,,6.92,1.64,70.6,3.06,1.95,8.57,1.6,45.2,,0.18,3.84,1.07,2.44,,,0.16,,,,
Kiernan Dewsbury-Hall,Chelsea,Premier League,2024/25,CM,25,1200,58.4,,,93.1,,,,,10.14,,7.06,1.67,72.0,3.12,1.99,8.74,1.63,46.1,,0.18,3.92,1.09,2.49,,,0.16,,,,
Cole Palmer,Chelsea,Premier League,2025/26,W,22,3100,58.4,,,,,,,,7.45,,,6.1,58.0,1.65,0.75,4.85,,,,0.48,6.95,3.1,,5.45,0.85,0.56,3.65,6.85,3.45,
Cole Palmer,Chelsea,Premier League,2024/25,W,21,3100,58.4,,,,,,,,7.15,,,5.86,55.7,1.58,0.72,4.66,,,,0.46,6.67,2.98,,5.23,0.82,0.54,3.5,6.58,3.31,
Pedro Neto,Chelsea,Premier League,2025/26,W,24,2200,58.4,,,,,,,,4.21,,,6.9,45.9,1.23,0.94,5.22,,,,0.37,4.99,1.63,,4.98,0.57,0.25,3.7,4.87,1.52,
Pedro Neto,Chelsea,Premier League,2024/25,W,23,2200,58.4,,,,,,,,4.04,,,6.62,44.1,1.18,0.9,5.01,,,,0.36,4.79,1.56,,4.78,0.55,0.24,3.55,4.68,1.46,
Noni Madueke,Chelsea,Premier League,2025/26,W,22,2100,58.4,,,,,,,,3.73,,,5.92,39.5,1.0,1.35,4.32,,,,0.35,3.69,2.36,,3.11,0.64,0.26,1.8,5.68,3.12,
Noni Madueke,Chelsea,Premier League,2024/25,W,21,2100,58.4,,,,,,,,3.58,,,5.68,37.9,0.96,1.3,4.15,,,,0.34,3.54,2.27,,2.99,0.61,0.25,1.73,5.45,3.0,
Jadon Sancho,Chelsea,Premier League,2025/26,W,24,1800,58.4,,,,,,,,4.82,,,3.77,57.4,1.05,1.22,3.31,,,,0.26,4.6,1.13,,6.8,0.45,0.45,3.08,3.55,3.37,
Jadon Sancho,Chelsea,Premier League,2024/25,W,23,1800,58.4,,,,,,,,4.63,,,3.62,55.1,1.01,1.17,3.18,,,,0.25,4.42,1.08,,6.53,0.43,0.43,2.96,3.41,3.24,
Mykhailo Mudryk,Chelsea,Premier League,2025/26,W,24,1500,58.4,,,,,,,,5.55,,,5.66,51.7,2.4,0.48,4.49,,,,0.25,3.81,2.99,,3.36,0.22,0.26,3.81,6.7,1.44,
Mykhailo Mudryk,Chelsea,Premier League,2024/25,W,23,1500,58.4,,,,,,,,5.33,,,5.43,49.6,2.3,0.46,4.31,,,,0.24,3.66,2.87,,3.23,0.21,0.25,3.66,6.43,1.38,
Nicolas Jackson,Chelsea,Premier League,2025/26,ST,23,2800,58.4,,,80.9,,,,,,,,,,0.81,,3.49,,48.1,,0.06,2.58,1.69,,,0.41,0.47,3.83,8.41,1.87,54.7
Nicolas Jackson,Chelsea,Premier League,2024/25,ST,22,2800,58.4,,,77.7,,,,,,,,,,0.78,,3.35,,46.2,,0.06,2.48,1.62,,,0.39,0.45,3.68,8.07,1.8,52.5
Christopher Nkunku,Chelsea,Premier League,2025/26,ST,27,2000,58.4,,,66.8,,,,,,,,,,0.91,,3.51,,57.3,,0.16,3.17,1.32,,,0.41,0.45,2.22,5.56,1.51,35.0
Christopher Nkunku,Chelsea,Premier League,2024/25,ST,26,2000,58.4,,,68.1,,,,,,,,,,0.93,,3.58,,58.4,,0.16,3.23,1.35,,,0.42,0.46,2.26,5.67,1.54,35.7
Joao Felix,Chelsea,Premier League,2025/26,ST,25,1600,58.4,,,66.9,,,,,,,,,,0.56,,1.58,,34.4,,0.08,1.74,1.41,,,0.58,0.37,3.27,8.83,0.97,40.3
Joao Felix,Chelsea,Premier League,2024/25,ST,24,1600,58.4,,,68.2,,,,,,,,,,0.57,,1.61,,35.1,,0.08,1.77,1.44,,,0.59,0.38,3.34,9.01,0.99,41.1
Guglielmo Vicario,Tottenham,Premier League,2025/26,GK,28,3300,60.1,0.28,72.0,68.8,28.8,0.95,3.2,13.3,,,,,,,,,,,,,,,,,,,,,,
Guglielmo Vicario,Tottenham,Premier League,2024/25,GK,27,3300,60.1,0.29,73.4,70.2,29.4,0.97,10.0,13.57,,,,,,,,,,,,,,,,,,,,,,
Fraser Forster,Tottenham,Premier League,2025/26,GK,36,300,60.1,-0.12,77.3,64.6,28.4,0.67,5.5,15.6,,,,,,,,,,,,,,,,,,,,,,
Fraser Forster,Tottenham,Premier League,2024/25,GK,35,900,60.1,0.0,81.2,67.8,29.8,0.7,10.0,16.38,,,,,,,,,,,,,,,,,,,,,,
Cristian Romero,Tottenham,Premier League,2025/26,CB,26,3100,60.1,,,90.5,,,,,5.18,268.0,3.09,0.23,51.9,1.84,2.19,5.04,1.87,64.0,63.3,,,,,,,,,,,
Cristian Romero,Tottenham,Premier League,2024/25,CB,25,3100,60.1,,,92.3,,,,,5.28,273.36,3.15,0.23,52.9,1.88,2.23,5.14,1.91,65.3,64.6,,,,,,,,,,,
Micky van de Ven,Tottenham,Premier League,2025/26,CB,23,2900,60.1,,,79.1,,,,,3.28,252.6,2.44,1.06,58.6,1.46,1.76,5.4,2.11,56.7,57.4,,,,,,,,,,,
Micky van de Ven,Tottenham,Premier League,2024/25,CB,22,2900,60.1,,,75.9,,,,,3.15,242.5,2.34,1.02,56.3,1.4,1.69,5.18,2.03,54.4,55.1,,,,,,,,,,,
Radu Dragusin,Tottenham,Premier League,2025/26,CB,23,1500,60.1,,,86.8,,,,,5.16,384.1,4.36,1.03,69.8,3.23,2.92,5.88,2.04,72.3,80.9,,,,,,,,,,,
Radu Dragusin,Tottenham,Premier League,2024/25,CB,22,1500,60.1,,,83.3,,,,,4.95,368.74,4.19,0.99,67.0,3.1,2.8,5.64,1.96,69.4,77.7,,,,,,,,,,,
Pedro Porro,Tottenham,Premier League,2025/26,FB,25,3100,60.1,,,75.7,,,,,7.4,,5.5,1.16,46.0,1.76,2.18,4.18,,57.2,,0.22,2.82,1.63,0.75,1.07,0.19,,,,,
Pedro Porro,Tottenham,Premier League,2024/25,FB,24,3100,60.1,,,77.2,,,,,7.55,,5.61,1.18,46.9,1.8,2.22,4.26,,58.3,,0.22,2.88,1.66,0.77,1.09,0.19,,,,,
Destiny Udogie,Tottenham,Premier League,2025/26,FB,22,2900,60.1,,,82.3,,,,,4.71,,5.6,3.69,66.3,2.2,1.58,4.96,,55.0,,0.25,2.68,1.58,2.48,2.27,0.33,,,,,
Destiny Udogie,Tottenham,Premier League,2024/25,FB,21,2900,60.1,,,79.0,,,,,4.52,,5.38,3.54,63.6,2.11,1.52,4.76,,52.8,,0.24,2.57,1.52,2.38,2.18,0.32,,,,,
Djed Spence,Tottenham,Premier League,2025/26,FB,24,1100,60.1,,,79.4,,,,,4.64,,5.05,1.2,63.0,2.51,1.27,6.48,,51.8,,0.06,2.35,1.41,2.36,1.66,0.21,,,,,
Djed Spence,Tottenham,Premier League,2024/25,FB,23,1100,60.1,,,76.2,,,,,4.45,,4.85,1.15,60.5,2.41,1.22,6.22,,49.7,,0.06,2.26,1.35,2.27,1.59,0.2,,,,,
Ben Davies,Tottenham,Premier League,2025/26,FB,31,1000,60.1,,,74.4,,,,,6.77,,4.65,1.17,40.6,1.56,1.38,7.16,,43.0,,0.25,1.27,1.31,1.28,2.1,0.53,,,,,
Ben Davies,Tottenham,Premier League,2024/25,FB,30,1000,60.1,,,78.1,,,,,7.11,,4.88,1.23,42.6,1.64,1.45,7.52,,45.1,,0.26,1.33,1.38,1.34,2.21,0.56,,,,,
James Maddison,Tottenham,Premier League,2025/26,CM,28,2800,60.1,,,78.9,,,,,9.62,,7.46,2.36,59.7,4.01,1.52,5.64,1.88,52.3,,0.17,2.96,2.34,0.57,,,0.09,,,,
James Maddison,Tottenham,Premier League,2024/25,CM,27,2800,60.1,,,80.5,,,,,9.81,,7.61,2.41,60.9,4.09,1.55,5.75,1.92,53.3,,0.17,3.02,2.39,0.58,,,0.09,,,,
Yves Bissouma,Tottenham,Premier League,2025/26,CM,28,2500,60.1,,,83.3,,,,,5.28,,7.0,1.44,50.1,2.57,2.38,6.31,1.73,50.2,,0.2,3.88,0.91,2.01,,,0.07,,,,
Yves Bissouma,Tottenham,Premier League,2024/25,CM,27,2500,60.1,,,85.0,,,,,5.39,,7.14,1.47,51.1,2.62,2.43,6.44,1.76,51.2,,0.2,3.96,0.93,2.05,,,0.07,,,,
Pape Matar Sarr,Tottenham,Premier League,2025/26,CM,22,2400,60.1,,,84.1,,,,,7.57,,7.47,3.92,55.5,2.14,1.39,8.26,1.15,62.1,,0.29,2.47,1.27,1.08,,,0.14,,,,
Pape Matar Sarr,Tottenham,Premier League,2024/25,CM,21,2400,60.1,,,80.7,,,,,7.27,,7.17,3.76,53.3,2.05,1.33,7.93,1.1,59.6,,0.28,2.37,1.22,1.04,,,0.13,,,,
Rodrigo Bentancur,Tottenham,Premier League,2025/26,CM,27,2100,60.1,,,89.3,,,,,4.89,,3.45,2.47,63.1,2.11,1.25,7.41,1.21,44.2,,0.2,1.93,2.34,2.12,,,0.08,,,,
Rodrigo Bentancur,Tottenham,Premier League,2024/25,CM,26,2100,60.1,,,91.1,,,,,4.99,,3.52,2.52,64.4,2.15,1.27,7.56,1.23,45.1,,0.2,1.97,2.39,2.16,,,0.08,,,,
Lucas Bergvall,Tottenham,Premier League,2025/26,CM,19,1000,60.1,,,83.9,,,,,7.35,,7.86,3.13,45.1,3.73,1.97,5.19,1.11,41.6,,0.06,3.31,2.18,1.19,,,0.22,,,,
Lucas Bergvall,Tottenham,Premier League,2024/25,CM,18,900,60.1,,,77.2,,,,,6.76,,7.23,2.88,41.5,3.43,1.81,4.77,1.02,38.3,,0.06,3.05,2.01,1.09,,,0.2,,,,
Son Heung-min,Tottenham,Premier League,2025/26,W,32,3000,60.1,,,,,,,,4.7,,,4.54,63.0,1.77,1.47,5.38,,,,0.23,3.15,2.37,,2.58,0.32,0.4,1.54,4.08,2.94,
Son Heung-min,Tottenham,Premier League,2024/25,W,31,3000,60.1,,,,,,,,4.94,,,4.77,66.2,1.86,1.54,5.65,,,,0.24,3.31,2.49,,2.71,0.34,0.42,1.62,4.28,3.09,
Dejan Kulusevski,Tottenham,Premier League,2025/26,W,24,2700,60.1,,,,,,,,3.85,,,3.13,41.7,1.4,0.55,4.72,,,,0.39,3.2,1.96,,6.4,0.63,0.27,2.63,5.38,2.09,
Dejan Kulusevski,Tottenham,Premier League,2024/25,W,23,2700,60.1,,,,,,,,3.7,,,3.0,40.0,1.34,0.53,4.53,,,,0.37,3.07,1.88,,6.14,0.6,0.26,2.52,5.16,2.01,
Brennan Johnson,Tottenham,Premier League,2025/26,W,23,2500,60.1,,,,,,,,3.38,,,6.19,62.6,2.4,0.93,3.73,,,,0.25,4.1,1.17,,4.1,0.41,0.36,3.27,4.06,1.94,
Brennan Johnson,Tottenham,Premier League,2024/25,W,22,2500,60.1,,,,,,,,3.24,,,5.94,60.1,2.3,0.89,3.58,,,,0.24,3.94,1.12,,3.94,0.39,0.35,3.14,3.9,1.86,
Timo Werner,Tottenham,Premier League,2025/26,W,28,1400,60.1,,,,,,,,4.91,,,3.78,43.3,1.59,0.94,4.28,,,,0.16,5.48,2.94,,3.62,0.88,0.27,3.0,6.46,2.75,
Timo Werner,Tottenham,Premier League,2024/25,W,27,1400,60.1,,,,,,,,5.01,,,3.86,44.2,1.62,0.96,4.37,,,,0.16,5.59,3.0,,3.69,0.9,0.28,3.06,6.59,2.81,
Wilson Odobert,Tottenham,Premier League,2025/26,W,20,1100,60.1,,,,,,,,2.46,,,6.47,37.1,2.37,0.4,4.04,,,,0.32,4.66,1.43,,4.75,0.91,0.38,3.22,5.05,1.95,
Wilson Odobert,Tottenham,Premier League,2024/25,W,19,935,60.1,,,,,,,,2.26,,,5.95,34.1,2.18,0.37,3.72,,,,0.29,4.29,1.32,,4.37,0.84,0.35,2.96,4.65,1.79,
Dominic Solanke,Tottenham,Premier League,2025/26,ST,27,2800,60.1,,,74.8,,,,,,,,,,1.08,,3.91,,33.8,,0.11,2.3,1.91,,,0.11,0.5,2.02,5.78,1.58,47.1
Dominic Solanke,Tottenham,Premier League,2024/25,ST,26,2800,60.1,,,76.3,,,,,,,,,,1.1,,3.99,,34.5,,0.11,2.35,1.95,,,0.11,0.51,2.06,5.9,1.61,48.0
Richarlison,Tottenham,Premier League,2025/26,ST,27,1500,60.1,,,77.4,,,,,,,,,,0.98,,3.19,,46.3,,0.18,2.82,1.46,,,0.7,0.31,3.4,7.39,1.81,41.5
Richarlison,Tottenham,Premier League,2024/25,ST,26,1500,60.1,,,78.9,,,,,,,,,,1.0,,3.25,,47.2,,0.18,2.88,1.49,,,0.71,0.32,3.47,7.54,1.85,42.3
Emiliano Martinez,Aston Villa,Premier League,2025/26,GK,32,3300,53.2,-0.23,63.9,68.6,38.3,1.64,9.0,13.1,,,,,,,,,,,,,,,,,,,,,,
Emiliano Martinez,Aston Villa,Premier League,2024/25,GK,31,3300,53.2,0.0,67.1,72.0,40.2,1.72,10.0,13.76,,,,,,,,,,,,,,,,,,,,,,
Robin Olsen,Aston Villa,Premier League,2025/26,GK,35,300,53.2,-0.27,66.6,50.0,35.4,2.15,3.4,12.2,,,,,,,,,,,,,,,,,,,,,,
Robin Olsen,Aston Villa,Premier League,2024/25,GK,34,900,53.2,0.0,69.9,52.5,37.2,2.26,10.0,12.81,,,,,,,,,,,,,,,,,,,,,,
Pau Torres,Aston Villa,Premier League,2025/26,CB,28,3000,53.2,,,94.8,,,,,2.12,301.4,3.8,1.08,75.1,2.95,2.64,5.64,1.22,79.3,56.3,,,,,,,,,,,
Pau Torres,Aston Villa,Premier League,2024/25,CB,27,3000,53.2,,,96.7,,,,,2.16,307.43,3.88,1.1,76.6,3.01,2.69,5.75,1.24,80.9,57.4,,,,,,,,,,,
Ezri Konsa,Aston Villa,Premier League,2025/26,CB,27,3100,53.2,,,93.6,,,,,3.53,330.8,4.82,0.32,43.8,2.89,1.62,4.1,0.89,76.6,60.4,,,,,,,,,,,
Ezri Konsa,Aston Villa,Premier League,2024/25,CB,26,3100,53.2,,,95.5,,,,,3.6,337.42,4.92,0.33,44.7,2.95,1.65,4.18,0.91,78.1,61.6,,,,,,,,,,,
Diego Carlos,Aston Villa,Premier League,2025/26,CB,31,2000,53.2,,,94.9,,,,,5.03,205.6,3.94,0.75,41.2,2.81,2.92,6.94,1.41,61.0,83.7,,,,,,,,,,,
Diego Carlos,Aston Villa,Premier League,2024/25,CB,30,2000,53.2,,,99.0,,,,,5.28,215.88,4.14,0.79,43.3,2.95,3.07,7.29,1.48,64.0,87.9,,,,,,,,,,,
Tyrone Mings,Aston Villa,Premier League,2025/26,CB,31,1000,53.2,,,77.3,,,,,5.07,271.1,4.42,0.64,71.7,2.67,1.59,4.9,1.28,72.3,56.3,,,,,,,,,,,
Tyrone Mings,Aston Villa,Premier League,2024/25,CB,30,1000,53.2,,,81.2,,,,,5.32,284.66,4.64,0.67,75.3,2.8,1.67,5.15,1.34,75.9,59.1,,,,,,,,,,,
Lucas Digne,Aston Villa,Premier League,2025/26,FB,31,2500,53.2,,,78.0,,,,,7.28,,3.5,1.05,61.6,3.96,2.49,4.04,,43.6,,0.15,2.39,1.54,1.1,2.97,0.52,,,,,
Lucas Digne,Aston Villa,Premier League,2024/25,FB,30,2500,53.2,,,81.9,,,,,7.64,,3.68,1.1,64.7,4.16,2.61,4.24,,45.8,,0.16,2.51,1.62,1.16,3.12,0.55,,,,,
Matty Cash,Aston Villa,Premier League,2025/26,FB,27,2400,53.2,,,81.3,,,,,3.34,,2.26,1.64,63.0,2.44,1.45,6.19,,58.1,,0.06,2.76,1.09,1.26,0.59,0.41,,,,,
Matty Cash,Aston Villa,Premier League,2024/25,FB,26,2400,53.2,,,82.9,,,,,3.41,,2.31,1.67,64.3,2.49,1.48,6.31,,59.3,,0.06,2.82,1.11,1.29,0.6,0.42,,,,,
Ian Maatsen,Aston Villa,Premier League,2025/26,FB,22,1800,53.2,,,80.6,,,,,7.17,,5.5,3.98,47.1,1.74,2.4,6.13,,62.1,,0.23,3.16,0.65,1.28,0.96,0.22,,,,,
Ian Maatsen,Aston Villa,Premier League,2024/25,FB,21,1800,53.2,,,77.4,,,,,6.88,,5.28,3.82,45.2,1.67,2.3,5.88,,59.6,,0.22,3.03,0.62,1.23,0.92,0.21,,,,,
John McGinn,Aston Villa,Premier League,2025/26,CM,30,2900,53.2,,,86.6,,,,,6.47,,7.91,3.35,58.0,3.29,1.05,7.58,1.83,57.8,,0.11,3.73,0.99,1.9,,,0.11,,,,
John McGinn,Aston Villa,Premier League,2024/25,CM,29,2900,53.2,,,88.3,,,,,6.6,,8.07,3.42,59.2,3.36,1.07,7.73,1.87,59.0,,0.11,3.8,1.01,1.94,,,0.11,,,,
Youri Tielemans,Aston Villa,Premier League,2025/26,CM,27,2800,53.2,,,77.8,,,,,7.46,,7.53,2.98,58.5,3.0,2.48,7.52,1.87,62.9,,0.06,3.53,1.86,1.13,,,0.2,,,,
Youri Tielemans,Aston Villa,Premier League,2024/25,CM,26,2800,53.2,,,79.4,,,,,7.61,,7.68,3.04,59.7,3.06,2.53,7.67,1.91,64.2,,0.06,3.6,1.9,1.15,,,0.2,,,,
Amadou Onana,Aston Villa,Premier League,2025/26,CM,23,2700,53.2,,,83.6,,,,,5.25,,3.84,1.38,66.8,2.81,1.6,5.83,1.75,50.0,,0.09,3.95,1.34,1.63,,,0.09,,,,
Amadou Onana,Aston Villa,Premier League,2024/25,CM,22,2700,53.2,,,80.3,,,,,5.04,,3.69,1.32,64.1,2.7,1.54,5.6,1.68,48.0,,0.09,3.79,1.29,1.56,,,0.09,,,,
Boubacar Kamara,Aston Villa,Premier League,2025/26,CM,25,1800,53.2,,,88.9,,,,,4.12,,4.3,2.92,66.6,3.54,2.5,8.24,1.94,63.6,,0.09,4.06,0.84,1.75,,,0.23,,,,
Boubacar Kamara,Aston Villa,Premier League,2024/25,CM,24,1800,53.2,,,90.7,,,,,4.2,,4.39,2.98,67.9,3.61,2.55,8.4,1.98,64.9,,0.09,4.14,0.86,1.79,,,0.23,,,,
Ross Barkley,Aston Villa,Premier League,2025/26,CM,31,1200,53.2,,,86.5,,,,,8.17,,5.31,2.78,60.6,2.71,1.74,8.3,1.97,57.1,,0.19,2.32,1.58,1.01,,,0.13,,,,
Ross Barkley,Aston Villa,Premier League,2024/25,CM,30,1200,53.2,,,90.8,,,,,8.58,,5.58,2.92,63.6,2.85,1.83,8.72,2.07,60.0,,0.2,2.44,1.66,1.06,,,0.14,,,,
Leon Bailey,Aston Villa,Premier League,2025/26,W,27,2500,53.2,,,,,,,,2.62,,,5.45,56.1,2.38,1.43,4.29,,,,0.18,3.13,2.74,,3.0,0.91,0.44,2.82,7.37,3.35,
Leon Bailey,Aston Villa,Premier League,2024/25,W,26,2500,53.2,,,,,,,,2.67,,,5.56,57.2,2.43,1.46,4.38,,,,0.18,3.19,2.79,,3.06,0.93,0.45,2.88,7.52,3.42,
Morgan Rogers,Aston Villa,Premier League,2025/26,W,22,2200,53.2,,,,,,,,5.83,,,5.81,37.9,2.41,1.2,3.95,,,,0.16,5.14,1.62,,6.72,0.51,0.28,1.62,7.38,3.06,
Morgan Rogers,Aston Villa,Premier League,2024/25,W,21,2200,53.2,,,,,,,,5.6,,,5.58,36.4,2.31,1.15,3.79,,,,0.15,4.93,1.56,,6.45,0.49,0.27,1.56,7.08,2.94,
Jacob Ramsey,Aston Villa,Premier League,2025/26,W,23,2100,53.2,,,,,,,,4.07,,,3.81,36.5,1.77,0.41,3.38,,,,0.2,2.55,1.64,,2.92,0.82,0.26,3.05,4.86,3.31,
Jacob Ramsey,Aston Villa,Premier League,2024/25,W,22,2100,53.2,,,,,,,,3.91,,,3.66,35.0,1.7,0.39,3.24,,,,0.19,2.45,1.57,,2.8,0.79,0.25,2.93,4.67,3.18,
Jaden Philogene,Aston Villa,Premier League,2025/26,W,23,1400,53.2,,,,,,,,2.94,,,5.62,64.5,1.62,0.68,3.81,,,,0.33,4.09,1.81,,5.65,0.88,0.22,2.92,5.67,3.48,
Jaden Philogene,Aston Villa,Premier League,2024/25,W,22,1400,53.2,,,,,,,,2.82,,,5.4,61.9,1.56,0.65,3.66,,,,0.32,3.93,1.74,,5.42,0.84,0.21,2.8,5.44,3.34,
Ollie Watkins,Aston Villa,Premier League,2025/26,ST,29,3200,53.2,,,80.8,,,,,,,,,,1.06,,2.59,,41.1,,0.17,3.13,1.98,,,0.56,0.31,2.72,6.29,0.67,43.1
Ollie Watkins,Aston Villa,Premier League,2024/25,ST,28,3200,53.2,,,82.4,,,,,,,,,,1.08,,2.64,,41.9,,0.17,3.19,2.02,,,0.57,0.32,2.77,6.42,0.68,44.0
Jhon Duran,Aston Villa,Premier League,2025/26,ST,21,1500,53.2,,,73.2,,,,,,,,,,1.37,,1.51,,32.1,,0.11,2.68,1.34,,,0.44,0.46,3.75,4.02,1.54,38.9
Jhon Duran,Aston Villa,Premier League,2024/25,ST,20,1500,53.2,,,67.3,,,,,,,,,,1.26,,1.39,,29.5,,0.1,2.47,1.23,,,0.4,0.42,3.45,3.7,1.42,35.8
Manuel Neuer,Bayern Munich,Bundesliga,2025/26,GK,38,2966,63.5,-0.29,76.3,71.0,46.6,2.38,4.2,12.7,,,,,,,,,,,,,,,,,,,,,,
Manuel Neuer,Bayern Munich,Bundesliga,2024/25,GK,37,2966,63.5,0.0,80.1,74.5,48.9,2.5,10.0,13.33,,,,,,,,,,,,,,,,,,,,,,
Sven Ulreich,Bayern Munich,Bundesliga,2025/26,GK,36,1238,63.5,0.22,63.1,70.6,35.3,1.19,9.2,17.1,,,,,,,,,,,,,,,,,,,,,,
Sven Ulreich,Bayern Munich,Bundesliga,2024/25,GK,35,1238,63.5,0.23,66.3,74.1,37.1,1.25,10.0,17.96,,,,,,,,,,,,,,,,,,,,,,
Dayot Upamecano,Bayern Munich,Bundesliga,2025/26,CB,26,2870,63.5,,,83.3,,,,,5.62,411.5,1.92,1.14,58.3,1.01,2.16,6.23,1.39,69.8,71.0,,,,,,,,,,,
Dayot Upamecano,Bayern Munich,Bundesliga,2024/25,CB,25,2870,63.5,,,85.0,,,,,5.73,419.73,1.96,1.16,59.5,1.03,2.2,6.35,1.42,71.2,72.4,,,,,,,,,,,
Kim Min-jae,Bayern Munich,Bundesliga,2025/26,CB,28,2551,63.5,,,84.5,,,,,2.45,436.3,4.61,0.72,51.1,1.74,1.83,5.5,1.06,62.3,78.7,,,,,,,,,,,
Kim Min-jae,Bayern Munich,Bundesliga,2024/25,CB,27,2551,63.5,,,86.2,,,,,2.5,445.03,4.7,0.73,52.1,1.77,1.87,5.61,1.08,63.5,80.3,,,,,,,,,,,
Eric Dier,Bayern Munich,Bundesliga,2025/26,CB,30,963,63.5,,,90.3,,,,,2.84,262.4,1.96,1.67,76.5,1.81,1.93,4.54,2.39,72.3,79.5,,,,,,,,,,,
Eric Dier,Bayern Munich,Bundesliga,2024/25,CB,29,963,63.5,,,92.1,,,,,2.9,267.65,2.0,1.7,78.0,1.85,1.97,4.63,2.44,73.7,81.1,,,,,,,,,,,
Hiroki Ito,Bayern Munich,Bundesliga,2025/26,CB,25,1525,63.5,,,90.0,,,,,2.1,384.1,2.99,1.9,74.1,2.73,2.22,4.93,2.18,57.2,77.4,,,,,,,,,,,
Hiroki Ito,Bayern Munich,Bundesliga,2024/25,CB,24,1525,63.5,,,91.8,,,,,2.14,391.78,3.05,1.94,75.6,2.78,2.26,5.03,2.22,58.3,78.9,,,,,,,,,,,
Alphonso Davies,Bayern Munich,Bundesliga,2025/26,FB,24,2727,63.5,,,84.3,,,,,3.91,,2.58,1.56,65.9,3.43,1.42,6.42,,64.5,,0.09,3.13,1.44,1.11,1.98,0.3,,,,,
Alphonso Davies,Bayern Munich,Bundesliga,2024/25,FB,23,2727,63.5,,,80.9,,,,,3.75,,2.48,1.5,63.3,3.29,1.36,6.16,,61.9,,0.09,3.0,1.38,1.07,1.9,0.29,,,,,
Raphael Guerreiro,Bayern Munich,Bundesliga,2025/26,FB,31,2996,63.5,,,80.5,,,,,6.93,,3.79,1.6,63.6,2.37,2.48,4.85,,44.8,,0.12,1.56,2.03,1.02,2.04,0.55,,,,,
Raphael Guerreiro,Bayern Munich,Bundesliga,2024/25,FB,30,2996,63.5,,,84.5,,,,,7.28,,3.98,1.68,66.8,2.49,2.6,5.09,,47.0,,0.13,1.64,2.13,1.07,2.14,0.58,,,,,
Sacha Boey,Bayern Munich,Bundesliga,2025/26,FB,24,981,63.5,,,82.9,,,,,5.97,,3.09,3.18,59.9,2.16,1.47,7.04,,47.5,,0.19,1.5,2.1,1.58,1.21,0.46,,,,,
Sacha Boey,Bayern Munich,Bundesliga,2024/25,FB,23,981,63.5,,,79.6,,,,,5.73,,2.97,3.05,57.5,2.07,1.41,6.76,,45.6,,0.18,1.44,2.02,1.52,1.16,0.44,,,,,
Josip Stanisic,Bayern Munich,Bundesliga,2025/26,FB,24,2066,63.5,,,73.5,,,,,5.66,,4.24,2.45,57.1,2.31,2.25,5.41,,59.6,,0.18,2.15,1.78,1.61,1.52,0.21,,,,,
Josip Stanisic,Bayern Munich,Bundesliga,2024/25,FB,23,2066,63.5,,,70.6,,,,,5.43,,4.07,2.35,54.8,2.22,2.16,5.19,,57.2,,0.17,2.06,1.71,1.55,1.46,0.2,,,,,
Joshua Kimmich,Bayern Munich,Bundesliga,2025/26,CM,29,2119,63.5,,,86.9,,,,,4.85,,5.06,1.21,64.0,2.34,2.23,8.0,1.61,45.6,,0.14,2.14,1.6,2.3,,,0.08,,,,
Joshua Kimmich,Bayern Munich,Bundesliga,2024/25,CM,28,2119,63.5,,,88.6,,,,,4.95,,5.16,1.23,65.3,2.39,2.27,8.16,1.64,46.5,,0.14,2.18,1.63,2.35,,,0.08,,,,
Leon Goretzka,Bayern Munich,Bundesliga,2025/26,CM,29,1615,63.5,,,81.8,,,,,8.43,,5.87,2.44,56.5,2.5,1.22,7.75,1.87,61.5,,0.06,4.45,1.84,2.04,,,0.04,,,,
Leon Goretzka,Bayern Munich,Bundesliga,2024/25,CM,28,1615,63.5,,,83.4,,,,,8.6,,5.99,2.49,57.6,2.55,1.24,7.91,1.91,62.7,,0.06,4.54,1.88,2.08,,,0.04,,,,
Konrad Laimer,Bayern Munich,Bundesliga,2025/26,CM,27,1236,63.5,,,83.4,,,,,8.59,,3.53,1.3,58.9,2.83,1.84,6.27,1.71,51.1,,0.09,3.91,1.98,1.43,,,0.12,,,,
Konrad Laimer,Bayern Munich,Bundesliga,2024/25,CM,26,1236,63.5,,,85.1,,,,,8.76,,3.6,1.33,60.1,2.89,1.88,6.4,1.74,52.1,,0.09,3.99,2.02,1.46,,,0.12,,,,
Aleksandar Pavlovic,Bayern Munich,Bundesliga,2025/26,CM,20,2867,63.5,,,81.8,,,,,7.76,,4.11,3.1,68.3,2.71,1.36,6.76,1.66,45.9,,0.23,2.84,1.07,2.22,,,0.08,,,,
Aleksandar Pavlovic,Bayern Munich,Bundesliga,2024/25,CM,19,2436,63.5,,,75.3,,,,,7.14,,3.78,2.85,62.8,2.49,1.25,6.22,1.53,42.2,,0.21,2.61,0.98,2.04,,,0.07,,,,
Joao Palhinha,Bayern Munich,Bundesliga,2025/26,CM,29,2175,63.5,,,85.6,,,,,4.32,,5.17,2.02,57.5,2.02,1.63,8.62,1.5,57.4,,0.16,1.92,1.19,1.89,,,0.06,,,,
Joao Palhinha,Bayern Munich,Bundesliga,2024/25,CM,28,2175,63.5,,,87.3,,,,,4.41,,5.27,2.06,58.6,2.06,1.66,8.79,1.53,58.5,,0.16,1.96,1.21,1.93,,,0.06,,,,
Jamal Musiala,Bayern Munich,Bundesliga,2025/26,W,21,3158,63.5,,,,,,,,6.1,,,8.85,65.5,1.95,0.75,5.85,,,,0.38,6.85,2.65,,9.15,1.1,0.52,3.45,8.65,4.95,
Jamal Musiala,Bayern Munich,Bundesliga,2024/25,W,20,3158,63.5,,,,,,,,5.61,,,8.14,60.3,1.79,0.69,5.38,,,,0.35,6.3,2.44,,8.42,1.01,0.48,3.17,7.96,4.55,
Leroy Sane,Bayern Munich,Bundesliga,2025/26,W,28,2456,63.5,,,,,,,,2.34,,,5.65,54.8,0.86,0.76,3.98,,,,0.32,5.26,2.56,,7.53,0.71,0.37,3.46,5.14,2.07,
Leroy Sane,Bayern Munich,Bundesliga,2024/25,W,27,2456,63.5,,,,,,,,2.39,,,5.76,55.9,0.88,0.78,4.06,,,,0.33,5.37,2.61,,7.68,0.72,0.38,3.53,5.24,2.11,
Serge Gnabry,Bayern Munich,Bundesliga,2025/26,W,29,2182,63.5,,,,,,,,6.0,,,5.16,40.5,2.06,1.15,5.26,,,,0.23,4.76,2.17,,3.41,1.15,0.38,3.16,4.01,1.87,
Serge Gnabry,Bayern Munich,Bundesliga,2024/25,W,28,2182,63.5,,,,,,,,6.12,,,5.26,41.3,2.1,1.17,5.37,,,,0.23,4.86,2.21,,3.48,1.17,0.39,3.22,4.09,1.91,
Kingsley Coman,Bayern Munich,Bundesliga,2025/26,W,28,1616,63.5,,,,,,,,3.48,,,4.02,51.6,1.94,1.28,3.49,,,,0.27,3.22,2.73,,7.74,0.58,0.4,2.45,3.46,2.51,
Kingsley Coman,Bayern Munich,Bundesliga,2024/25,W,27,1616,63.5,,,,,,,,3.55,,,4.1,52.6,1.98,1.31,3.56,,,,0.28,3.28,2.78,,7.89,0.59,0.41,2.5,3.53,2.56,
Michael Olise,Bayern Munich,Bundesliga,2025/26,W,23,3170,63.5,,,,,,,,4.51,,,5.76,41.9,2.2,1.1,3.36,,,,0.21,4.53,2.39,,6.58,1.19,0.16,3.42,4.59,1.25,
Michael Olise,Bayern Munich,Bundesliga,2024/25,W,22,3170,63.5,,,,,,,,4.33,,,5.53,40.2,2.11,1.06,3.23,,,,0.2,4.35,2.29,,6.32,1.14,0.15,3.28,4.41,1.2,
Harry Kane,Bayern Munich,Bundesliga,2025/26,ST,31,968,63.5,,,79.5,,,,,,,,,,0.85,,3.65,,54.0,,0.36,4.85,2.2,,,0.65,0.84,4.35,7.85,1.95,52.5
Harry Kane,Bayern Munich,Bundesliga,2024/25,ST,30,968,63.5,,,83.5,,,,,,,,,,0.89,,3.83,,56.7,,0.38,5.09,2.31,,,0.68,0.88,4.57,8.24,2.05,55.1
Mathys Tel,Bayern Munich,Bundesliga,2025/26,ST,19,2937,63.5,,,77.0,,,,,,,,,,0.74,,3.26,,47.1,,0.14,2.96,0.9,,,0.25,0.78,3.04,6.15,1.75,51.2
Mathys Tel,Bayern Munich,Bundesliga,2024/25,ST,18,2496,63.5,,,70.8,,,,,,,,,,0.68,,3.0,,43.3,,0.13,2.72,0.83,,,0.23,0.72,2.8,5.66,1.61,47.1
Thomas Muller,Bayern Munich,Bundesliga,2025/26,W,35,2703,63.5,,,,,,,,3.12,,,4.03,48.9,1.61,1.02,3.57,,,,0.28,3.51,2.58,,5.44,0.52,0.32,2.49,4.3,2.49,
Thomas Muller,Bayern Munich,Bundesliga,2024/25,W,34,2703,63.5,,,,,,,,3.28,,,4.23,51.3,1.69,1.07,3.75,,,,0.29,3.69,2.71,,5.71,0.55,0.34,2.61,4.51,2.61,
Lukas Hradecky,Bayer Leverkusen,Bundesliga,2025/26,GK,35,1256,61.2,-0.28,65.5,69.5,48.4,1.85,11.0,12.5,,,,,,,,,,,,,,,,,,,,,,
Lukas Hradecky,Bayer Leverkusen,Bundesliga,2024/25,GK,34,1256,61.2,0.0,68.8,73.0,50.8,1.94,11.6,13.12,,,,,,,,,,,,,,,,,,,,,,
Matej Kovar,Bayer Leverkusen,Bundesliga,2025/26,GK,24,2528,61.2,-0.28,61.9,69.7,45.1,1.62,9.4,16.2,,,,,,,,,,,,,,,,,,,,,,
Matej Kovar,Bayer Leverkusen,Bundesliga,2024/25,GK,23,2528,61.2,0.0,59.4,66.9,43.3,1.56,10.0,15.55,,,,,,,,,,,,,,,,,,,,,,
Jonathan Tah,Bayer Leverkusen,Bundesliga,2025/26,CB,28,2518,61.2,,,78.7,,,,,4.36,402.4,1.53,1.71,70.9,1.68,1.23,7.35,1.5,56.9,61.9,,,,,,,,,,,
Jonathan Tah,Bayer Leverkusen,Bundesliga,2024/25,CB,27,2518,61.2,,,80.3,,,,,4.45,410.45,1.56,1.74,72.3,1.71,1.25,7.5,1.53,58.0,63.1,,,,,,,,,,,
Edmond Tapsoba,Bayer Leverkusen,Bundesliga,2025/26,CB,25,2208,61.2,,,85.3,,,,,5.23,382.4,3.91,1.96,61.4,2.1,2.24,6.16,2.29,66.5,74.1,,,,,,,,,,,
Edmond Tapsoba,Bayer Leverkusen,Bundesliga,2024/25,CB,24,2208,61.2,,,87.0,,,,,5.33,390.05,3.99,2.0,62.6,2.14,2.28,6.28,2.34,67.8,75.6,,,,,,,,,,,
Piero Hincapie,Bayer Leverkusen,Bundesliga,2025/26,CB,22,987,61.2,,,86.2,,,,,5.09,446.3,5.35,1.8,61.4,1.91,2.25,4.57,1.53,68.4,74.0,,,,,,,,,,,
Piero Hincapie,Bayer Leverkusen,Bundesliga,2024/25,CB,21,987,61.2,,,82.8,,,,,4.89,428.45,5.14,1.73,58.9,1.83,2.16,4.39,1.47,65.7,71.0,,,,,,,,,,,
Odilon Kossounou,Bayer Leverkusen,Bundesliga,2025/26,CB,23,1092,61.2,,,85.4,,,,,2.68,382.3,2.24,1.07,79.7,2.28,1.84,6.4,2.26,70.5,64.6,,,,,,,,,,,
Odilon Kossounou,Bayer Leverkusen,Bundesliga,2024/25,CB,22,1092,61.2,,,82.0,,,,,2.57,367.01,2.15,1.03,76.5,2.19,1.77,6.14,2.17,67.7,62.0,,,,,,,,,,,
Jeremie Frimpong,Bayer Leverkusen,Bundesliga,2025/26,FB,24,931,61.2,,,80.2,,,,,5.87,,3.5,2.03,59.3,1.79,1.21,6.73,,58.7,,0.21,2.3,0.89,2.33,3.65,0.37,,,,,
Jeremie Frimpong,Bayer Leverkusen,Bundesliga,2024/25,FB,23,931,61.2,,,77.0,,,,,5.64,,3.36,1.95,56.9,1.72,1.16,6.46,,56.4,,0.2,2.21,0.85,2.24,3.5,0.36,,,,,
Alejandro Grimaldo,Bayer Leverkusen,Bundesliga,2025/26,FB,29,2554,61.2,,,79.2,,,,,3.36,,2.33,1.62,63.8,2.34,1.1,5.64,,53.2,,0.23,2.3,1.11,2.5,2.88,0.6,,,,,
Alejandro Grimaldo,Bayer Leverkusen,Bundesliga,2024/25,FB,28,2554,61.2,,,80.8,,,,,3.43,,2.38,1.65,65.1,2.39,1.12,5.75,,54.3,,0.23,2.35,1.13,2.55,2.94,0.61,,,,,
Arthur,Bayer Leverkusen,Bundesliga,2025/26,FB,21,3066,61.2,,,79.7,,,,,4.07,,2.33,3.1,53.6,3.41,2.31,5.29,,44.5,,0.22,1.52,1.81,1.86,2.3,0.35,,,,,
Arthur,Bayer Leverkusen,Bundesliga,2024/25,FB,20,3066,61.2,,,73.3,,,,,3.74,,2.14,2.85,49.3,3.14,2.13,4.87,,40.9,,0.2,1.4,1.67,1.71,2.12,0.32,,,,,
Granit Xhaka,Bayer Leverkusen,Bundesliga,2025/26,CM,32,1235,61.2,,,86.4,,,,,6.7,,5.12,2.95,45.0,2.31,1.03,8.72,1.85,60.8,,0.11,3.42,1.84,0.81,,,0.13,,,,
Granit Xhaka,Bayer Leverkusen,Bundesliga,2024/25,CM,31,1235,61.2,,,90.7,,,,,7.04,,5.38,3.1,47.2,2.43,1.08,9.16,1.94,63.8,,0.12,3.59,1.93,0.85,,,0.14,,,,
Exequiel Palacios,Bayer Leverkusen,Bundesliga,2025/26,CM,26,2059,61.2,,,87.2,,,,,8.89,,3.5,2.33,64.8,3.87,1.25,7.11,1.53,64.1,,0.1,3.2,0.93,1.96,,,0.05,,,,
Exequiel Palacios,Bayer Leverkusen,Bundesliga,2024/25,CM,25,2059,61.2,,,88.9,,,,,9.07,,3.57,2.38,66.1,3.95,1.27,7.25,1.56,65.4,,0.1,3.26,0.95,2.0,,,0.05,,,,
Robert Andrich,Bayer Leverkusen,Bundesliga,2025/26,CM,30,3008,61.2,,,80.6,,,,,8.5,,3.99,2.13,46.9,1.55,1.83,7.35,0.81,57.7,,0.19,3.64,1.48,1.84,,,0.12,,,,
Robert Andrich,Bayer Leverkusen,Bundesliga,2024/25,CM,29,3008,61.2,,,82.2,,,,,8.67,,4.07,2.17,47.8,1.58,1.87,7.5,0.83,58.9,,0.19,3.71,1.51,1.88,,,0.12,,,,
Aleix Garcia,Bayer Leverkusen,Bundesliga,2025/26,CM,27,1041,61.2,,,85.0,,,,,5.07,,6.74,1.33,62.1,2.68,2.18,8.23,1.03,42.4,,0.23,4.08,0.92,0.98,,,0.05,,,,
Aleix Garcia,Bayer Leverkusen,Bundesliga,2024/25,CM,26,1041,61.2,,,86.7,,,,,5.17,,6.87,1.36,63.3,2.73,2.22,8.39,1.05,43.2,,0.23,4.16,0.94,1.0,,,0.05,,,,
Florian Wirtz,Bayer Leverkusen,Bundesliga,2025/26,W,21,2565,61.2,,,,,,,,7.65,,,7.95,62.0,1.85,0.85,5.45,,,,0.48,7.35,3.25,,7.45,0.95,0.44,3.1,7.85,4.15,
Florian Wirtz,Bayer Leverkusen,Bundesliga,2024/25,W,20,2565,61.2,,,,,,,,7.04,,,7.31,57.0,1.7,0.78,5.01,,,,0.44,6.76,2.99,,6.85,0.87,0.4,2.85,7.22,3.82,
Jonas Hofmann,Bayer Leverkusen,Bundesliga,2025/26,W,32,1108,61.2,,,,,,,,5.39,,,6.71,64.2,0.93,0.9,3.18,,,,0.32,4.15,1.87,,7.18,0.64,0.28,1.6,7.0,1.42,
Jonas Hofmann,Bayer Leverkusen,Bundesliga,2024/25,W,31,1108,61.2,,,,,,,,5.66,,,7.05,67.4,0.98,0.95,3.34,,,,0.34,4.36,1.96,,7.54,0.67,0.29,1.68,7.35,1.49,
Amine Adli,Bayer Leverkusen,Bundesliga,2025/26,W,24,2399,61.2,,,,,,,,2.62,,,5.87,53.9,1.66,1.04,5.24,,,,0.31,3.87,2.74,,7.98,0.35,0.23,2.35,6.83,1.74,
Amine Adli,Bayer Leverkusen,Bundesliga,2024/25,W,23,2399,61.2,,,,,,,,2.52,,,5.64,51.7,1.59,1.0,5.03,,,,0.3,3.72,2.63,,7.66,0.34,0.22,2.26,6.56,1.67,
Nathan Tella,Bayer Leverkusen,Bundesliga,2025/26,W,25,3192,61.2,,,,,,,,5.45,,,3.27,41.7,1.64,1.08,3.12,,,,0.33,4.09,2.69,,7.26,0.37,0.29,1.61,5.03,2.01,
Nathan Tella,Bayer Leverkusen,Bundesliga,2024/25,W,24,3192,61.2,,,,,,,,5.56,,,3.34,42.5,1.67,1.1,3.18,,,,0.34,4.17,2.74,,7.41,0.38,0.3,1.64,5.13,2.05,
Victor Boniface,Bayer Leverkusen,Bundesliga,2025/26,ST,24,3190,61.2,,,69.1,,,,,,,,,,1.12,,1.52,,42.9,,0.1,1.76,1.47,,,0.76,0.58,3.13,6.68,1.89,40.2
Victor Boniface,Bayer Leverkusen,Bundesliga,2024/25,ST,23,3190,61.2,,,66.3,,,,,,,,,,1.08,,1.46,,41.2,,0.1,1.69,1.41,,,0.73,0.56,3.0,6.41,1.81,38.6
Patrik Schick,Bayer Leverkusen,Bundesliga,2025/26,ST,28,3106,61.2,,,63.2,,,,,,,,,,1.49,,2.72,,58.3,,0.23,3.26,1.05,,,0.62,0.8,2.65,5.06,1.75,39.3
Patrik Schick,Bayer Leverkusen,Bundesliga,2024/25,ST,27,3106,61.2,,,64.5,,,,,,,,,,1.52,,2.77,,59.5,,0.23,3.33,1.07,,,0.63,0.82,2.7,5.16,1.79,40.1
Gregor Kobel,Borussia Dortmund,Bundesliga,2025/26,GK,27,925,56.4,-0.24,70.6,72.5,41.3,0.81,5.8,13.9,,,,,,,,,,,,,,,,,,,,,,
Gregor Kobel,Borussia Dortmund,Bundesliga,2024/25,GK,26,925,56.4,0.0,72.0,74.0,42.1,0.83,10.0,14.18,,,,,,,,,,,,,,,,,,,,,,
Alexander Meyer,Borussia Dortmund,Bundesliga,2025/26,GK,33,3124,56.4,0.12,77.7,68.1,48.9,0.6,3.7,14.7,,,,,,,,,,,,,,,,,,,,,,
Alexander Meyer,Borussia Dortmund,Bundesliga,2024/25,GK,32,3124,56.4,0.13,81.6,71.5,51.3,0.63,10.0,15.44,,,,,,,,,,,,,,,,,,,,,,
Nico Schlotterbeck,Borussia Dortmund,Bundesliga,2025/26,CB,25,2536,56.4,,,83.3,,,,,3.77,268.3,4.9,0.67,62.9,1.57,2.02,5.7,2.0,55.9,67.9,,,,,,,,,,,
Nico Schlotterbeck,Borussia Dortmund,Bundesliga,2024/25,CB,24,2536,56.4,,,85.0,,,,,3.85,273.67,5.0,0.68,64.2,1.6,2.06,5.81,2.04,57.0,69.3,,,,,,,,,,,
Waldemar Anton,Borussia Dortmund,Bundesliga,2025/26,CB,28,1024,56.4,,,75.1,,,,,3.21,252.8,2.12,0.88,59.8,1.02,2.12,4.61,1.57,69.1,70.0,,,,,,,,,,,
Waldemar Anton,Borussia Dortmund,Bundesliga,2024/25,CB,27,1024,56.4,,,76.6,,,,,3.27,257.86,2.16,0.9,61.0,1.04,2.16,4.7,1.6,70.5,71.4,,,,,,,,,,,
Niklas Süle,Borussia Dortmund,Bundesliga,2025/26,CB,29,2250,56.4,,,76.2,,,,,5.45,210.6,1.58,1.88,75.9,2.15,1.86,6.48,1.63,57.3,60.4,,,,,,,,,,,
Niklas Süle,Borussia Dortmund,Bundesliga,2024/25,CB,28,2250,56.4,,,77.7,,,,,5.56,214.81,1.61,1.92,77.4,2.19,1.9,6.61,1.66,58.4,61.6,,,,,,,,,,,
Julian Ryerson,Borussia Dortmund,Bundesliga,2025/26,FB,27,2130,56.4,,,76.5,,,,,4.75,,3.31,1.76,42.4,3.24,2.12,5.16,,41.9,,0.08,3.4,1.44,1.88,2.2,0.49,,,,,
Julian Ryerson,Borussia Dortmund,Bundesliga,2024/25,FB,26,2130,56.4,,,78.0,,,,,4.84,,3.38,1.8,43.2,3.3,2.16,5.26,,42.7,,0.08,3.47,1.47,1.92,2.24,0.5,,,,,
Yan Couto,Borussia Dortmund,Bundesliga,2025/26,FB,22,1267,56.4,,,87.2,,,,,5.58,,2.31,1.87,45.2,1.81,2.14,4.73,,55.7,,0.16,1.89,1.89,1.2,1.77,0.58,,,,,
Yan Couto,Borussia Dortmund,Bundesliga,2024/25,FB,21,1267,56.4,,,83.7,,,,,5.36,,2.22,1.8,43.4,1.74,2.05,4.54,,53.5,,0.15,1.81,1.81,1.15,1.7,0.56,,,,,
Ramy Bensebaini,Borussia Dortmund,Bundesliga,2025/26,FB,29,2700,56.4,,,80.2,,,,,5.54,,4.59,3.06,44.5,1.64,1.66,5.41,,41.4,,0.2,3.02,1.43,2.35,2.88,0.24,,,,,
Ramy Bensebaini,Borussia Dortmund,Bundesliga,2024/25,FB,28,2700,56.4,,,81.8,,,,,5.65,,4.68,3.12,45.4,1.67,1.69,5.52,,42.2,,0.2,3.08,1.46,2.4,2.94,0.24,,,,,
Emre Can,Borussia Dortmund,Bundesliga,2025/26,CM,30,2878,56.4,,,84.7,,,,,8.89,,5.38,1.23,56.5,2.95,2.43,7.96,0.85,62.7,,0.14,1.61,1.43,1.07,,,0.03,,,,
Emre Can,Borussia Dortmund,Bundesliga,2024/25,CM,29,2878,56.4,,,86.4,,,,,9.07,,5.49,1.25,57.6,3.01,2.48,8.12,0.87,64.0,,0.14,1.64,1.46,1.09,,,0.03,,,,
Pascal Gross,Borussia Dortmund,Bundesliga,2025/26,CM,33,3141,56.4,,,76.6,,,,,8.5,,5.86,1.86,60.1,1.93,1.37,6.75,1.33,53.1,,0.11,2.93,1.06,0.62,,,0.1,,,,
Pascal Gross,Borussia Dortmund,Bundesliga,2024/25,CM,32,3141,56.4,,,80.4,,,,,8.93,,6.15,1.95,63.1,2.03,1.44,7.09,1.4,55.8,,0.12,3.08,1.11,0.65,,,0.11,,,,
Marcel Sabitzer,Borussia Dortmund,Bundesliga,2025/26,CM,30,1450,56.4,,,75.8,,,,,7.15,,4.32,1.84,61.7,2.47,1.38,8.41,1.96,55.1,,0.23,2.66,2.12,1.86,,,0.07,,,,
Marcel Sabitzer,Borussia Dortmund,Bundesliga,2024/25,CM,29,1450,56.4,,,77.3,,,,,7.29,,4.41,1.88,62.9,2.52,1.41,8.58,2.0,56.2,,0.23,2.71,2.16,1.9,,,0.07,,,,
Felix Nmecha,Borussia Dortmund,Bundesliga,2025/26,CM,24,1415,56.4,,,85.5,,,,,5.96,,6.75,2.49,54.3,2.44,2.19,8.25,1.6,60.7,,0.17,1.92,1.39,2.44,,,0.06,,,,
Felix Nmecha,Borussia Dortmund,Bundesliga,2024/25,CM,23,1415,56.4,,,82.1,,,,,5.72,,6.48,2.39,52.1,2.34,2.1,7.92,1.54,58.3,,0.16,1.84,1.33,2.34,,,0.06,,,,
Julian Brandt,Borussia Dortmund,Bundesliga,2025/26,W,28,2956,56.4,,,,,,,,2.77,,,6.06,48.5,1.09,1.29,4.52,,,,0.28,4.03,1.28,,7.76,0.79,0.18,1.54,4.24,3.5,
Julian Brandt,Borussia Dortmund,Bundesliga,2024/25,W,27,2956,56.4,,,,,,,,2.83,,,6.18,49.5,1.11,1.32,4.61,,,,0.29,4.11,1.31,,7.92,0.81,0.18,1.57,4.32,3.57,
Karim Adeyemi,Borussia Dortmund,Bundesliga,2025/26,W,23,2956,56.4,,,,,,,,5.24,,,6.08,60.8,1.32,1.18,3.71,,,,0.22,4.8,1.79,,3.81,0.7,0.16,1.76,4.51,1.41,
Karim Adeyemi,Borussia Dortmund,Bundesliga,2024/25,W,22,2956,56.4,,,,,,,,5.03,,,5.84,58.4,1.27,1.13,3.56,,,,0.21,4.61,1.72,,3.66,0.67,0.15,1.69,4.33,1.35,
Donyell Malen,Borussia Dortmund,Bundesliga,2025/26,W,25,1967,56.4,,,,,,,,4.71,,,3.78,62.6,2.04,1.28,4.51,,,,0.31,3.2,1.79,,6.92,0.68,0.38,1.98,6.86,2.43,
Donyell Malen,Borussia Dortmund,Bundesliga,2024/25,W,24,1967,56.4,,,,,,,,4.8,,,3.86,63.9,2.08,1.31,4.6,,,,0.32,3.26,1.83,,7.06,0.69,0.39,2.02,7.0,2.48,
Jamie Gittens,Borussia Dortmund,Bundesliga,2025/26,W,20,1463,56.4,,,,,,,,5.38,,,3.41,53.9,2.03,0.77,5.72,,,,0.31,2.92,1.51,,7.37,0.43,0.4,2.0,5.56,3.13,
Jamie Gittens,Borussia Dortmund,Bundesliga,2024/25,W,19,1243,56.4,,,,,,,,4.95,,,3.14,49.6,1.87,0.71,5.26,,,,0.29,2.69,1.39,,6.78,0.4,0.37,1.84,5.12,2.88,
Gio Reyna,Borussia Dortmund,Bundesliga,2025/26,W,22,2591,56.4,,,,,,,,3.54,,,4.5,49.9,1.14,0.6,5.14,,,,0.33,4.95,1.4,,5.07,0.6,0.18,3.27,6.72,1.2,
Gio Reyna,Borussia Dortmund,Bundesliga,2024/25,W,21,2591,56.4,,,,,,,,3.4,,,4.32,47.9,1.09,0.58,4.93,,,,0.32,4.75,1.34,,4.87,0.58,0.17,3.14,6.45,1.15,
Serhou Guirassy,Borussia Dortmund,Bundesliga,2025/26,ST,28,1398,56.4,,,61.6,,,,,,,,,,1.23,,2.6,,38.5,,0.19,2.4,0.51,,,0.7,0.37,3.07,6.78,0.88,51.6
Serhou Guirassy,Borussia Dortmund,Bundesliga,2024/25,ST,27,1398,56.4,,,62.8,,,,,,,,,,1.25,,2.65,,39.3,,0.19,2.45,0.52,,,0.71,0.38,3.13,6.92,0.9,52.6
Maximilian Beier,Borussia Dortmund,Bundesliga,2025/26,ST,22,2961,56.4,,,76.7,,,,,,,,,,1.08,,2.76,,41.0,,0.18,2.75,0.59,,,0.52,0.51,4.05,4.49,1.25,39.8
Maximilian Beier,Borussia Dortmund,Bundesliga,2024/25,ST,21,2961,56.4,,,73.6,,,,,,,,,,1.04,,2.65,,39.4,,0.17,2.64,0.57,,,0.5,0.49,3.89,4.31,1.2,38.2
Yann Sommer,Inter Milan,Serie A,2025/26,GK,35,2800,57.0,0.18,77.4,82.5,52.0,1.25,6.8,15.2,,,,,,,,,,,,,,,,,,,,,,
Yann Sommer,Inter Milan,Serie A,2024/25,GK,34,2800,57.0,0.19,81.3,86.6,54.6,1.31,10.0,15.96,,,,,,,,,,,,,,,,,,,,,,
Josep Martinez,Inter Milan,Serie A,2025/26,GK,26,1100,57.0,0.12,73.5,81.0,49.0,1.15,5.8,14.6,,,,,,,,,,,,,,,,,,,,,,
Josep Martinez,Inter Milan,Serie A,2024/25,GK,25,1100,57.0,0.12,75.0,82.6,50.0,1.17,10.0,14.89,,,,,,,,,,,,,,,,,,,,,,
Alessandro Bastoni,Inter Milan,Serie A,2025/26,CB,25,2700,57.0,,,89.6,,,,,6.85,465.0,6.45,2.45,72.0,2.45,1.85,6.95,1.55,66.5,74.0,,,,,,,,,,,
Alessandro Bastoni,Inter Milan,Serie A,2024/25,CB,24,2700,57.0,,,91.4,,,,,6.99,474.3,6.58,2.5,73.4,2.5,1.89,7.09,1.58,67.8,75.5,,,,,,,,,,,
Benjamin Pavard,Inter Milan,Serie A,2025/26,CB,28,2500,57.0,,,91.2,,,,,5.45,380.0,4.95,1.65,75.0,2.65,1.95,6.8,1.65,68.0,76.0,,,,,,,,,,,
Benjamin Pavard,Inter Milan,Serie A,2024/25,CB,27,2500,57.0,,,93.0,,,,,5.56,387.6,5.05,1.68,76.5,2.7,1.99,6.94,1.68,69.4,77.5,,,,,,,,,,,
Stefan de Vrij,Inter Milan,Serie A,2025/26,CB,32,2100,57.0,,,92.5,,,,,4.85,340.0,4.1,0.95,80.0,2.1,1.75,6.2,1.75,69.5,72.0,,,,,,,,,,,
Stefan de Vrij,Inter Milan,Serie A,2024/25,CB,31,2100,57.0,,,97.1,,,,,5.09,357.0,4.3,1.0,84.0,2.21,1.84,6.51,1.84,73.0,75.6,,,,,,,,,,,
Francesco Acerbi,Inter Milan,Serie A,2025/26,CB,36,2000,57.0,,,91.8,,,,,5.1,360.0,4.3,0.85,70.0,2.3,2.15,6.5,1.85,72.0,75.0,,,,,,,,,,,
Francesco Acerbi,Inter Milan,Serie A,2024/25,CB,35,2000,57.0,,,96.4,,,,,5.35,378.0,4.51,0.89,73.5,2.42,2.26,6.83,1.94,75.6,78.8,,,,,,,,,,,
Yann Bisseck,Inter Milan,Serie A,2025/26,CB,24,1800,57.0,,,88.5,,,,,4.6,320.0,3.9,2.1,74.0,2.55,1.65,6.4,1.6,74.5,77.0,,,,,,,,,,,
Yann Bisseck,Inter Milan,Serie A,2024/25,CB,23,1800,57.0,,,85.0,,,,,4.42,307.2,3.74,2.02,71.0,2.45,1.58,6.14,1.54,71.5,73.9,,,,,,,,,,,
Federico Dimarco,Inter Milan,Serie A,2025/26,FB,27,2600,57.0,,,81.5,,,,,6.85,,5.45,4.25,58.0,2.15,1.25,5.85,,46.0,,0.36,4.85,2.65,2.85,2.15,0.55,,,,,
Federico Dimarco,Inter Milan,Serie A,2024/25,FB,26,2600,57.0,,,83.1,,,,,6.99,,5.56,4.33,59.2,2.19,1.27,5.97,,46.9,,0.37,4.95,2.7,2.91,2.19,0.56,,,,,
Denzel Dumfries,Inter Milan,Serie A,2025/26,FB,28,2300,57.0,,,79.5,,,,,4.65,,3.65,4.85,54.0,2.45,1.45,5.6,,68.0,,0.24,3.25,1.45,2.1,2.85,0.65,,,,,
Denzel Dumfries,Inter Milan,Serie A,2024/25,FB,27,2300,57.0,,,81.1,,,,,4.74,,3.72,4.95,55.1,2.5,1.48,5.71,,69.4,,0.24,3.31,1.48,2.14,2.91,0.66,,,,,
Matteo Darmian,Inter Milan,Serie A,2025/26,FB,35,1900,57.0,,,86.5,,,,,4.8,,3.8,2.4,60.0,2.85,1.65,6.1,,58.0,,0.14,2.1,0.95,1.45,1.2,0.35,,,,,
Matteo Darmian,Inter Milan,Serie A,2024/25,FB,34,1900,57.0,,,90.8,,,,,5.04,,3.99,2.52,63.0,2.99,1.73,6.41,,60.9,,0.15,2.21,1.0,1.52,1.26,0.37,,,,,
Carlos Augusto,Inter Milan,Serie A,2025/26,FB,25,1800,57.0,,,83.0,,,,,5.1,,4.1,3.6,56.0,2.6,1.5,5.9,,54.0,,0.21,2.85,1.35,1.85,2.4,0.45,,,,,
Carlos Augusto,Inter Milan,Serie A,2024/25,FB,24,1800,57.0,,,84.7,,,,,5.2,,4.18,3.67,57.1,2.65,1.53,6.02,,55.1,,0.21,2.91,1.38,1.89,2.45,0.46,,,,,
Nicolo Barella,Inter Milan,Serie A,2025/26,CM,27,2750,57.0,,,86.8,,,,,7.85,,6.95,4.65,64.0,2.65,1.55,7.85,1.25,46.0,,0.32,4.95,2.35,2.45,,,0.18,,,,
Nicolo Barella,Inter Milan,Serie A,2024/25,CM,26,2750,57.0,,,88.5,,,,,8.01,,7.09,4.74,65.3,2.7,1.58,8.01,1.27,46.9,,0.33,5.05,2.4,2.5,,,0.18,,,,
Hakan Calhanoglu,Inter Milan,Serie A,2025/26,CM,30,2600,57.0,,,89.2,,,,,8.45,,7.65,2.85,68.0,2.85,1.85,8.2,1.45,52.0,,0.28,4.65,2.15,2.2,,,0.22,,,,
Hakan Calhanoglu,Inter Milan,Serie A,2024/25,CM,29,2600,57.0,,,91.0,,,,,8.62,,7.8,2.91,69.4,2.91,1.89,8.36,1.48,53.0,,0.29,4.74,2.19,2.24,,,0.22,,,,
Henrikh Mkhitaryan,Inter Milan,Serie A,2025/26,CM,35,2400,57.0,,,87.5,,,,,6.95,,5.85,4.1,62.0,2.45,1.35,7.1,1.05,44.0,,0.24,4.1,1.85,1.95,,,0.16,,,,
Henrikh Mkhitaryan,Inter Milan,Serie A,2024/25,CM,34,2400,57.0,,,91.9,,,,,7.3,,6.14,4.3,65.1,2.57,1.42,7.46,1.1,46.2,,0.25,4.3,1.94,2.05,,,0.17,,,,
Davide Frattesi,Inter Milan,Serie A,2025/26,CM,25,1700,57.0,,,83.5,,,,,5.4,,4.4,3.6,58.0,2.2,1.15,6.4,0.95,48.0,,0.19,3.65,1.45,1.65,,,0.38,,,,
Davide Frattesi,Inter Milan,Serie A,2024/25,CM,24,1700,57.0,,,85.2,,,,,5.51,,4.49,3.67,59.2,2.24,1.17,6.53,0.97,49.0,,0.19,3.72,1.48,1.68,,,0.39,,,,
Piotr Zielinski,Inter Milan,Serie A,2025/26,CM,30,1800,57.0,,,88.0,,,,,7.2,,6.2,3.8,65.0,2.1,1.25,6.8,0.85,42.0,,0.26,4.45,2.05,2.1,,,0.19,,,,
Piotr Zielinski,Inter Milan,Serie A,2024/25,CM,29,1800,57.0,,,89.8,,,,,7.34,,6.32,3.88,66.3,2.14,1.27,6.94,0.87,42.8,,0.27,4.54,2.09,2.14,,,0.19,,,,
Lautaro Martinez,Inter Milan,Serie A,2025/26,ST,27,2750,57.0,,,74.5,,,,,,,,,,1.25,,3.45,,46.0,,0.22,3.85,1.45,,,0.65,0.68,4.25,7.65,2.45,48.5
Lautaro Martinez,Inter Milan,Serie A,2024/25,ST,26,2750,57.0,,,76.0,,,,,,,,,,1.27,,3.52,,46.9,,0.22,3.93,1.48,,,0.66,0.69,4.33,7.8,2.5,49.5
Marcus Thuram,Inter Milan,Serie A,2025/26,ST,27,2600,57.0,,,76.0,,,,,,,,,,1.1,,3.2,,54.0,,0.24,3.95,1.55,,,0.55,0.62,3.85,7.85,2.65,46.0
Marcus Thuram,Inter Milan,Serie A,2024/25,ST,26,2600,57.0,,,77.5,,,,,,,,,,1.12,,3.26,,55.1,,0.24,4.03,1.58,,,0.56,0.63,3.93,8.01,2.7,46.9
Mehdi Taremi,Inter Milan,Serie A,2025/26,ST,32,1600,57.0,,,75.0,,,,,,,,,,0.95,,2.95,,52.0,,0.18,2.85,1.1,,,0.6,0.48,2.95,6.1,1.45,44.0
Mehdi Taremi,Inter Milan,Serie A,2024/25,ST,31,1600,57.0,,,78.8,,,,,,,,,,1.0,,3.1,,54.6,,0.19,2.99,1.16,,,0.63,0.5,3.1,6.41,1.52,46.2
Michele Di Gregorio,Juventus,Serie A,2025/26,GK,27,2700,54.2,-0.15,74.4,83.9,49.5,0.92,9.0,14.1,,,,,,,,,,,,,,,,,,,,,,
Michele Di Gregorio,Juventus,Serie A,2024/25,GK,26,2700,54.2,0.0,75.9,85.6,50.5,0.94,10.0,14.38,,,,,,,,,,,,,,,,,,,,,,
Federico Gatti,Juventus,Serie A,2025/26,CB,26,2400,54.2,,,89.3,,,,,4.51,400.9,3.89,0.34,77.0,1.1,1.98,4.29,1.9,65.3,55.6,,,,,,,,,,,
Federico Gatti,Juventus,Serie A,2024/25,CB,25,2400,54.2,,,91.1,,,,,4.6,408.92,3.97,0.35,78.5,1.12,2.02,4.38,1.94,66.6,56.7,,,,,,,,,,,
Pierre Kalulu,Juventus,Serie A,2025/26,CB,24,2100,54.2,,,90.3,,,,,5.12,406.0,3.85,0.39,73.7,1.08,1.07,6.52,1.8,68.6,62.2,,,,,,,,,,,
Pierre Kalulu,Juventus,Serie A,2024/25,CB,23,2100,54.2,,,86.7,,,,,4.92,389.76,3.7,0.37,70.8,1.04,1.03,6.26,1.73,65.9,59.7,,,,,,,,,,,
Andrea Cambiaso,Juventus,Serie A,2025/26,FB,24,2500,54.2,,,79.4,,,,,4.74,,3.4,2.55,65.0,2.13,1.09,6.21,,40.3,,0.2,3.0,1.94,1.03,1.93,0.1,,,,,
Andrea Cambiaso,Juventus,Serie A,2024/25,FB,23,2500,54.2,,,76.2,,,,,4.55,,3.26,2.45,62.4,2.04,1.05,5.96,,38.7,,0.19,2.88,1.86,0.99,1.85,0.1,,,,,
Nicolo Savona,Juventus,Serie A,2025/26,FB,21,1500,54.2,,,76.5,,,,,6.01,,3.39,1.55,54.8,2.59,2.41,4.58,,42.3,,0.24,1.04,1.38,1.46,1.79,0.27,,,,,
Nicolo Savona,Juventus,Serie A,2024/25,FB,20,1500,54.2,,,70.4,,,,,5.53,,3.12,1.43,50.4,2.38,2.22,4.21,,38.9,,0.22,0.96,1.27,1.34,1.65,0.25,,,,,
Manuel Locatelli,Juventus,Serie A,2025/26,CM,26,2500,54.2,,,89.1,,,,,7.17,,4.1,1.59,71.9,2.57,1.67,5.74,1.57,50.0,,0.14,3.86,0.95,1.48,,,0.16,,,,
Manuel Locatelli,Juventus,Serie A,2024/25,CM,25,2500,54.2,,,90.9,,,,,7.31,,4.18,1.62,73.3,2.62,1.7,5.85,1.6,51.0,,0.14,3.94,0.97,1.51,,,0.16,,,,
Weston McKennie,Juventus,Serie A,2025/26,CM,26,2200,54.2,,,88.6,,,,,8.54,,7.64,1.18,50.5,3.93,1.68,6.89,1.39,40.3,,0.28,4.45,1.36,0.65,,,0.23,,,,
Weston McKennie,Juventus,Serie A,2024/25,CM,25,2200,54.2,,,90.4,,,,,8.71,,7.79,1.2,51.5,4.01,1.71,7.03,1.42,41.1,,0.29,4.54,1.39,0.66,,,0.23,,,,
Khephren Thuram,Juventus,Serie A,2025/26,CM,23,2100,54.2,,,89.9,,,,,4.27,,4.98,1.7,73.2,2.34,1.83,5.32,1.47,47.4,,0.11,2.94,1.21,2.16,,,0.17,,,,
Khephren Thuram,Juventus,Serie A,2024/25,CM,22,2100,54.2,,,86.3,,,,,4.1,,4.78,1.63,70.3,2.25,1.76,5.11,1.41,45.5,,0.11,2.82,1.16,2.07,,,0.16,,,,
Teun Koopmeiners,Juventus,Serie A,2025/26,CM,26,2600,54.2,,,83.2,,,,,6.82,,4.02,1.24,59.5,2.97,1.17,7.16,1.29,47.5,,0.2,4.22,1.89,0.86,,,0.05,,,,
Teun Koopmeiners,Juventus,Serie A,2024/25,CM,25,2600,54.2,,,84.9,,,,,6.96,,4.1,1.26,60.7,3.03,1.19,7.3,1.32,48.5,,0.2,4.3,1.93,0.88,,,0.05,,,,
Nicolo Fagioli,Juventus,Serie A,2025/26,CM,23,1800,54.2,,,89.6,,,,,7.69,,5.61,3.22,47.5,3.2,2.24,7.99,1.89,40.5,,0.16,2.07,1.11,0.68,,,0.23,,,,
Nicolo Fagioli,Juventus,Serie A,2024/25,CM,22,1800,54.2,,,86.0,,,,,7.38,,5.39,3.09,45.6,3.07,2.15,7.67,1.81,38.9,,0.15,1.99,1.07,0.65,,,0.22,,,,
Douglas Luiz,Juventus,Serie A,2025/26,CM,26,2000,54.2,,,84.0,,,,,8.15,,4.93,1.8,71.5,3.13,2.25,8.4,1.28,57.9,,0.2,3.9,0.85,1.07,,,0.06,,,,
Douglas Luiz,Juventus,Serie A,2024/25,CM,25,2000,54.2,,,85.7,,,,,8.31,,5.03,1.84,72.9,3.19,2.29,8.57,1.31,59.1,,0.2,3.98,0.87,1.09,,,0.06,,,,
Dusan Vlahovic,Juventus,Serie A,2025/26,ST,24,2600,54.2,,,70.3,,,,,,,,,,1.15,,1.61,,39.6,,0.24,3.44,1.71,,,0.59,0.55,3.81,5.2,1.03,36.6
Dusan Vlahovic,Juventus,Serie A,2024/25,ST,23,2600,54.2,,,67.5,,,,,,,,,,1.1,,1.55,,38.0,,0.23,3.3,1.64,,,0.57,0.53,3.66,4.99,0.99,35.1
Kenan Yildiz,Juventus,Serie A,2025/26,W,19,2100,54.2,,,,,,,,2.51,,,4.88,37.8,0.89,0.54,4.73,,,,0.32,3.54,2.44,,3.77,0.57,0.22,3.37,6.81,1.17,
Kenan Yildiz,Juventus,Serie A,2024/25,W,18,1785,54.2,,,,,,,,2.31,,,4.49,34.8,0.82,0.5,4.35,,,,0.29,3.26,2.24,,3.47,0.52,0.2,3.1,6.27,1.08,
Nico Gonzalez,Juventus,Serie A,2025/26,W,26,2000,54.2,,,,,,,,3.23,,,4.81,39.1,1.53,0.98,5.04,,,,0.31,5.42,1.95,,3.29,0.43,0.36,2.77,4.76,2.62,
Nico Gonzalez,Juventus,Serie A,2024/25,W,25,2000,54.2,,,,,,,,3.29,,,4.91,39.9,1.56,1.0,5.14,,,,0.32,5.53,1.99,,3.36,0.44,0.37,2.83,4.86,2.67,
Timothy Weah,Juventus,Serie A,2025/26,W,24,1800,54.2,,,,,,,,4.72,,,5.54,55.5,1.22,0.35,4.63,,,,0.29,3.62,1.09,,3.3,0.73,0.22,2.5,6.98,2.98,
Timothy Weah,Juventus,Serie A,2024/25,W,23,1800,54.2,,,,,,,,4.53,,,5.32,53.3,1.17,0.34,4.44,,,,0.28,3.48,1.05,,3.17,0.7,0.21,2.4,6.7,2.86,
Francisco Conceicao,Juventus,Serie A,2025/26,W,21,1600,54.2,,,,,,,,3.41,,,4.81,48.6,0.84,0.53,4.24,,,,0.21,4.11,1.93,,3.86,0.47,0.37,2.19,5.16,2.41,
Francisco Conceicao,Juventus,Serie A,2024/25,W,20,1600,54.2,,,,,,,,3.14,,,4.43,44.7,0.77,0.49,3.9,,,,0.19,3.78,1.78,,3.55,0.43,0.34,2.01,4.75,2.22,
Samuel Mbangula,Juventus,Serie A,2025/26,W,20,1200,54.2,,,,,,,,2.88,,,4.06,39.4,1.24,0.73,3.67,,,,0.2,3.87,2.49,,3.94,0.27,0.29,2.28,3.05,2.27,
Samuel Mbangula,Juventus,Serie A,2024/25,W,19,1020,54.2,,,,,,,,2.65,,,3.74,36.2,1.14,0.67,3.38,,,,0.18,3.56,2.29,,3.62,0.25,0.27,2.1,2.81,2.09,
Alex Meret,Napoli,Serie A,2025/26,GK,27,2600,59.0,0.05,79.2,79.3,46.2,2.34,5.1,12.5,,,,,,,,,,,,,,,,,,,,,,
Alex Meret,Napoli,Serie A,2024/25,GK,26,2600,59.0,0.05,80.8,80.9,47.1,2.39,10.0,12.75,,,,,,,,,,,,,,,,,,,,,,
Giovanni Di Lorenzo,Napoli,Serie A,2025/26,FB,31,2700,59.0,,,79.4,,,,,4.55,,2.44,2.18,50.7,2.66,1.82,6.22,,56.1,,0.24,3.4,1.02,1.65,1.87,0.28,,,,,
Giovanni Di Lorenzo,Napoli,Serie A,2024/25,FB,30,2700,59.0,,,83.4,,,,,4.78,,2.56,2.29,53.2,2.79,1.91,6.53,,58.9,,0.25,3.57,1.07,1.73,1.96,0.29,,,,,
Amir Rrahmani,Napoli,Serie A,2025/26,CB,30,2600,59.0,,,90.5,,,,,2.35,220.4,5.39,1.45,96.9,1.48,1.94,5.51,1.19,68.0,55.4,,,,,,,,,,,
Amir Rrahmani,Napoli,Serie A,2024/25,CB,29,2600,59.0,,,92.3,,,,,2.4,224.81,5.5,1.48,98.8,1.51,1.98,5.62,1.21,69.4,56.5,,,,,,,,,,,
Alessandro Buongiorno,Napoli,Serie A,2025/26,CB,25,2500,59.0,,,84.9,,,,,4.53,391.3,4.0,0.79,64.2,1.23,1.94,5.84,2.07,62.2,60.3,,,,,,,,,,,
Alessandro Buongiorno,Napoli,Serie A,2024/25,CB,24,2500,59.0,,,86.6,,,,,4.62,399.13,4.08,0.81,65.5,1.25,1.98,5.96,2.11,63.4,61.5,,,,,,,,,,,
Mathias Olivera,Napoli,Serie A,2025/26,FB,26,2200,59.0,,,87.4,,,,,4.65,,3.1,3.22,43.3,2.62,2.19,4.48,,41.2,,0.22,2.11,1.63,0.42,2.18,0.52,,,,,
Mathias Olivera,Napoli,Serie A,2024/25,FB,25,2200,59.0,,,89.1,,,,,4.74,,3.16,3.28,44.2,2.67,2.23,4.57,,42.0,,0.22,2.15,1.66,0.43,2.22,0.53,,,,,
Leonardo Spinazzola,Napoli,Serie A,2025/26,FB,31,1800,59.0,,,77.4,,,,,3.09,,3.69,2.7,50.9,1.86,2.48,4.01,,54.9,,0.06,2.46,1.13,1.49,1.6,0.32,,,,,
Leonardo Spinazzola,Napoli,Serie A,2024/25,FB,30,1800,59.0,,,81.3,,,,,3.24,,3.87,2.84,53.4,1.95,2.6,4.21,,57.6,,0.06,2.58,1.19,1.56,1.68,0.34,,,,,
Stanislav Lobotka,Napoli,Serie A,2025/26,CM,29,2700,59.0,,,85.7,,,,,6.79,,3.94,2.67,60.3,2.47,1.21,6.75,1.0,49.6,,0.25,1.64,2.21,1.57,,,0.2,,,,
Stanislav Lobotka,Napoli,Serie A,2024/25,CM,28,2700,59.0,,,87.4,,,,,6.93,,4.02,2.72,61.5,2.52,1.23,6.88,1.02,50.6,,0.26,1.67,2.25,1.6,,,0.2,,,,
Andre-Frank Zambo Anguissa,Napoli,Serie A,2025/26,CM,28,2500,59.0,,,82.2,,,,,5.89,,7.63,2.37,45.8,3.83,1.52,7.32,1.38,44.9,,0.28,2.94,1.57,0.64,,,0.24,,,,
Andre-Frank Zambo Anguissa,Napoli,Serie A,2024/25,CM,27,2500,59.0,,,83.8,,,,,6.01,,7.78,2.42,46.7,3.91,1.55,7.47,1.41,45.8,,0.29,3.0,1.6,0.65,,,0.24,,,,
Scott McTominay,Napoli,Serie A,2025/26,CM,27,2100,59.0,,,88.0,,,,,4.82,,4.07,2.68,64.8,2.67,1.56,5.83,1.34,60.9,,0.11,2.78,1.83,2.47,,,0.22,,,,
Scott McTominay,Napoli,Serie A,2024/25,CM,26,2100,59.0,,,89.8,,,,,4.92,,4.15,2.73,66.1,2.72,1.59,5.95,1.37,62.1,,0.11,2.84,1.87,2.52,,,0.22,,,,
Billy Gilmour,Napoli,Serie A,2025/26,CM,23,1800,59.0,,,81.7,,,,,8.46,,3.99,2.03,58.4,3.01,2.09,7.46,1.48,45.1,,0.23,3.58,2.0,0.95,,,0.16,,,,
Billy Gilmour,Napoli,Serie A,2024/25,CM,22,1800,59.0,,,78.4,,,,,8.12,,3.83,1.95,56.1,2.89,2.01,7.16,1.42,43.3,,0.22,3.44,1.92,0.91,,,0.15,,,,
Romelu Lukaku,Napoli,Serie A,2025/26,ST,31,2400,59.0,,,74.1,,,,,,,,,,0.22,,1.72,,54.9,,0.22,2.39,1.79,,,0.47,0.51,2.11,6.5,1.98,53.0
Romelu Lukaku,Napoli,Serie A,2024/25,ST,30,2400,59.0,,,77.8,,,,,,,,,,0.23,,1.81,,57.6,,0.23,2.51,1.88,,,0.49,0.54,2.22,6.83,2.08,55.7
Khvicha Kvaratskhelia,Napoli,Serie A,2025/26,W,23,2700,59.0,,,,,,,,3.47,,,4.25,53.1,1.4,1.15,4.09,,,,0.27,5.09,2.0,,3.42,0.21,0.4,1.84,5.38,1.68,
Khvicha Kvaratskhelia,Napoli,Serie A,2024/25,W,22,2700,59.0,,,,,,,,3.33,,,4.08,51.0,1.34,1.1,3.93,,,,0.26,4.89,1.92,,3.28,0.2,0.38,1.77,5.16,1.61,
Matteo Politano,Napoli,Serie A,2025/26,W,31,2200,59.0,,,,,,,,4.51,,,4.7,39.9,1.56,1.05,3.73,,,,0.25,2.5,1.93,,3.44,0.67,0.27,3.28,6.74,2.03,
Matteo Politano,Napoli,Serie A,2024/25,W,30,2200,59.0,,,,,,,,4.74,,,4.94,41.9,1.64,1.1,3.92,,,,0.26,2.62,2.03,,3.61,0.7,0.28,3.44,7.08,2.13,
David Neres,Napoli,Serie A,2025/26,W,27,1800,59.0,,,,,,,,3.88,,,3.21,53.2,0.6,0.5,5.28,,,,0.2,3.49,2.09,,5.32,0.42,0.42,3.13,4.51,1.98,
David Neres,Napoli,Serie A,2024/25,W,26,1800,59.0,,,,,,,,3.96,,,3.27,54.3,0.61,0.51,5.39,,,,0.2,3.56,2.13,,5.43,0.43,0.43,3.19,4.6,2.02,
Giacomo Raspadori,Napoli,Serie A,2025/26,ST,24,1500,59.0,,,79.1,,,,,,,,,,0.77,,2.06,,52.4,,0.12,1.88,0.68,,,0.29,0.56,3.4,5.13,1.75,40.7
Giacomo Raspadori,Napoli,Serie A,2024/25,ST,23,1500,59.0,,,75.9,,,,,,,,,,0.74,,1.98,,50.3,,0.12,1.8,0.65,,,0.28,0.54,3.26,4.92,1.68,39.1
Gianluigi Donnarumma,PSG,Ligue 1,2025/26,GK,25,2700,65.5,0.15,74.5,82.1,45.2,1.2,5.4,14.5,,,,,,,,,,,,,,,,,,,,,,
Gianluigi Donnarumma,PSG,Ligue 1,2024/25,GK,24,2700,65.5,0.15,76.0,83.7,46.1,1.22,10.0,14.79,,,,,,,,,,,,,,,,,,,,,,
Matvey Safonov,PSG,Ligue 1,2025/26,GK,25,500,65.5,0.05,68.2,78.5,40.1,0.8,4.1,12.0,,,,,,,,,,,,,,,,,,,,,,
Matvey Safonov,PSG,Ligue 1,2024/25,GK,24,900,65.5,0.05,69.6,80.1,40.9,0.82,10.0,12.24,,,,,,,,,,,,,,,,,,,,,,
Marquinhos,PSG,Ligue 1,2025/26,CB,30,2500,65.5,,,92.5,,,,,4.5,400.2,5.1,1.2,60.5,1.5,1.8,5.5,1.2,65.4,70.1,,,,,,,,,,,
Marquinhos,PSG,Ligue 1,2024/25,CB,29,2500,65.5,,,94.4,,,,,4.59,408.2,5.2,1.22,61.7,1.53,1.84,5.61,1.22,66.7,71.5,,,,,,,,,,,
Milan Skriniar,PSG,Ligue 1,2025/26,CB,29,1800,65.5,,,91.0,,,,,3.2,350.5,3.5,0.5,50.0,1.2,1.5,4.8,1.5,68.2,75.0,,,,,,,,,,,
Milan Skriniar,PSG,Ligue 1,2024/25,CB,28,1800,65.5,,,92.8,,,,,3.26,357.51,3.57,0.51,51.0,1.22,1.53,4.9,1.53,69.6,76.5,,,,,,,,,,,
Lucas Beraldo,PSG,Ligue 1,2025/26,CB,20,1500,65.5,,,89.5,,,,,4.1,380.1,4.2,0.8,55.5,1.8,1.6,5.1,1.1,60.1,68.5,,,,,,,,,,,
Lucas Beraldo,PSG,Ligue 1,2024/25,CB,19,1275,65.5,,,82.3,,,,,3.77,349.69,3.86,0.74,51.1,1.66,1.47,4.69,1.01,55.3,63.0,,,,,,,,,,,
Presnel Kimpembe,PSG,Ligue 1,2025/26,CB,29,800,65.5,,,90.1,,,,,3.8,360.5,4.0,0.7,52.0,2.0,1.4,5.0,1.3,66.5,72.1,,,,,,,,,,,
Presnel Kimpembe,PSG,Ligue 1,2024/25,CB,28,900,65.5,,,91.9,,,,,3.88,367.71,4.08,0.71,53.0,2.04,1.43,5.1,1.33,67.8,73.5,,,,,,,,,,,
Nuno Mendes,PSG,Ligue 1,2025/26,FB,22,2200,65.5,,,85.1,,,,,4.5,,3.8,3.5,60.1,2.1,1.5,5.2,,45.2,,0.15,2.5,1.2,1.5,2.5,0.4,,,,,
Nuno Mendes,PSG,Ligue 1,2024/25,FB,21,2200,65.5,,,81.7,,,,,4.32,,3.65,3.36,57.7,2.02,1.44,4.99,,43.4,,0.14,2.4,1.15,1.44,2.4,0.38,,,,,
Achraf Hakimi,PSG,Ligue 1,2025/26,FB,25,2600,65.5,,,86.5,,,,,5.1,,4.2,3.8,62.5,1.8,1.4,5.5,,48.5,,0.18,2.8,1.5,1.8,2.8,0.5,,,,,
Achraf Hakimi,PSG,Ligue 1,2024/25,FB,24,2600,65.5,,,88.2,,,,,5.2,,4.28,3.88,63.8,1.84,1.43,5.61,,49.5,,0.18,2.86,1.53,1.84,2.86,0.51,,,,,
Lucas Hernandez,PSG,Ligue 1,2025/26,FB,28,2000,65.5,,,88.5,,,,,3.5,,3.1,2.1,55.0,2.5,1.8,5.8,,55.1,,0.08,1.5,0.8,0.9,1.1,0.3,,,,,
Lucas Hernandez,PSG,Ligue 1,2024/25,FB,27,2000,65.5,,,90.3,,,,,3.57,,3.16,2.14,56.1,2.55,1.84,5.92,,56.2,,0.08,1.53,0.82,0.92,1.12,0.31,,,,,
Vitinha,PSG,Ligue 1,2025/26,CM,24,2800,65.5,,,91.5,,,,,6.5,,6.1,2.8,65.5,1.8,1.2,6.5,1.1,45.5,,0.15,3.2,1.8,1.5,,,0.08,,,,
Vitinha,PSG,Ligue 1,2024/25,CM,23,2800,65.5,,,87.8,,,,,6.24,,5.86,2.69,62.9,1.73,1.15,6.24,1.06,43.7,,0.14,3.07,1.73,1.44,,,0.08,,,,
Fabian Ruiz,PSG,Ligue 1,2025/26,CM,28,2100,65.5,,,90.1,,,,,5.8,,5.5,1.8,55.1,1.5,1.1,5.8,1.0,50.1,,0.12,2.8,1.5,1.2,,,0.05,,,,
Fabian Ruiz,PSG,Ligue 1,2024/25,CM,27,2100,65.5,,,91.9,,,,,5.92,,5.61,1.84,56.2,1.53,1.12,5.92,1.02,51.1,,0.12,2.86,1.53,1.22,,,0.05,,,,
Warren Zaire-Emery,PSG,Ligue 1,2025/26,CM,18,2400,65.5,,,89.5,,,,,5.1,,4.8,2.1,60.5,2.1,1.4,6.1,1.2,48.5,,0.1,2.5,1.2,1.1,,,0.06,,,,
Warren Zaire-Emery,PSG,Ligue 1,2024/25,CM,17,2040,65.5,,,82.3,,,,,4.69,,4.42,1.93,55.7,1.93,1.29,5.61,1.1,44.6,,0.09,2.3,1.1,1.01,,,0.06,,,,
Joao Neves,PSG,Ligue 1,2025/26,CM,19,1800,65.5,,,88.1,,,,,4.5,,4.2,1.5,52.1,2.5,1.6,6.5,1.4,45.1,,0.08,2.1,1.0,0.9,,,0.04,,,,
Joao Neves,PSG,Ligue 1,2024/25,CM,18,1530,65.5,,,81.1,,,,,4.14,,3.86,1.38,47.9,2.3,1.47,5.98,1.29,41.5,,0.07,1.93,0.92,0.83,,,0.04,,,,
Ousmane Dembele,PSG,Ligue 1,2025/26,W,27,2200,65.5,,,,,,,,4.1,,,5.5,55.5,1.1,0.5,3.1,,,,0.35,5.1,2.5,,6.1,0.5,0.15,2.5,6.5,2.8,
Ousmane Dembele,PSG,Ligue 1,2024/25,W,26,2200,65.5,,,,,,,,4.18,,,5.61,56.6,1.12,0.51,3.16,,,,0.36,5.2,2.55,,6.22,0.51,0.15,2.55,6.63,2.86,
Bradley Barcola,PSG,Ligue 1,2025/26,W,21,2000,65.5,,,,,,,,3.5,,,4.8,52.1,1.2,0.6,3.5,,,,0.25,4.5,2.1,,5.1,0.6,0.18,2.8,5.8,2.2,
Bradley Barcola,PSG,Ligue 1,2024/25,W,20,2000,65.5,,,,,,,,3.22,,,4.42,47.9,1.1,0.55,3.22,,,,0.23,4.14,1.93,,4.69,0.55,0.17,2.58,5.34,2.02,
Goncalo Ramos,PSG,Ligue 1,2025/26,ST,23,1900,65.5,,,75.1,,,,,,,,,,0.6,,2.1,,45.5,,0.12,2.1,0.8,,,0.3,0.45,3.5,6.1,0.8,45.1
Goncalo Ramos,PSG,Ligue 1,2024/25,ST,22,1900,65.5,,,72.1,,,,,,,,,,0.58,,2.02,,43.7,,0.12,2.02,0.77,,,0.29,0.43,3.36,5.86,0.77,43.3
Randal Kolo Muani,PSG,Ligue 1,2025/26,ST,25,1700,65.5,,,72.5,,,,,,,,,,0.8,,2.5,,40.1,,0.15,2.5,1.1,,,0.4,0.4,3.2,5.5,1.1,42.5
Randal Kolo Muani,PSG,Ligue 1,2024/25,ST,24,1700,65.5,,,74.0,,,,,,,,,,0.82,,2.55,,40.9,,0.15,2.55,1.12,,,0.41,0.41,3.26,5.61,1.12,43.4
Desire Doue,PSG,Ligue 1,2025/26,W,19,1200,65.5,,,,,,,,3.1,,,4.1,58.1,1.4,0.8,4.1,,,,0.18,3.8,1.8,,4.8,0.5,0.12,2.1,4.5,1.8,
Desire Doue,PSG,Ligue 1,2024/25,W,18,1020,65.5,,,,,,,,2.85,,,3.77,53.5,1.29,0.74,3.77,,,,0.17,3.5,1.66,,4.42,0.46,0.11,1.93,4.14,1.66,
Geronimo Rulli,Marseille,Ligue 1,2025/26,GK,32,2800,58.5,0.12,72.5,78.5,45.1,1.5,5.8,14.5,,,,,,,,,,,,,,,,,,,,,,
Geronimo Rulli,Marseille,Ligue 1,2024/25,GK,31,2800,58.5,0.13,76.1,82.4,47.4,1.58,10.0,15.23,,,,,,,,,,,,,,,,,,,,,,
Leonardo Balerdi,Marseille,Ligue 1,2025/26,CB,25,2700,58.5,,,89.5,,,,,4.5,380.1,4.8,1.1,58.5,2.1,1.8,6.5,1.2,65.5,71.5,,,,,,,,,,,
Leonardo Balerdi,Marseille,Ligue 1,2024/25,CB,24,2700,58.5,,,91.3,,,,,4.59,387.7,4.9,1.12,59.7,2.14,1.84,6.63,1.22,66.8,72.9,,,,,,,,,,,
Lilian Brassier,Marseille,Ligue 1,2025/26,CB,24,2500,58.5,,,88.1,,,,,3.8,320.5,4.1,0.8,55.1,1.9,1.6,5.8,1.4,68.1,72.5,,,,,,,,,,,
Lilian Brassier,Marseille,Ligue 1,2024/25,CB,23,2500,58.5,,,84.6,,,,,3.65,307.68,3.94,0.77,52.9,1.82,1.54,5.57,1.34,65.4,69.6,,,,,,,,,,,
Derek Cornelius,Marseille,Ligue 1,2025/26,CB,26,2000,58.5,,,86.5,,,,,3.2,300.1,3.5,0.6,52.5,1.8,1.5,5.2,1.5,66.5,68.5,,,,,,,,,,,
Derek Cornelius,Marseille,Ligue 1,2024/25,CB,25,2000,58.5,,,88.2,,,,,3.26,306.1,3.57,0.61,53.6,1.84,1.53,5.3,1.53,67.8,69.9,,,,,,,,,,,
Chancel Mbemba,Marseille,Ligue 1,2025/26,CB,30,1500,58.5,,,87.5,,,,,3.5,310.5,3.8,0.9,56.1,2.0,1.7,5.5,1.3,64.1,70.1,,,,,,,,,,,
Chancel Mbemba,Marseille,Ligue 1,2024/25,CB,29,1500,58.5,,,89.2,,,,,3.57,316.71,3.88,0.92,57.2,2.04,1.73,5.61,1.33,65.4,71.5,,,,,,,,,,,
Quentin Merlin,Marseille,Ligue 1,2025/26,FB,22,2400,58.5,,,82.5,,,,,4.8,,4.1,3.5,58.1,1.9,1.4,5.2,,45.1,,0.18,3.1,1.5,1.8,2.1,0.5,,,,,
Quentin Merlin,Marseille,Ligue 1,2024/25,FB,21,2400,58.5,,,79.2,,,,,4.61,,3.94,3.36,55.8,1.82,1.34,4.99,,43.3,,0.17,2.98,1.44,1.73,2.02,0.48,,,,,
Michael Murillo,Marseille,Ligue 1,2025/26,FB,28,2200,58.5,,,80.1,,,,,3.5,,3.1,2.5,55.5,2.2,1.6,5.5,,50.5,,0.12,2.1,1.1,1.2,1.8,0.4,,,,,
Michael Murillo,Marseille,Ligue 1,2024/25,FB,27,2200,58.5,,,81.7,,,,,3.57,,3.16,2.55,56.6,2.24,1.63,5.61,,51.5,,0.12,2.14,1.12,1.22,1.84,0.41,,,,,
Pierre-Emile Hojbjerg,Marseille,Ligue 1,2025/26,CM,29,2800,58.5,,,89.5,,,,,5.5,,5.1,1.8,55.1,3.1,2.2,7.5,1.5,58.5,,0.08,2.1,1.1,0.9,,,0.05,,,,
Pierre-Emile Hojbjerg,Marseille,Ligue 1,2024/25,CM,28,2800,58.5,,,91.3,,,,,5.61,,5.2,1.84,56.2,3.16,2.24,7.65,1.53,59.7,,0.08,2.14,1.12,0.92,,,0.05,,,,
Geoffrey Kondogbia,Marseille,Ligue 1,2025/26,CM,31,2400,58.5,,,88.1,,,,,4.5,,4.1,1.5,52.5,3.5,2.5,8.1,1.8,62.1,,0.06,1.5,0.8,0.7,,,0.04,,,,
Geoffrey Kondogbia,Marseille,Ligue 1,2024/25,CM,30,2400,58.5,,,92.5,,,,,4.73,,4.3,1.58,55.1,3.68,2.62,8.51,1.89,65.2,,0.06,1.58,0.84,0.73,,,0.04,,,,
Ismael Kone,Marseille,Ligue 1,2025/26,CM,22,2000,58.5,,,86.5,,,,,4.8,,4.5,2.5,60.1,2.1,1.5,6.1,1.2,50.1,,0.12,2.5,1.2,1.1,,,0.08,,,,
Ismael Kone,Marseille,Ligue 1,2024/25,CM,21,2000,58.5,,,83.0,,,,,4.61,,4.32,2.4,57.7,2.02,1.44,5.86,1.15,48.1,,0.12,2.4,1.15,1.06,,,0.08,,,,
Valentin Rongier,Marseille,Ligue 1,2025/26,CM,29,1800,58.5,,,87.5,,,,,5.1,,4.8,1.8,56.5,3.2,2.1,7.8,1.4,52.5,,0.1,2.2,1.0,0.9,,,0.05,,,,
Valentin Rongier,Marseille,Ligue 1,2024/25,CM,28,1800,58.5,,,89.2,,,,,5.2,,4.9,1.84,57.6,3.26,2.14,7.96,1.43,53.6,,0.1,2.24,1.02,0.92,,,0.05,,,,
Mason Greenwood,Marseille,Ligue 1,2025/26,W,22,2600,58.5,,,,,,,,3.5,,,5.1,55.5,1.1,0.6,3.2,,,,0.18,4.2,1.8,,5.8,0.4,0.28,3.1,5.5,2.1,
Mason Greenwood,Marseille,Ligue 1,2024/25,W,21,2600,58.5,,,,,,,,3.36,,,4.9,53.3,1.06,0.58,3.07,,,,0.17,4.03,1.73,,5.57,0.38,0.27,2.98,5.28,2.02,
Amine Harit,Marseille,Ligue 1,2025/26,W,27,2400,58.5,,,,,,,,4.5,,,4.8,58.1,1.4,0.8,4.1,,,,0.25,4.5,2.5,,4.8,0.5,0.12,1.8,4.5,1.8,
Amine Harit,Marseille,Ligue 1,2024/25,W,26,2400,58.5,,,,,,,,4.59,,,4.9,59.3,1.43,0.82,4.18,,,,0.26,4.59,2.55,,4.9,0.51,0.12,1.84,4.59,1.84,
Luis Henrique,Marseille,Ligue 1,2025/26,W,22,2000,58.5,,,,,,,,3.2,,,4.2,52.5,1.2,0.7,3.5,,,,0.18,3.5,1.5,,4.1,0.4,0.15,2.1,4.2,1.5,
Luis Henrique,Marseille,Ligue 1,2024/25,W,21,2000,58.5,,,,,,,,3.07,,,4.03,50.4,1.15,0.67,3.36,,,,0.17,3.36,1.44,,3.94,0.38,0.14,2.02,4.03,1.44,
Elye Wahi,Marseille,Ligue 1,2025/26,ST,21,2300,58.5,,,72.5,,,,,,,,,,0.6,,2.1,,38.5,,0.12,2.1,0.9,,,0.3,0.42,3.2,5.5,1.1,42.5
Elye Wahi,Marseille,Ligue 1,2024/25,ST,20,2300,58.5,,,66.7,,,,,,,,,,0.55,,1.93,,35.4,,0.11,1.93,0.83,,,0.28,0.39,2.94,5.06,1.01,39.1
Neal Maupay,Marseille,Ligue 1,2025/26,ST,28,1800,58.5,,,75.1,,,,,,,,,,0.8,,2.5,,42.5,,0.15,2.5,1.1,,,0.4,0.38,2.8,5.1,0.9,40.1
Neal Maupay,Marseille,Ligue 1,2024/25,ST,27,1800,58.5,,,76.6,,,,,,,,,,0.82,,2.55,,43.4,,0.15,2.55,1.12,,,0.41,0.39,2.86,5.2,0.92,40.9
Pol Lirola,Marseille,Ligue 1,2025/26,FB,27,1400,58.5,,,78.5,,,,,3.5,,2.8,2.8,52.1,1.8,1.2,4.8,,48.1,,0.15,2.2,1.1,1.2,1.8,0.3,,,,,
Pol Lirola,Marseille,Ligue 1,2024/25,FB,26,1400,58.5,,,80.1,,,,,3.57,,2.86,2.86,53.1,1.84,1.22,4.9,,49.1,,0.15,2.24,1.12,1.22,1.84,0.31,,,,,
Jonathan Rowe,Marseille,Ligue 1,2025/26,W,21,1200,58.5,,,,,,,,3.1,,,4.5,55.1,1.1,0.6,3.2,,,,0.15,3.1,1.2,,4.5,0.3,0.18,2.2,4.5,1.8,
Jonathan Rowe,Marseille,Ligue 1,2024/25,W,20,1200,58.5,,,,,,,,2.85,,,4.14,50.7,1.01,0.55,2.94,,,,0.14,2.85,1.1,,4.14,0.28,0.17,2.02,4.14,1.66,
Philipp Kohn,Monaco,Ligue 1,2025/26,GK,26,2500,54.0,0.08,71.2,75.4,38.5,1.0,4.8,13.5,,,,,,,,,,,,,,,,,,,,,,
Philipp Kohn,Monaco,Ligue 1,2024/25,GK,25,2500,54.0,0.08,72.6,76.9,39.3,1.02,10.0,13.77,,,,,,,,,,,,,,,,,,,,,,
Mohammed Salisu,Monaco,Ligue 1,2025/26,CB,25,2300,54.0,,,88.5,,,,,3.5,320.1,3.8,0.6,52.5,1.8,1.6,5.2,1.4,65.5,71.2,,,,,,,,,,,
Mohammed Salisu,Monaco,Ligue 1,2024/25,CB,24,2300,54.0,,,90.3,,,,,3.57,326.5,3.88,0.61,53.6,1.84,1.63,5.3,1.43,66.8,72.6,,,,,,,,,,,
Thilo Kehrer,Monaco,Ligue 1,2025/26,CB,27,2100,54.0,,,89.1,,,,,3.8,340.5,4.1,0.8,55.1,1.6,1.5,5.5,1.2,62.1,70.5,,,,,,,,,,,
Thilo Kehrer,Monaco,Ligue 1,2024/25,CB,26,2100,54.0,,,90.9,,,,,3.88,347.31,4.18,0.82,56.2,1.63,1.53,5.61,1.22,63.3,71.9,,,,,,,,,,,
Wilfried Singo,Monaco,Ligue 1,2025/26,CB,23,1900,54.0,,,87.5,,,,,3.1,300.2,3.5,0.9,58.5,1.9,1.4,5.1,1.3,64.5,68.5,,,,,,,,,,,
Wilfried Singo,Monaco,Ligue 1,2024/25,CB,22,1900,54.0,,,84.0,,,,,2.98,288.19,3.36,0.86,56.2,1.82,1.34,4.9,1.25,61.9,65.8,,,,,,,,,,,
Vanderson,Monaco,Ligue 1,2025/26,FB,23,2400,54.0,,,82.5,,,,,4.2,,3.6,3.1,58.5,2.2,1.6,5.4,,46.5,,0.16,2.6,1.4,1.6,2.2,0.5,,,,,
Vanderson,Monaco,Ligue 1,2024/25,FB,22,2400,54.0,,,79.2,,,,,4.03,,3.46,2.98,56.2,2.11,1.54,5.18,,44.6,,0.15,2.5,1.34,1.54,2.11,0.48,,,,,
Ismail Jakobs,Monaco,Ligue 1,2025/26,FB,25,2000,54.0,,,80.1,,,,,3.5,,3.1,2.5,55.1,1.9,1.4,5.1,,48.5,,0.12,2.1,1.1,1.2,1.8,0.4,,,,,
Ismail Jakobs,Monaco,Ligue 1,2024/25,FB,24,2000,54.0,,,81.7,,,,,3.57,,3.16,2.55,56.2,1.94,1.43,5.2,,49.5,,0.12,2.14,1.12,1.22,1.84,0.41,,,,,
Denis Zakaria,Monaco,Ligue 1,2025/26,CM,27,2600,54.0,,,88.5,,,,,4.8,,4.5,1.8,58.5,2.8,1.8,7.1,1.5,55.5,,0.1,2.2,1.1,1.0,,,0.05,,,,
Denis Zakaria,Monaco,Ligue 1,2024/25,CM,26,2600,54.0,,,90.3,,,,,4.9,,4.59,1.84,59.7,2.86,1.84,7.24,1.53,56.6,,0.1,2.24,1.12,1.02,,,0.05,,,,
Lamine Camara,Monaco,Ligue 1,2025/26,CM,20,1800,54.0,,,86.5,,,,,4.1,,3.8,1.5,55.1,2.2,1.5,6.2,1.2,50.1,,0.08,1.8,0.9,0.8,,,0.04,,,,
Lamine Camara,Monaco,Ligue 1,2024/25,CM,19,1530,54.0,,,79.6,,,,,3.77,,3.5,1.38,50.7,2.02,1.38,5.7,1.1,46.1,,0.07,1.66,0.83,0.74,,,0.04,,,,
Aleksandr Golovin,Monaco,Ligue 1,2025/26,CM,28,2200,54.0,,,84.5,,,,,5.5,,5.2,2.5,60.5,1.5,1.1,5.5,0.9,40.5,,0.22,3.8,2.1,1.8,,,0.12,,,,
Aleksandr Golovin,Monaco,Ligue 1,2024/25,CM,27,2200,54.0,,,86.2,,,,,5.61,,5.3,2.55,61.7,1.53,1.12,5.61,0.92,41.3,,0.22,3.88,2.14,1.84,,,0.12,,,,
Maghnes Akliouche,Monaco,Ligue 1,2025/26,W,22,1900,54.0,,,,,,,,3.5,,,4.5,55.5,1.2,0.8,3.8,,,,0.2,3.5,1.8,,4.1,0.4,0.18,2.2,4.5,1.8,
Maghnes Akliouche,Monaco,Ligue 1,2024/25,W,21,1900,54.0,,,,,,,,3.36,,,4.32,53.3,1.15,0.77,3.65,,,,0.19,3.36,1.73,,3.94,0.38,0.17,2.11,4.32,1.73,
Takumi Minamino,Monaco,Ligue 1,2025/26,W,29,2100,54.0,,,,,,,,3.1,,,3.8,52.5,1.4,0.9,4.1,,,,0.18,3.2,1.6,,3.5,0.5,0.22,2.5,5.1,1.5,
Takumi Minamino,Monaco,Ligue 1,2024/25,W,28,2100,54.0,,,,,,,,3.16,,,3.88,53.6,1.43,0.92,4.18,,,,0.18,3.26,1.63,,3.57,0.51,0.22,2.55,5.2,1.53,
Eliesse Ben Seghir,Monaco,Ligue 1,2025/26,W,19,1500,54.0,,,,,,,,3.2,,,4.2,58.1,1.1,0.7,3.5,,,,0.16,3.1,1.5,,4.5,0.3,0.15,2.0,4.2,1.6,
Eliesse Ben Seghir,Monaco,Ligue 1,2024/25,W,18,1275,54.0,,,,,,,,2.94,,,3.86,53.5,1.01,0.64,3.22,,,,0.15,2.85,1.38,,4.14,0.28,0.14,1.84,3.86,1.47,
Breel Embolo,Monaco,Ligue 1,2025/26,ST,27,2000,54.0,,,72.1,,,,,,,,,,0.7,,2.1,,45.1,,0.12,2.2,0.9,,,0.3,0.38,2.8,5.5,1.1,40.5
Breel Embolo,Monaco,Ligue 1,2024/25,ST,26,2000,54.0,,,73.5,,,,,,,,,,0.71,,2.14,,46.0,,0.12,2.24,0.92,,,0.31,0.39,2.86,5.61,1.12,41.3
Folarin Balogun,Monaco,Ligue 1,2025/26,ST,23,1800,54.0,,,70.5,,,,,,,,,,0.5,,1.8,,35.5,,0.1,1.8,0.8,,,0.2,0.42,3.1,5.8,0.9,42.1
Folarin Balogun,Monaco,Ligue 1,2024/25,ST,22,1800,54.0,,,67.7,,,,,,,,,,0.48,,1.73,,34.1,,0.1,1.73,0.77,,,0.19,0.4,2.98,5.57,0.86,40.4
George Ilenikhena,Monaco,Ligue 1,2025/26,ST,18,1000,54.0,,,68.5,,,,,,,,,,0.4,,1.5,,40.1,,0.08,1.5,0.6,,,0.2,0.35,2.5,4.8,0.7,38.5
George Ilenikhena,Monaco,Ligue 1,2024/25,ST,17,900,54.0,,,63.0,,,,,,,,,,0.37,,1.38,,36.9,,0.07,1.38,0.55,,,0.18,0.32,2.3,4.42,0.64,35.4
Radoslaw Majecki,Monaco,Ligue 1,2025/26,GK,24,900,54.0,0.02,68.5,72.1,35.5,0.8,4.1,12.5,,,,,,,,,,,,,,,,,,,,,,
Radoslaw Majecki,Monaco,Ligue 1,2024/25,GK,23,900,54.0,0.02,65.8,69.2,34.1,0.77,10.0,12.0,,,,,,,,,,,,,,,,,,,,,,
Kassoum Ouattara,Monaco,Ligue 1,2025/26,FB,19,800,54.0,,,78.5,,,,,2.8,,2.5,2.1,52.1,1.8,1.2,4.8,,45.1,,0.08,1.5,0.8,0.9,1.5,0.3,,,,,
Kassoum Ouattara,Monaco,Ligue 1,2024/25,FB,18,900,54.0,,,72.2,,,,,2.58,,2.3,1.93,47.9,1.66,1.1,4.42,,41.5,,0.07,1.38,0.74,0.83,1.38,0.28,,,,,
Soungoutou Magassa,Monaco,Ligue 1,2025/26,CB,20,1200,54.0,,,88.1,,,,,3.2,310.5,3.5,0.7,55.1,1.8,1.5,5.1,1.2,60.5,68.5,,,,,,,,,,,
Soungoutou Magassa,Monaco,Ligue 1,2024/25,CB,19,1020,54.0,,,81.1,,,,,2.94,285.66,3.22,0.64,50.7,1.66,1.38,4.69,1.1,55.7,63.0,,,,,,,,,,,
Marc-Andre ter Stegen,Barcelona,La Liga,2025/26,GK,32,2205,64.8,0.28,79.5,89.6,58.0,1.85,7.8,17.8,,,,,,,,,,,,,,,,,,,,,,
Marc-Andre ter Stegen,Barcelona,La Liga,2024/25,GK,31,2205,64.8,0.29,83.5,94.1,60.9,1.94,10.0,18.69,,,,,,,,,,,,,,,,,,,,,,
Inaki Pena,Barcelona,La Liga,2025/26,GK,25,2431,64.8,-0.04,69.7,66.7,43.3,0.84,4.7,14.4,,,,,,,,,,,,,,,,,,,,,,
Inaki Pena,Barcelona,La Liga,2024/25,GK,24,2431,64.8,0.0,71.1,68.0,44.2,0.86,10.0,14.69,,,,,,,,,,,,,,,,,,,,,,
Ronald Araujo,Barcelona,La Liga,2025/26,CB,25,2579,64.8,,,89.3,,,,,5.61,406.0,2.85,1.88,58.6,1.73,1.87,6.66,1.62,56.6,64.9,,,,,,,,,,,
Ronald Araujo,Barcelona,La Liga,2024/25,CB,24,2579,64.8,,,91.1,,,,,5.72,414.12,2.91,1.92,59.8,1.76,1.91,6.79,1.65,57.7,66.2,,,,,,,,,,,
Andreas Christensen,Barcelona,La Liga,2025/26,CB,28,1838,64.8,,,92.0,,,,,5.03,478.0,4.67,1.9,76.0,1.16,1.16,7.06,3.0,64.8,72.0,,,,,,,,,,,
Andreas Christensen,Barcelona,La Liga,2024/25,CB,27,1838,64.8,,,93.8,,,,,5.13,487.56,4.76,1.94,77.5,1.18,1.18,7.2,3.06,66.1,73.4,,,,,,,,,,,
Pau Cubarsi,Barcelona,La Liga,2025/26,CB,17,1962,64.8,,,93.4,,,,,7.85,540.0,7.45,1.65,82.0,2.65,2.15,7.45,1.85,68.5,76.0,,,,,,,,,,,
Pau Cubarsi,Barcelona,La Liga,2024/25,CB,16,1667,64.8,,,85.9,,,,,7.22,496.8,6.85,1.52,75.4,2.44,1.98,6.85,1.7,63.0,69.9,,,,,,,,,,,
Inigo Martinez,Barcelona,La Liga,2025/26,CB,33,2839,64.8,,,86.1,,,,,4.09,423.3,3.1,1.85,56.4,2.8,1.87,7.27,2.15,68.4,73.4,,,,,,,,,,,
Inigo Martinez,Barcelona,La Liga,2024/25,CB,32,2839,64.8,,,90.4,,,,,4.29,444.47,3.26,1.94,59.2,2.94,1.96,7.63,2.26,71.8,77.1,,,,,,,,,,,
Eric Garcia,Barcelona,La Liga,2025/26,CB,23,1831,64.8,,,91.1,,,,,5.12,306.5,3.12,1.96,74.9,3.14,3.42,5.82,2.38,62.8,61.2,,,,,,,,,,,
Eric Garcia,Barcelona,La Liga,2024/25,CB,22,1831,64.8,,,87.5,,,,,4.92,294.24,3.0,1.88,71.9,3.01,3.28,5.59,2.28,60.3,58.8,,,,,,,,,,,
Alejandro Balde,Barcelona,La Liga,2025/26,FB,20,2977,64.8,,,74.0,,,,,5.13,,4.2,3.32,60.3,3.82,1.89,6.72,,52.6,,0.19,1.34,0.6,0.86,2.04,0.29,,,,,
Alejandro Balde,Barcelona,La Liga,2024/25,FB,19,2530,64.8,,,68.1,,,,,4.72,,3.86,3.05,55.5,3.51,1.74,6.18,,48.4,,0.17,1.23,0.55,0.79,1.88,0.27,,,,,
Jules Kounde,Barcelona,La Liga,2025/26,FB,25,1830,64.8,,,78.5,,,,,6.44,,5.3,3.99,58.4,1.52,1.04,7.0,,52.3,,0.12,3.28,1.56,0.84,3.01,0.22,,,,,
Jules Kounde,Barcelona,La Liga,2024/25,FB,24,1830,64.8,,,80.1,,,,,6.57,,5.41,4.07,59.6,1.55,1.06,7.14,,53.3,,0.12,3.35,1.59,0.86,3.07,0.22,,,,,
Hector Fort,Barcelona,La Liga,2025/26,FB,18,3118,64.8,,,87.1,,,,,3.08,,5.77,4.14,48.1,3.82,1.02,5.53,,44.8,,0.16,2.35,0.81,1.08,1.83,0.56,,,,,
Hector Fort,Barcelona,La Liga,2024/25,FB,17,2650,64.8,,,80.1,,,,,2.83,,5.31,3.81,44.3,3.51,0.94,5.09,,41.2,,0.15,2.16,0.75,0.99,1.68,0.52,,,,,
Gerard Martin,Barcelona,La Liga,2025/26,FB,22,2286,64.8,,,72.6,,,,,5.7,,5.66,4.35,46.5,3.65,1.92,4.62,,61.0,,0.09,2.22,0.95,1.48,2.73,0.42,,,,,
Gerard Martin,Barcelona,La Liga,2024/25,FB,21,2286,64.8,,,69.7,,,,,5.47,,5.43,4.18,44.6,3.5,1.84,4.44,,58.6,,0.09,2.13,0.91,1.42,2.62,0.4,,,,,
Pedri,Barcelona,La Liga,2025/26,CM,21,3077,64.8,,,91.8,,,,,9.15,,8.65,5.45,76.5,2.65,1.75,7.95,1.45,46.0,,0.34,5.65,2.45,2.85,,,0.22,,,,
Pedri,Barcelona,La Liga,2024/25,CM,20,3077,64.8,,,84.5,,,,,8.42,,7.96,5.01,70.4,2.44,1.61,7.31,1.33,42.3,,0.31,5.2,2.25,2.62,,,0.2,,,,
Gavi,Barcelona,La Liga,2025/26,CM,20,1547,64.8,,,79.3,,,,,7.19,,7.85,3.96,56.0,1.88,3.19,6.24,1.05,47.7,,0.23,1.66,1.19,2.27,,,0.1,,,,
Gavi,Barcelona,La Liga,2024/25,CM,19,1314,64.8,,,73.0,,,,,6.61,,7.22,3.64,51.5,1.73,2.93,5.74,0.97,43.9,,0.21,1.53,1.09,2.09,,,0.09,,,,
Frenkie de Jong,Barcelona,La Liga,2025/26,CM,27,3117,64.8,,,77.6,,,,,5.36,,5.92,1.51,55.9,4.5,2.44,7.52,1.07,50.7,,0.26,3.35,0.76,1.77,,,0.12,,,,
Frenkie de Jong,Barcelona,La Liga,2024/25,CM,26,3117,64.8,,,79.2,,,,,5.47,,6.04,1.54,57.0,4.59,2.49,7.67,1.09,51.7,,0.27,3.42,0.78,1.81,,,0.12,,,,
Dani Olmo,Barcelona,La Liga,2025/26,CM,26,1751,64.8,,,75.2,,,,,5.61,,7.26,3.2,70.6,4.29,1.25,7.09,1.45,59.8,,0.11,2.88,1.15,0.85,,,0.07,,,,
Dani Olmo,Barcelona,La Liga,2024/25,CM,25,1751,64.8,,,76.7,,,,,5.72,,7.41,3.26,72.0,4.38,1.27,7.23,1.48,61.0,,0.11,2.94,1.17,0.87,,,0.07,,,,
Fermin Lopez,Barcelona,La Liga,2025/26,CM,21,625,64.8,,,86.8,,,,,5.44,,3.36,1.99,46.2,2.3,1.19,7.61,1.74,57.6,,0.13,3.74,1.23,1.31,,,0.08,,,,
Fermin Lopez,Barcelona,La Liga,2024/25,CM,20,900,64.8,,,79.9,,,,,5.0,,3.09,1.83,42.5,2.12,1.09,7.0,1.6,53.0,,0.12,3.44,1.13,1.21,,,0.07,,,,
Marc Casado,Barcelona,La Liga,2025/26,CM,20,1230,64.8,,,82.1,,,,,4.88,,7.67,3.4,60.0,4.49,3.08,7.45,1.49,54.6,,0.08,3.21,1.95,1.64,,,0.21,,,,
Marc Casado,Barcelona,La Liga,2024/25,CM,19,1045,64.8,,,75.5,,,,,4.49,,7.06,3.13,55.2,4.13,2.83,6.85,1.37,50.2,,0.07,2.95,1.79,1.51,,,0.19,,,,
Marc Bernal,Barcelona,La Liga,2025/26,CM,17,511,64.8,,,75.1,,,,,6.57,,6.67,1.74,73.9,3.05,2.99,6.1,2.33,54.1,,0.22,2.61,2.36,2.19,,,0.09,,,,
Marc Bernal,Barcelona,La Liga,2024/25,CM,16,900,64.8,,,69.1,,,,,6.04,,6.14,1.6,68.0,2.81,2.75,5.61,2.14,49.8,,0.2,2.4,2.17,2.01,,,0.08,,,,
Lamine Yamal,Barcelona,La Liga,2025/26,W,17,3188,64.8,,,,,,,,5.95,,,8.1,59.5,1.75,0.85,5.4,,,,0.46,6.75,2.95,,8.85,0.95,0.38,3.45,8.4,4.65,
Lamine Yamal,Barcelona,La Liga,2024/25,W,16,2709,64.8,,,,,,,,5.47,,,7.45,54.7,1.61,0.78,4.97,,,,0.42,6.21,2.71,,8.14,0.87,0.35,3.17,7.73,4.28,
Raphinha,Barcelona,La Liga,2025/26,W,27,1982,64.8,,,,,,,,6.45,,,6.85,54.0,2.15,0.95,5.8,,,,0.52,7.15,3.35,,5.2,1.25,0.62,3.85,8.65,3.85,
Raphinha,Barcelona,La Liga,2024/25,W,26,1982,64.8,,,,,,,,6.58,,,6.99,55.1,2.19,0.97,5.92,,,,0.53,7.29,3.42,,5.3,1.27,0.63,3.93,8.82,3.93,
Ferran Torres,Barcelona,La Liga,2025/26,W,24,2829,64.8,,,,,,,,5.0,,,6.31,62.1,0.64,1.03,3.8,,,,0.22,4.76,2.59,,3.95,0.3,0.35,3.12,4.83,1.19,
Ferran Torres,Barcelona,La Liga,2024/25,W,23,2829,64.8,,,,,,,,4.8,,,6.06,59.6,0.61,0.99,3.65,,,,0.21,4.57,2.49,,3.79,0.29,0.34,3.0,4.64,1.14,
Ansu Fati,Barcelona,La Liga,2025/26,W,21,1454,64.8,,,,,,,,5.36,,,4.54,59.3,0.95,0.72,4.19,,,,0.22,2.98,1.21,,7.07,1.13,0.34,3.07,6.65,3.26,
Ansu Fati,Barcelona,La Liga,2024/25,W,20,1454,64.8,,,,,,,,4.93,,,4.18,54.6,0.87,0.66,3.85,,,,0.2,2.74,1.11,,6.5,1.04,0.31,2.82,6.12,3.0,
Robert Lewandowski,Barcelona,La Liga,2025/26,ST,36,2038,64.8,,,76.0,,,,,,,,,,0.65,,2.95,,52.0,,0.22,3.65,1.35,,,0.55,0.81,4.2,8.45,1.75,51.0
Robert Lewandowski,Barcelona,La Liga,2024/25,ST,35,2038,64.8,,,79.8,,,,,,,,,,0.68,,3.1,,54.6,,0.23,3.83,1.42,,,0.58,0.85,4.41,8.87,1.84,53.6
Pau Victor,Barcelona,La Liga,2025/26,ST,22,677,64.8,,,73.2,,,,,,,,,,1.03,,2.47,,56.7,,0.21,2.88,1.61,,,0.49,0.49,3.38,7.05,1.42,54.2
Pau Victor,Barcelona,La Liga,2024/25,ST,21,900,64.8,,,70.3,,,,,,,,,,0.99,,2.37,,54.4,,0.2,2.76,1.55,,,0.47,0.47,3.24,6.77,1.36,52.0
Thibaut Courtois,Real Madrid,La Liga,2025/26,GK,32,553,60.5,0.35,82.0,84.5,54.0,1.35,9.2,15.5,,,,,,,,,,,,,,,,,,,,,,
Thibaut Courtois,Real Madrid,La Liga,2024/25,GK,31,900,60.5,0.37,86.1,88.7,56.7,1.42,10.0,16.28,,,,,,,,,,,,,,,,,,,,,,
Andriy Lunin,Real Madrid,La Liga,2025/26,GK,25,1621,60.5,-0.05,72.2,86.2,32.6,0.64,4.5,10.7,,,,,,,,,,,,,,,,,,,,,,
Andriy Lunin,Real Madrid,La Liga,2024/25,GK,24,1621,60.5,0.0,73.6,87.9,33.3,0.65,10.0,10.91,,,,,,,,,,,,,,,,,,,,,,
Antonio Rudiger,Real Madrid,La Liga,2025/26,CB,31,2025,60.5,,,87.9,,,,,4.2,496.2,4.09,1.71,64.6,1.64,2.66,7.7,2.19,56.1,64.1,,,,,,,,,,,
Antonio Rudiger,Real Madrid,La Liga,2024/25,CB,30,2025,60.5,,,92.3,,,,,4.41,521.01,4.29,1.8,67.8,1.72,2.79,8.09,2.3,58.9,67.3,,,,,,,,,,,
Eder Militao,Real Madrid,La Liga,2025/26,CB,26,2617,60.5,,,83.1,,,,,4.17,481.8,1.23,2.17,65.0,2.84,1.72,4.76,2.51,62.1,84.5,,,,,,,,,,,
Eder Militao,Real Madrid,La Liga,2024/25,CB,25,2617,60.5,,,84.8,,,,,4.25,491.44,1.25,2.21,66.3,2.9,1.75,4.86,2.56,63.3,86.2,,,,,,,,,,,
David Alaba,Real Madrid,La Liga,2025/26,CB,32,2272,60.5,,,89.6,,,,,4.72,203.8,4.74,1.08,52.9,1.78,3.27,5.78,2.69,67.7,79.0,,,,,,,,,,,
David Alaba,Real Madrid,La Liga,2024/25,CB,31,2272,60.5,,,94.1,,,,,4.96,213.99,4.98,1.13,55.5,1.87,3.43,6.07,2.82,71.1,83.0,,,,,,,,,,,
Jesus Vallejo,Real Madrid,La Liga,2025/26,CB,27,3006,60.5,,,76.4,,,,,2.51,323.5,4.1,0.97,59.1,1.22,3.4,5.9,2.54,70.7,72.1,,,,,,,,,,,
Jesus Vallejo,Real Madrid,La Liga,2024/25,CB,26,3006,60.5,,,77.9,,,,,2.56,329.97,4.18,0.99,60.3,1.24,3.47,6.02,2.59,72.1,73.5,,,,,,,,,,,
Dani Carvajal,Real Madrid,La Liga,2025/26,FB,32,2405,60.5,,,84.0,,,,,3.11,,4.8,2.26,47.5,3.87,1.83,4.1,,49.9,,0.24,2.76,1.4,1.75,1.41,0.43,,,,,
Dani Carvajal,Real Madrid,La Liga,2024/25,FB,31,2405,60.5,,,88.2,,,,,3.27,,5.04,2.37,49.9,4.06,1.92,4.3,,52.4,,0.25,2.9,1.47,1.84,1.48,0.45,,,,,
Ferland Mendy,Real Madrid,La Liga,2025/26,FB,29,2396,60.5,,,79.9,,,,,6.61,,3.57,4.38,46.1,1.73,2.76,6.11,,56.9,,0.15,2.22,1.45,1.51,3.6,0.54,,,,,
Ferland Mendy,Real Madrid,La Liga,2024/25,FB,28,2396,60.5,,,81.5,,,,,6.74,,3.64,4.47,47.0,1.76,2.82,6.23,,58.0,,0.15,2.26,1.48,1.54,3.67,0.55,,,,,
Fran Garcia,Real Madrid,La Liga,2025/26,FB,25,2578,60.5,,,84.0,,,,,4.24,,4.65,3.99,47.7,3.17,2.53,4.58,,40.7,,0.12,2.89,0.64,1.42,1.77,0.51,,,,,
Fran Garcia,Real Madrid,La Liga,2024/25,FB,24,2578,60.5,,,85.7,,,,,4.32,,4.74,4.07,48.7,3.23,2.58,4.67,,41.5,,0.12,2.95,0.65,1.45,1.81,0.52,,,,,
Lucas Vazquez,Real Madrid,La Liga,2025/26,FB,33,2432,60.5,,,71.2,,,,,4.4,,4.66,2.34,44.6,2.46,2.21,7.95,,47.5,,0.11,1.05,0.52,1.64,3.48,0.36,,,,,
Lucas Vazquez,Real Madrid,La Liga,2024/25,FB,32,2432,60.5,,,74.8,,,,,4.62,,4.89,2.46,46.8,2.58,2.32,8.35,,49.9,,0.12,1.1,0.55,1.72,3.65,0.38,,,,,
Jude Bellingham,Real Madrid,La Liga,2025/26,CM,21,906,60.5,,,88.5,,,,,6.85,,6.45,5.95,68.5,2.85,1.65,7.45,1.35,62.0,,0.32,5.45,2.25,2.45,,,0.54,,,,
Jude Bellingham,Real Madrid,La Liga,2024/25,CM,20,906,60.5,,,81.4,,,,,6.3,,5.93,5.47,63.0,2.62,1.52,6.85,1.24,57.0,,0.29,5.01,2.07,2.25,,,0.5,,,,
Federico Valverde,Real Madrid,La Liga,2025/26,CM,26,857,60.5,,,78.7,,,,,8.91,,7.92,2.26,52.5,3.76,2.38,7.37,1.55,63.8,,0.21,2.09,2.01,0.5,,,0.09,,,,
Federico Valverde,Real Madrid,La Liga,2024/25,CM,25,900,60.5,,,80.3,,,,,9.09,,8.08,2.31,53.6,3.84,2.43,7.52,1.58,65.1,,0.21,2.13,2.05,0.51,,,0.09,,,,
Aurelien Tchouameni,Real Madrid,La Liga,2025/26,CM,24,988,60.5,,,87.1,,,,,5.89,,3.36,3.06,45.0,4.26,1.7,5.66,1.83,42.1,,0.24,4.07,1.88,1.95,,,0.21,,,,
Aurelien Tchouameni,Real Madrid,La Liga,2024/25,CM,23,988,60.5,,,83.6,,,,,5.65,,3.23,2.94,43.2,4.09,1.63,5.43,1.76,40.4,,0.23,3.91,1.8,1.87,,,0.2,,,,
Eduardo Camavinga,Real Madrid,La Liga,2025/26,CM,21,1962,60.5,,,76.8,,,,,6.74,,6.17,3.96,49.8,4.46,2.49,5.61,1.52,57.0,,0.15,4.49,1.8,1.15,,,0.23,,,,
Eduardo Camavinga,Real Madrid,La Liga,2024/25,CM,20,1962,60.5,,,70.7,,,,,6.2,,5.68,3.64,45.8,4.1,2.29,5.16,1.4,52.4,,0.14,4.13,1.66,1.06,,,0.21,,,,
Luka Modric,Real Madrid,La Liga,2025/26,CM,39,1559,60.5,,,84.4,,,,,5.41,,7.58,2.16,68.4,2.14,2.7,6.0,1.23,42.4,,0.19,2.8,2.33,1.95,,,0.06,,,,
Luka Modric,Real Madrid,La Liga,2024/25,CM,38,1559,60.5,,,88.6,,,,,5.68,,7.96,2.27,71.8,2.25,2.84,6.3,1.29,44.5,,0.2,2.94,2.45,2.05,,,0.06,,,,
Dani Ceballos,Real Madrid,La Liga,2025/26,CM,28,2591,60.5,,,82.7,,,,,7.51,,4.21,3.14,46.6,3.08,2.13,7.08,1.48,49.7,,0.07,4.4,2.32,1.42,,,0.16,,,,
Dani Ceballos,Real Madrid,La Liga,2024/25,CM,27,2591,60.5,,,84.4,,,,,7.66,,4.29,3.2,47.5,3.14,2.17,7.22,1.51,50.7,,0.07,4.49,2.37,1.45,,,0.16,,,,
Arda Guler,Real Madrid,La Liga,2025/26,CM,19,1928,60.5,,,77.3,,,,,6.47,,7.87,3.98,59.5,2.17,1.75,5.98,2.25,64.7,,0.25,1.76,1.0,1.02,,,0.07,,,,
Arda Guler,Real Madrid,La Liga,2024/25,CM,18,1638,60.5,,,71.1,,,,,5.95,,7.24,3.66,54.7,2.0,1.61,5.5,2.07,59.5,,0.23,1.62,0.92,0.94,,,0.06,,,,
Vinicius Junior,Real Madrid,La Liga,2025/26,W,24,1797,60.5,,,,,,,,3.05,,,3.68,39.0,1.71,1.39,3.97,,,,0.27,4.27,1.24,,7.69,1.04,0.23,3.83,3.02,1.3,
Vinicius Junior,Real Madrid,La Liga,2024/25,W,23,1797,60.5,,,,,,,,2.93,,,3.53,37.4,1.64,1.33,3.81,,,,0.26,4.1,1.19,,7.38,1.0,0.22,3.68,2.9,1.25,
Rodrygo,Real Madrid,La Liga,2025/26,W,23,2398,60.5,,,,,,,,5.45,,,3.5,47.1,1.61,1.21,4.45,,,,0.21,5.16,1.84,,5.27,0.27,0.16,2.83,7.83,3.13,
Rodrygo,Real Madrid,La Liga,2024/25,W,22,2398,60.5,,,,,,,,5.23,,,3.36,45.2,1.55,1.16,4.27,,,,0.2,4.95,1.77,,5.06,0.26,0.15,2.72,7.52,3.0,
Brahim Diaz,Real Madrid,La Liga,2025/26,W,25,923,60.5,,,,,,,,4.99,,,4.47,43.2,2.05,1.05,3.66,,,,0.23,2.6,2.02,,6.35,0.8,0.27,2.28,6.42,2.65,
Brahim Diaz,Real Madrid,La Liga,2024/25,W,24,923,60.5,,,,,,,,5.09,,,4.56,44.1,2.09,1.07,3.73,,,,0.23,2.65,2.06,,6.48,0.82,0.28,2.33,6.55,2.7,
Kylian Mbappe,Real Madrid,La Liga,2025/26,ST,25,2603,60.5,,,81.0,,,,,,,,,,0.65,,2.95,,42.0,,0.28,5.45,2.1,,,0.55,0.82,4.65,9.85,4.45,52.0
Kylian Mbappe,Real Madrid,La Liga,2024/25,ST,24,2603,60.5,,,82.6,,,,,,,,,,0.66,,3.01,,42.8,,0.29,5.56,2.14,,,0.56,0.84,4.74,10.05,4.54,53.0
Endrick,Real Madrid,La Liga,2025/26,ST,18,856,60.5,,,66.7,,,,,,,,,,1.37,,1.58,,54.2,,0.11,3.23,1.83,,,0.52,0.66,4.74,4.54,1.87,47.6
Endrick,Real Madrid,La Liga,2024/25,ST,17,900,60.5,,,61.4,,,,,,,,,,1.26,,1.45,,49.9,,0.1,2.97,1.68,,,0.48,0.61,4.36,4.18,1.72,43.8
Alex Remiro,Real Sociedad,La Liga,2025/26,GK,29,3104,55.4,0.21,71.2,60.4,59.7,0.76,9.6,13.1,,,,,,,,,,,,,,,,,,,,,,
Alex Remiro,Real Sociedad,La Liga,2024/25,GK,28,3104,55.4,0.21,72.6,61.6,60.9,0.78,10.0,13.36,,,,,,,,,,,,,,,,,,,,,,
Unai Marrero,Real Sociedad,La Liga,2025/26,GK,22,1340,55.4,-0.28,65.1,63.6,39.3,1.06,6.2,17.9,,,,,,,,,,,,,,,,,,,,,,
Unai Marrero,Real Sociedad,La Liga,2024/25,GK,21,1340,55.4,0.0,62.5,61.1,37.7,1.02,10.0,17.18,,,,,,,,,,,,,,,,,,,,,,
Igor Zubeldia,Real Sociedad,La Liga,2025/26,CB,27,2468,55.4,,,80.5,,,,,3.08,291.7,4.21,1.41,50.5,3.39,2.03,4.67,1.61,64.1,71.7,,,,,,,,,,,
Igor Zubeldia,Real Sociedad,La Liga,2024/25,CB,26,2468,55.4,,,82.1,,,,,3.14,297.53,4.29,1.44,51.5,3.46,2.07,4.76,1.64,65.4,73.1,,,,,,,,,,,
Jon Pacheco,Real Sociedad,La Liga,2025/26,CB,23,2159,55.4,,,86.7,,,,,5.23,419.1,4.72,1.92,54.0,1.1,3.41,4.69,2.09,56.5,70.2,,,,,,,,,,,
Jon Pacheco,Real Sociedad,La Liga,2024/25,CB,22,2159,55.4,,,83.2,,,,,5.02,402.34,4.53,1.84,51.8,1.06,3.27,4.5,2.01,54.2,67.4,,,,,,,,,,,
Aritz Elustondo,Real Sociedad,La Liga,2025/26,CB,30,1175,55.4,,,78.2,,,,,3.99,284.3,4.78,0.82,72.5,1.17,1.1,6.64,2.67,72.0,56.8,,,,,,,,,,,
Aritz Elustondo,Real Sociedad,La Liga,2024/25,CB,29,1175,55.4,,,79.8,,,,,4.07,289.99,4.88,0.84,74.0,1.19,1.12,6.77,2.72,73.4,57.9,,,,,,,,,,,
Nayef Aguerd,Real Sociedad,La Liga,2025/26,CB,28,1175,55.4,,,80.7,,,,,2.24,372.6,1.09,2.25,41.7,3.34,3.09,5.12,2.59,56.9,84.3,,,,,,,,,,,
Nayef Aguerd,Real Sociedad,La Liga,2024/25,CB,27,1175,55.4,,,82.3,,,,,2.28,380.05,1.11,2.29,42.5,3.41,3.15,5.22,2.64,58.0,86.0,,,,,,,,,,,
Hamari Traore,Real Sociedad,La Liga,2025/26,FB,32,1061,55.4,,,78.5,,,,,4.57,,3.88,3.99,62.9,3.3,2.57,6.73,,49.4,,0.16,3.36,1.41,0.67,1.21,0.17,,,,,
Hamari Traore,Real Sociedad,La Liga,2024/25,FB,31,1061,55.4,,,82.4,,,,,4.8,,4.07,4.19,66.0,3.46,2.7,7.07,,51.9,,0.17,3.53,1.48,0.7,1.27,0.18,,,,,
Javi Lopez,Real Sociedad,La Liga,2025/26,FB,22,1773,55.4,,,87.2,,,,,3.14,,2.49,1.67,46.2,2.12,1.78,4.63,,56.2,,0.08,1.18,0.57,1.43,1.11,0.46,,,,,
Javi Lopez,Real Sociedad,La Liga,2024/25,FB,21,1773,55.4,,,83.7,,,,,3.01,,2.39,1.6,44.4,2.04,1.71,4.44,,54.0,,0.08,1.13,0.55,1.37,1.07,0.44,,,,,
Alvaro Odriozola,Real Sociedad,La Liga,2025/26,FB,28,1345,55.4,,,79.5,,,,,3.68,,2.82,2.03,53.9,3.6,1.83,5.95,,55.1,,0.12,1.69,1.97,1.89,2.17,0.22,,,,,
Alvaro Odriozola,Real Sociedad,La Liga,2024/25,FB,27,1345,55.4,,,81.1,,,,,3.75,,2.88,2.07,55.0,3.67,1.87,6.07,,56.2,,0.12,1.72,2.01,1.93,2.21,0.22,,,,,
Aihen Munoz,Real Sociedad,La Liga,2025/26,FB,27,1157,55.4,,,77.4,,,,,4.31,,4.87,2.22,53.9,3.96,2.62,4.54,,57.9,,0.07,2.83,1.7,1.86,1.25,0.35,,,,,
Aihen Munoz,Real Sociedad,La Liga,2024/25,FB,26,1157,55.4,,,78.9,,,,,4.4,,4.97,2.26,55.0,4.04,2.67,4.63,,59.1,,0.07,2.89,1.73,1.9,1.27,0.36,,,,,
Martin Zubimendi,Real Sociedad,La Liga,2025/26,CM,25,551,55.4,,,76.5,,,,,5.39,,3.93,3.97,64.2,1.79,2.22,6.54,1.8,53.1,,0.22,2.99,0.82,2.02,,,0.1,,,,
Martin Zubimendi,Real Sociedad,La Liga,2024/25,CM,24,900,55.4,,,78.0,,,,,5.5,,4.01,4.05,65.5,1.83,2.26,6.67,1.84,54.2,,0.22,3.05,0.84,2.06,,,0.1,,,,
Brais Mendez,Real Sociedad,La Liga,2025/26,CM,27,582,55.4,,,75.9,,,,,6.91,,8.0,2.82,66.6,2.22,3.02,6.61,1.26,59.6,,0.13,4.16,1.36,1.64,,,0.24,,,,
Brais Mendez,Real Sociedad,La Liga,2024/25,CM,26,900,55.4,,,77.4,,,,,7.05,,8.16,2.88,67.9,2.26,3.08,6.74,1.29,60.8,,0.13,4.24,1.39,1.67,,,0.24,,,,
Benat Turrientes,Real Sociedad,La Liga,2025/26,CM,22,1241,55.4,,,87.8,,,,,5.85,,3.21,3.18,58.8,2.01,1.15,6.36,2.0,53.5,,0.27,3.96,1.52,1.88,,,0.23,,,,
Benat Turrientes,Real Sociedad,La Liga,2024/25,CM,21,1241,55.4,,,84.3,,,,,5.62,,3.08,3.05,56.4,1.93,1.1,6.11,1.92,51.4,,0.26,3.8,1.46,1.8,,,0.22,,,,
Luka Sucic,Real Sociedad,La Liga,2025/26,CM,21,2712,55.4,,,80.0,,,,,6.9,,4.22,3.23,50.6,2.99,2.89,6.51,1.01,53.4,,0.12,3.79,0.72,2.33,,,0.05,,,,
Luka Sucic,Real Sociedad,La Liga,2024/25,CM,20,2712,55.4,,,73.6,,,,,6.35,,3.88,2.97,46.6,2.75,2.66,5.99,0.93,49.1,,0.11,3.49,0.66,2.14,,,0.05,,,,
Arsen Zakharyan,Real Sociedad,La Liga,2025/26,CM,21,2262,55.4,,,87.8,,,,,5.18,,6.47,3.58,51.9,3.43,1.8,6.75,1.18,45.9,,0.06,2.71,0.59,0.96,,,0.21,,,,
Arsen Zakharyan,Real Sociedad,La Liga,2024/25,CM,20,2262,55.4,,,80.8,,,,,4.77,,5.95,3.29,47.7,3.16,1.66,6.21,1.09,42.2,,0.06,2.49,0.54,0.88,,,0.19,,,,
Urko Gonzalez,Real Sociedad,La Liga,2025/26,CM,23,2006,55.4,,,77.7,,,,,5.03,,5.16,1.79,54.8,3.39,1.3,5.5,2.22,52.9,,0.24,2.96,0.52,1.19,,,0.18,,,,
Urko Gonzalez,Real Sociedad,La Liga,2024/25,CM,22,2006,55.4,,,74.6,,,,,4.83,,4.95,1.72,52.6,3.25,1.25,5.28,2.13,50.8,,0.23,2.84,0.5,1.14,,,0.17,,,,
Takefusa Kubo,Real Sociedad,La Liga,2025/26,W,23,1578,55.4,,,,,,,,5.52,,,5.59,42.1,1.48,0.78,2.39,,,,0.15,2.93,1.24,,6.96,1.18,0.36,3.48,3.81,1.49,
Takefusa Kubo,Real Sociedad,La Liga,2024/25,W,22,1578,55.4,,,,,,,,5.3,,,5.37,40.4,1.42,0.75,2.29,,,,0.14,2.81,1.19,,6.68,1.13,0.35,3.34,3.66,1.43,
Mikel Oyarzabal,Real Sociedad,La Liga,2025/26,W,27,1686,55.4,,,,,,,,3.44,,,4.99,53.9,0.72,0.49,3.0,,,,0.28,4.55,1.81,,4.99,0.45,0.28,2.59,7.48,2.5,
Mikel Oyarzabal,Real Sociedad,La Liga,2024/25,W,26,1686,55.4,,,,,,,,3.51,,,5.09,55.0,0.73,0.5,3.06,,,,0.29,4.64,1.85,,5.09,0.46,0.29,2.64,7.63,2.55,
Ander Barrenetxea,Real Sociedad,La Liga,2025/26,W,22,1874,55.4,,,,,,,,5.38,,,6.4,48.6,1.31,0.42,2.01,,,,0.26,4.05,2.94,,6.02,0.69,0.33,3.8,6.99,2.86,
Ander Barrenetxea,Real Sociedad,La Liga,2024/25,W,21,1874,55.4,,,,,,,,5.16,,,6.14,46.7,1.26,0.4,1.93,,,,0.25,3.89,2.82,,5.78,0.66,0.32,3.65,6.71,2.75,
Sheraldo Becker,Real Sociedad,La Liga,2025/26,W,29,1832,55.4,,,,,,,,4.89,,,3.49,35.5,1.69,1.11,3.56,,,,0.3,2.67,2.39,,4.04,0.86,0.32,3.06,4.78,2.68,
Sheraldo Becker,Real Sociedad,La Liga,2024/25,W,28,1832,55.4,,,,,,,,4.99,,,3.56,36.2,1.72,1.13,3.63,,,,0.31,2.72,2.44,,4.12,0.88,0.33,3.12,4.88,2.73,
Umar Sadiq,Real Sociedad,La Liga,2025/26,ST,27,2693,55.4,,,79.9,,,,,,,,,,1.42,,1.75,,49.7,,0.21,2.55,1.91,,,0.24,0.72,2.57,5.45,0.92,42.6
Umar Sadiq,Real Sociedad,La Liga,2024/25,ST,26,2693,55.4,,,81.5,,,,,,,,,,1.45,,1.79,,50.7,,0.21,2.6,1.95,,,0.24,0.73,2.62,5.56,0.94,43.5
Orri Oskarsson,Real Sociedad,La Liga,2025/26,ST,20,664,55.4,,,71.2,,,,,,,,,,1.4,,3.2,,47.2,,0.2,2.62,1.72,,,0.76,0.38,3.37,4.72,1.44,46.9
Orri Oskarsson,Real Sociedad,La Liga,2024/25,ST,19,900,55.4,,,65.5,,,,,,,,,,1.29,,2.94,,43.4,,0.18,2.41,1.58,,,0.7,0.35,3.1,4.34,1.32,43.1
Rui Silva,Real Betis,La Liga,2025/26,GK,30,737,51.5,0.07,78.8,68.7,52.8,1.51,9.5,11.5,,,,,,,,,,,,,,,,,,,,,,
Rui Silva,Real Betis,La Liga,2024/25,GK,29,900,51.5,0.07,80.4,70.1,53.9,1.54,10.0,11.73,,,,,,,,,,,,,,,,,,,,,,
Adrian,Real Betis,La Liga,2025/26,GK,37,1122,51.5,-0.06,70.5,78.6,44.9,1.47,7.3,13.4,,,,,,,,,,,,,,,,,,,,,,
Adrian,Real Betis,La Liga,2024/25,GK,36,1122,51.5,0.0,74.0,82.5,47.1,1.54,10.0,14.07,,,,,,,,,,,,,,,,,,,,,,
Diego Llorente,Real Betis,La Liga,2025/26,CB,31,1974,51.5,,,76.3,,,,,2.73,243.2,4.04,2.43,53.8,2.18,1.5,7.72,2.16,73.8,58.5,,,,,,,,,,,
Diego Llorente,Real Betis,La Liga,2024/25,CB,30,1974,51.5,,,80.1,,,,,2.87,255.36,4.24,2.55,56.5,2.29,1.58,8.11,2.27,77.5,61.4,,,,,,,,,,,
Marc Bartra,Real Betis,La Liga,2025/26,CB,33,1887,51.5,,,91.3,,,,,3.75,416.0,1.04,1.12,77.4,1.15,3.46,5.97,1.24,73.6,58.5,,,,,,,,,,,
Marc Bartra,Real Betis,La Liga,2024/25,CB,32,1887,51.5,,,95.9,,,,,3.94,436.8,1.09,1.18,81.3,1.21,3.63,6.27,1.3,77.3,61.4,,,,,,,,,,,
Natan,Real Betis,La Liga,2025/26,CB,23,2342,51.5,,,85.3,,,,,3.85,381.1,4.38,1.63,70.7,1.93,1.23,4.05,2.49,68.7,84.9,,,,,,,,,,,
Natan,Real Betis,La Liga,2024/25,CB,22,2342,51.5,,,81.9,,,,,3.7,365.86,4.2,1.56,67.9,1.85,1.18,3.89,2.39,66.0,81.5,,,,,,,,,,,
Nobel Mendy,Real Betis,La Liga,2025/26,CB,20,1750,51.5,,,86.8,,,,,4.4,202.7,2.89,0.99,72.1,2.62,1.53,5.29,1.68,67.7,64.3,,,,,,,,,,,
Nobel Mendy,Real Betis,La Liga,2024/25,CB,19,1487,51.5,,,79.9,,,,,4.05,186.48,2.66,0.91,66.3,2.41,1.41,4.87,1.55,62.3,59.2,,,,,,,,,,,
Hector Bellerin,Real Betis,La Liga,2025/26,FB,29,1364,51.5,,,75.5,,,,,6.47,,3.99,4.05,46.0,1.75,2.01,4.4,,51.8,,0.12,2.96,1.44,1.1,2.1,0.61,,,,,
Hector Bellerin,Real Betis,La Liga,2024/25,FB,28,1364,51.5,,,77.0,,,,,6.6,,4.07,4.13,46.9,1.79,2.05,4.49,,52.8,,0.12,3.02,1.47,1.12,2.14,0.62,,,,,
Romain Perraud,Real Betis,La Liga,2025/26,FB,26,2000,51.5,,,83.0,,,,,4.48,,3.28,4.21,52.6,2.89,2.74,6.27,,62.4,,0.05,2.5,1.51,1.27,2.07,0.73,,,,,
Romain Perraud,Real Betis,La Liga,2024/25,FB,25,2000,51.5,,,84.7,,,,,4.57,,3.35,4.29,53.7,2.95,2.79,6.4,,63.6,,0.05,2.55,1.54,1.3,2.11,0.74,,,,,
Youssouf Sabaly,Real Betis,La Liga,2025/26,FB,31,1702,51.5,,,76.4,,,,,3.16,,3.68,4.33,59.2,3.32,1.03,7.24,,45.9,,0.11,1.64,1.59,1.86,3.68,0.33,,,,,
Youssouf Sabaly,Real Betis,La Liga,2024/25,FB,30,1702,51.5,,,80.2,,,,,3.32,,3.86,4.55,62.2,3.49,1.08,7.6,,48.2,,0.12,1.72,1.67,1.95,3.86,0.35,,,,,
Ricardo Rodriguez,Real Betis,La Liga,2025/26,FB,32,1727,51.5,,,71.8,,,,,5.97,,2.41,4.04,54.2,3.18,1.44,6.38,,55.6,,0.12,3.2,1.78,0.73,3.45,0.27,,,,,
Ricardo Rodriguez,Real Betis,La Liga,2024/25,FB,31,1727,51.5,,,75.4,,,,,6.27,,2.53,4.24,56.9,3.34,1.51,6.7,,58.4,,0.13,3.36,1.87,0.77,3.62,0.28,,,,,
William Carvalho,Real Betis,La Liga,2025/26,CM,32,2569,51.5,,,91.5,,,,,6.29,,5.29,3.2,63.1,3.07,2.97,6.93,1.84,50.2,,0.1,3.6,1.83,0.92,,,0.12,,,,
William Carvalho,Real Betis,La Liga,2024/25,CM,31,2569,51.5,,,96.1,,,,,6.6,,5.55,3.36,66.3,3.22,3.12,7.28,1.93,52.7,,0.11,3.78,1.92,0.97,,,0.13,,,,
Marc Roca,Real Betis,La Liga,2025/26,CM,27,1366,51.5,,,77.9,,,,,8.32,,6.44,2.59,47.4,3.33,2.16,7.11,2.46,51.4,,0.13,3.29,1.52,0.94,,,0.16,,,,
Marc Roca,Real Betis,La Liga,2024/25,CM,26,1366,51.5,,,79.5,,,,,8.49,,6.57,2.64,48.3,3.4,2.2,7.25,2.51,52.4,,0.13,3.36,1.55,0.96,,,0.16,,,,
Johnny Cardoso,Real Betis,La Liga,2025/26,CM,22,1082,51.5,,,77.1,,,,,5.02,,6.45,3.5,46.4,3.52,2.48,8.7,1.4,48.8,,0.18,1.51,1.72,0.54,,,0.24,,,,
Johnny Cardoso,Real Betis,La Liga,2024/25,CM,21,1082,51.5,,,74.0,,,,,4.82,,6.19,3.36,44.5,3.38,2.38,8.35,1.34,46.8,,0.17,1.45,1.65,0.52,,,0.23,,,,
Sergi Altimira,Real Betis,La Liga,2025/26,CM,23,1222,51.5,,,82.7,,,,,4.89,,4.86,2.81,73.3,1.74,2.3,5.26,2.42,59.2,,0.07,2.09,0.69,2.39,,,0.14,,,,
Sergi Altimira,Real Betis,La Liga,2024/25,CM,22,1222,51.5,,,79.4,,,,,4.69,,4.67,2.7,70.4,1.67,2.21,5.05,2.32,56.8,,0.07,2.01,0.66,2.29,,,0.13,,,,
Isco,Real Betis,La Liga,2025/26,CM,32,2714,51.5,,,89.6,,,,,6.36,,4.12,2.45,49.9,1.52,1.07,5.29,2.44,59.2,,0.07,2.79,2.17,2.37,,,0.17,,,,
Isco,Real Betis,La Liga,2024/25,CM,31,2714,51.5,,,94.1,,,,,6.68,,4.33,2.57,52.4,1.6,1.12,5.55,2.56,62.2,,0.07,2.93,2.28,2.49,,,0.18,,,,
Giovani Lo Celso,Real Betis,La Liga,2025/26,CM,28,2141,51.5,,,81.1,,,,,7.96,,7.77,1.92,47.1,2.63,3.36,5.54,1.81,54.6,,0.09,3.92,1.49,1.27,,,0.09,,,,
Giovani Lo Celso,Real Betis,La Liga,2024/25,CM,27,2141,51.5,,,82.7,,,,,8.12,,7.93,1.96,48.0,2.68,3.43,5.65,1.85,55.7,,0.09,4.0,1.52,1.3,,,0.09,,,,
Pablo Fornals,Real Betis,La Liga,2025/26,CM,28,1314,51.5,,,85.4,,,,,4.61,,7.36,2.06,53.0,4.1,2.78,8.35,1.96,61.5,,0.11,1.68,1.4,2.06,,,0.19,,,,
Pablo Fornals,Real Betis,La Liga,2024/25,CM,27,1314,51.5,,,87.1,,,,,4.7,,7.51,2.1,54.1,4.18,2.84,8.52,2.0,62.7,,0.11,1.71,1.43,2.1,,,0.19,,,,
Ez Abde,Real Betis,La Liga,2025/26,W,22,659,51.5,,,,,,,,3.03,,,5.47,39.9,1.92,0.94,3.14,,,,0.31,3.2,2.18,,7.76,1.02,0.3,3.05,4.66,2.18,
Ez Abde,Real Betis,La Liga,2024/25,W,21,900,51.5,,,,,,,,2.91,,,5.25,38.3,1.84,0.9,3.01,,,,0.3,3.07,2.09,,7.45,0.98,0.29,2.93,4.47,2.09,
Juanmi,Real Betis,La Liga,2025/26,W,31,1718,51.5,,,,,,,,2.65,,,6.52,53.0,2.42,1.02,2.22,,,,0.3,2.98,1.5,,7.25,0.35,0.35,1.67,4.13,2.06,
Juanmi,Real Betis,La Liga,2024/25,W,30,1718,51.5,,,,,,,,2.78,,,6.85,55.7,2.54,1.07,2.33,,,,0.32,3.13,1.58,,7.61,0.37,0.37,1.75,4.34,2.16,
Assane Diao,Real Betis,La Liga,2025/26,W,19,2712,51.5,,,,,,,,4.66,,,5.57,63.3,1.14,1.1,2.54,,,,0.29,3.08,2.02,,7.21,0.82,0.33,3.44,5.72,1.4,
Assane Diao,Real Betis,La Liga,2024/25,W,18,2305,51.5,,,,,,,,4.29,,,5.12,58.2,1.05,1.01,2.34,,,,0.27,2.83,1.86,,6.63,0.75,0.3,3.16,5.26,1.29,
Cedric Bakambu,Real Betis,La Liga,2025/26,ST,33,1324,51.5,,,68.8,,,,,,,,,,1.22,,2.88,,45.5,,0.09,1.69,1.65,,,0.55,0.39,4.42,8.48,1.25,50.6
Cedric Bakambu,Real Betis,La Liga,2024/25,ST,32,1324,51.5,,,72.2,,,,,,,,,,1.28,,3.02,,47.8,,0.09,1.77,1.73,,,0.58,0.41,4.64,8.9,1.31,53.1
Vitor Roque,Real Betis,La Liga,2025/26,ST,19,1124,51.5,,,77.0,,,,,,,,,,1.18,,1.4,,52.7,,0.21,2.31,1.32,,,0.69,0.63,2.9,4.01,2.14,51.2
Vitor Roque,Real Betis,La Liga,2024/25,ST,18,955,51.5,,,70.8,,,,,,,,,,1.09,,1.29,,48.5,,0.19,2.13,1.21,,,0.63,0.58,2.67,3.69,1.97,47.1
Ezequiel Avila,Real Betis,La Liga,2025/26,ST,30,1926,51.5,,,66.1,,,,,,,,,,0.44,,2.74,,37.5,,0.24,3.26,1.77,,,0.7,0.44,4.74,8.37,0.98,50.2
Ezequiel Avila,Real Betis,La Liga,2024/25,ST,29,1926,51.5,,,67.4,,,,,,,,,,0.45,,2.79,,38.2,,0.24,3.33,1.81,,,0.71,0.45,4.83,8.54,1.0,51.2
Diego Conde,Villarreal,La Liga,2025/26,GK,26,1766,49.5,-0.2,63.5,71.2,30.5,0.79,6.8,11.4,,,,,,,,,,,,,,,,,,,,,,
Diego Conde,Villarreal,La Liga,2024/25,GK,25,1766,49.5,0.0,64.8,72.6,31.1,0.81,10.0,11.63,,,,,,,,,,,,,,,,,,,,,,
Luiz Junior,Villarreal,La Liga,2025/26,GK,23,2387,49.5,-0.11,78.1,66.8,56.1,1.8,5.7,14.5,,,,,,,,,,,,,,,,,,,,,,
Luiz Junior,Villarreal,La Liga,2024/25,GK,22,2387,49.5,0.0,75.0,64.1,53.9,1.73,10.0,13.92,,,,,,,,,,,,,,,,,,,,,,
Raul Albiol,Villarreal,La Liga,2025/26,CB,38,2437,49.5,,,75.6,,,,,5.91,352.8,4.05,1.75,78.4,1.82,2.91,7.53,1.29,59.9,79.9,,,,,,,,,,,
Raul Albiol,Villarreal,La Liga,2024/25,CB,37,2437,49.5,,,79.4,,,,,6.21,370.44,4.25,1.84,82.3,1.91,3.06,7.91,1.35,62.9,83.9,,,,,,,,,,,
Eric Bailly,Villarreal,La Liga,2025/26,CB,30,1983,49.5,,,94.5,,,,,3.4,317.3,2.64,1.18,41.0,2.01,2.82,6.82,2.53,55.9,56.2,,,,,,,,,,,
Eric Bailly,Villarreal,La Liga,2024/25,CB,29,1983,49.5,,,96.4,,,,,3.47,323.65,2.69,1.2,41.8,2.05,2.88,6.96,2.58,57.0,57.3,,,,,,,,,,,
Willy Kambwala,Villarreal,La Liga,2025/26,CB,20,997,49.5,,,75.2,,,,,4.75,464.8,2.41,2.01,55.9,1.0,1.01,6.48,2.61,65.4,57.8,,,,,,,,,,,
Willy Kambwala,Villarreal,La Liga,2024/25,CB,19,900,49.5,,,69.2,,,,,4.37,427.62,2.22,1.85,51.4,0.92,0.93,5.96,2.4,60.2,53.2,,,,,,,,,,,
Logan Costa,Villarreal,La Liga,2025/26,CB,23,1149,49.5,,,79.7,,,,,4.68,249.1,2.67,0.61,59.0,3.34,3.37,6.15,1.53,59.9,73.7,,,,,,,,,,,
Logan Costa,Villarreal,La Liga,2024/25,CB,22,1149,49.5,,,76.5,,,,,4.49,239.14,2.56,0.59,56.6,3.21,3.24,5.9,1.47,57.5,70.8,,,,,,,,,,,
Juan Foyth,Villarreal,La Liga,2025/26,FB,26,1955,49.5,,,75.4,,,,,5.82,,3.59,1.76,56.1,2.07,1.48,6.56,,56.4,,0.24,1.93,1.16,1.3,3.12,0.44,,,,,
Juan Foyth,Villarreal,La Liga,2024/25,FB,25,1955,49.5,,,76.9,,,,,5.94,,3.66,1.8,57.2,2.11,1.51,6.69,,57.5,,0.24,1.97,1.18,1.33,3.18,0.45,,,,,
Kiko Femenia,Villarreal,La Liga,2025/26,FB,33,1191,49.5,,,75.0,,,,,3.05,,5.4,2.16,59.4,3.14,2.24,7.5,,53.4,,0.18,2.5,1.89,1.63,3.2,0.68,,,,,
Kiko Femenia,Villarreal,La Liga,2024/25,FB,32,1191,49.5,,,78.8,,,,,3.2,,5.67,2.27,62.4,3.3,2.35,7.88,,56.1,,0.19,2.62,1.98,1.71,3.36,0.71,,,,,
Alfonso Pedraza,Villarreal,La Liga,2025/26,FB,28,2745,49.5,,,85.9,,,,,6.65,,2.59,2.26,57.6,3.83,1.0,5.71,,47.5,,0.08,2.43,1.73,1.04,3.33,0.68,,,,,
Alfonso Pedraza,Villarreal,La Liga,2024/25,FB,27,2745,49.5,,,87.6,,,,,6.78,,2.64,2.31,58.8,3.91,1.02,5.82,,48.5,,0.08,2.48,1.76,1.06,3.4,0.69,,,,,
Sergi Cardona,Villarreal,La Liga,2025/26,FB,25,1596,49.5,,,77.5,,,,,5.64,,2.93,2.18,51.4,2.28,1.15,5.55,,42.9,,0.17,2.91,1.26,0.79,1.37,0.31,,,,,
Sergi Cardona,Villarreal,La Liga,2024/25,FB,24,1596,49.5,,,79.0,,,,,5.75,,2.99,2.22,52.4,2.33,1.17,5.66,,43.8,,0.17,2.97,1.29,0.81,1.4,0.32,,,,,
Juan Bernat,Villarreal,La Liga,2025/26,FB,31,1806,49.5,,,70.3,,,,,6.21,,4.71,1.69,59.7,3.82,1.51,4.44,,53.0,,0.24,1.36,1.77,0.66,2.0,0.41,,,,,
Juan Bernat,Villarreal,La Liga,2024/25,FB,30,1806,49.5,,,73.8,,,,,6.52,,4.95,1.77,62.7,4.01,1.59,4.66,,55.7,,0.25,1.43,1.86,0.69,2.1,0.43,,,,,
Dani Parejo,Villarreal,La Liga,2025/26,CM,35,1211,49.5,,,80.7,,,,,4.07,,5.87,1.51,58.1,2.22,1.39,5.93,2.2,64.5,,0.23,1.99,0.82,2.3,,,0.18,,,,
Dani Parejo,Villarreal,La Liga,2024/25,CM,34,1211,49.5,,,84.7,,,,,4.27,,6.16,1.59,61.0,2.33,1.46,6.23,2.31,67.7,,0.24,2.09,0.86,2.42,,,0.19,,,,
Santi Comesana,Villarreal,La Liga,2025/26,CM,27,2348,49.5,,,78.6,,,,,7.59,,7.67,3.51,58.6,3.73,2.1,6.09,1.1,61.1,,0.28,4.15,0.8,1.69,,,0.13,,,,
Santi Comesana,Villarreal,La Liga,2024/25,CM,26,2348,49.5,,,80.2,,,,,7.74,,7.82,3.58,59.8,3.8,2.14,6.21,1.12,62.3,,0.29,4.23,0.82,1.72,,,0.13,,,,
Pape Gueye,Villarreal,La Liga,2025/26,CM,25,1884,49.5,,,87.2,,,,,5.27,,7.92,2.3,63.3,2.43,2.43,5.36,1.42,50.2,,0.08,3.24,0.96,0.76,,,0.09,,,,
Pape Gueye,Villarreal,La Liga,2024/25,CM,24,1884,49.5,,,88.9,,,,,5.38,,8.08,2.35,64.6,2.48,2.48,5.47,1.45,51.2,,0.08,3.3,0.98,0.78,,,0.09,,,,
Ramon Terrats,Villarreal,La Liga,2025/26,CM,23,1061,49.5,,,75.6,,,,,6.05,,6.18,3.54,72.4,2.84,2.97,7.1,2.08,41.2,,0.07,3.46,1.13,1.87,,,0.24,,,,
Ramon Terrats,Villarreal,La Liga,2024/25,CM,22,1061,49.5,,,72.6,,,,,5.81,,5.93,3.4,69.5,2.73,2.85,6.82,2.0,39.6,,0.07,3.32,1.08,1.8,,,0.23,,,,
Alex Baena,Villarreal,La Liga,2025/26,CM,23,1399,49.5,,,85.5,,,,,7.08,,5.13,3.18,54.9,3.86,3.09,7.59,1.46,60.0,,0.06,1.96,1.95,2.12,,,0.2,,,,
Alex Baena,Villarreal,La Liga,2024/25,CM,22,1399,49.5,,,82.1,,,,,6.8,,4.92,3.05,52.7,3.71,2.97,7.29,1.4,57.6,,0.06,1.88,1.87,2.04,,,0.19,,,,
Denis Suarez,Villarreal,La Liga,2025/26,CM,30,677,49.5,,,85.5,,,,,5.69,,6.28,2.79,66.9,2.78,1.12,6.73,2.1,59.0,,0.21,3.31,1.19,0.73,,,0.06,,,,
Denis Suarez,Villarreal,La Liga,2024/25,CM,29,900,49.5,,,87.2,,,,,5.8,,6.41,2.85,68.2,2.84,1.14,6.86,2.14,60.2,,0.21,3.38,1.21,0.74,,,0.06,,,,
Yeremy Pino,Villarreal,La Liga,2025/26,W,21,1828,49.5,,,,,,,,5.44,,,6.8,62.7,1.68,1.44,3.19,,,,0.19,3.91,2.85,,4.01,0.45,0.25,3.48,7.96,1.54,
Yeremy Pino,Villarreal,La Liga,2024/25,W,20,1828,49.5,,,,,,,,5.0,,,6.26,57.7,1.55,1.32,2.93,,,,0.17,3.6,2.62,,3.69,0.41,0.23,3.2,7.32,1.42,
Ilias Akhomach,Villarreal,La Liga,2025/26,W,20,711,49.5,,,,,,,,5.62,,,3.04,60.4,1.04,1.43,2.74,,,,0.16,5.48,2.34,,5.79,1.13,0.45,2.02,4.05,1.52,
Ilias Akhomach,Villarreal,La Liga,2024/25,W,19,900,49.5,,,,,,,,5.17,,,2.8,55.6,0.96,1.32,2.52,,,,0.15,5.04,2.15,,5.33,1.04,0.41,1.86,3.73,1.4,
Nicolas Pepe,Villarreal,La Liga,2025/26,W,29,1563,49.5,,,,,,,,2.27,,,3.29,62.9,0.89,1.22,2.31,,,,0.33,3.53,2.48,,7.04,0.59,0.32,2.11,5.16,1.3,
Nicolas Pepe,Villarreal,La Liga,2024/25,W,28,1563,49.5,,,,,,,,2.32,,,3.36,64.2,0.91,1.24,2.36,,,,0.34,3.6,2.53,,7.18,0.6,0.33,2.15,5.26,1.33,
Gerard Moreno,Villarreal,La Liga,2025/26,ST,32,1603,49.5,,,69.2,,,,,,,,,,1.22,,1.56,,47.2,,0.07,2.1,1.77,,,0.14,0.57,3.75,5.63,0.86,40.0
Gerard Moreno,Villarreal,La Liga,2024/25,ST,31,1603,49.5,,,72.7,,,,,,,,,,1.28,,1.64,,49.6,,0.07,2.21,1.86,,,0.15,0.6,3.94,5.91,0.9,42.0
Ayoze Perez,Villarreal,La Liga,2025/26,ST,31,692,49.5,,,80.1,,,,,,,,,,1.0,,1.24,,49.9,,0.08,1.91,1.67,,,0.68,0.64,4.04,7.29,1.57,43.1
Ayoze Perez,Villarreal,La Liga,2024/25,ST,30,900,49.5,,,84.1,,,,,,,,,,1.05,,1.3,,52.4,,0.08,2.01,1.75,,,0.71,0.67,4.24,7.65,1.65,45.3
Thierno Barry,Villarreal,La Liga,2025/26,ST,21,1231,49.5,,,65.3,,,,,,,,,,1.14,,2.46,,36.8,,0.19,2.16,1.98,,,0.15,0.49,2.66,6.93,0.7,43.3
Thierno Barry,Villarreal,La Liga,2024/25,ST,20,1231,49.5,,,60.1,,,,,,,,,,1.05,,2.26,,33.9,,0.17,1.99,1.82,,,0.14,0.45,2.45,6.38,0.64,39.8
Giorgi Mamardashvili,Valencia,La Liga,2025/26,GK,23,1610,45.2,0.06,72.2,70.7,43.2,1.6,4.7,10.3,,,,,,,,,,,,,,,,,,,,,,
Giorgi Mamardashvili,Valencia,La Liga,2024/25,GK,22,1610,45.2,0.06,69.3,67.9,41.5,1.54,10.0,9.89,,,,,,,,,,,,,,,,,,,,,,
Stole Dimitrievski,Valencia,La Liga,2025/26,GK,30,1172,45.2,0.3,63.1,68.8,39.5,2.27,11.5,17.3,,,,,,,,,,,,,,,,,,,,,,
Stole Dimitrievski,Valencia,La Liga,2024/25,GK,29,1172,45.2,0.31,64.4,70.2,40.3,2.32,11.7,17.65,,,,,,,,,,,,,,,,,,,,,,
Cristhian Mosquera,Valencia,La Liga,2025/26,CB,20,2283,45.2,,,81.9,,,,,5.59,352.6,3.97,0.96,56.7,1.58,3.5,6.26,2.13,56.5,61.9,,,,,,,,,,,
Cristhian Mosquera,Valencia,La Liga,2024/25,CB,19,1940,45.2,,,75.3,,,,,5.14,324.39,3.65,0.88,52.2,1.45,3.22,5.76,1.96,52.0,56.9,,,,,,,,,,,
Mouctar Diakhaby,Valencia,La Liga,2025/26,CB,27,672,45.2,,,89.1,,,,,4.68,327.2,3.4,1.38,51.4,1.95,3.24,5.27,2.01,58.0,63.0,,,,,,,,,,,
Mouctar Diakhaby,Valencia,La Liga,2024/25,CB,26,900,45.2,,,90.9,,,,,4.77,333.74,3.47,1.41,52.4,1.99,3.3,5.38,2.05,59.2,64.3,,,,,,,,,,,
Cesar Tarrega,Valencia,La Liga,2025/26,CB,22,2223,45.2,,,92.3,,,,,4.38,346.1,4.64,2.0,78.8,1.05,3.0,4.47,1.41,60.6,79.3,,,,,,,,,,,
Cesar Tarrega,Valencia,La Liga,2024/25,CB,21,2223,45.2,,,88.6,,,,,4.2,332.26,4.45,1.92,75.6,1.01,2.88,4.29,1.35,58.2,76.1,,,,,,,,,,,
Yarek Gasiorowski,Valencia,La Liga,2025/26,CB,19,3077,45.2,,,88.8,,,,,2.65,234.5,2.03,1.24,60.9,1.23,3.41,7.05,2.72,65.7,59.0,,,,,,,,,,,
Yarek Gasiorowski,Valencia,La Liga,2024/25,CB,18,2615,45.2,,,81.7,,,,,2.44,215.74,1.87,1.14,56.0,1.13,3.14,6.49,2.5,60.4,54.3,,,,,,,,,,,
Thierry Correia,Valencia,La Liga,2025/26,FB,25,971,45.2,,,82.8,,,,,3.92,,3.11,4.24,51.4,1.64,2.51,5.76,,46.5,,0.2,1.49,1.51,1.83,1.8,0.67,,,,,
Thierry Correia,Valencia,La Liga,2024/25,FB,24,971,45.2,,,84.5,,,,,4.0,,3.17,4.32,52.4,1.67,2.56,5.88,,47.4,,0.2,1.52,1.54,1.87,1.84,0.68,,,,,
Jose Gaya,Valencia,La Liga,2025/26,FB,29,2942,45.2,,,78.7,,,,,5.96,,3.09,2.63,55.3,2.43,1.54,6.82,,41.9,,0.18,1.78,1.08,0.78,2.11,0.16,,,,,
Jose Gaya,Valencia,La Liga,2024/25,FB,28,2942,45.2,,,80.3,,,,,6.08,,3.15,2.68,56.4,2.48,1.57,6.96,,42.7,,0.18,1.82,1.1,0.8,2.15,0.16,,,,,
Dimitri Foulquier,Valencia,La Liga,2025/26,FB,31,1495,45.2,,,86.2,,,,,6.36,,3.61,2.31,41.4,3.95,2.39,5.51,,49.7,,0.06,2.6,1.3,0.86,2.74,0.16,,,,,
Dimitri Foulquier,Valencia,La Liga,2024/25,FB,30,1495,45.2,,,90.5,,,,,6.68,,3.79,2.43,43.5,4.15,2.51,5.79,,52.2,,0.06,2.73,1.37,0.9,2.88,0.17,,,,,
Jesus Vazquez,Valencia,La Liga,2025/26,FB,21,1258,45.2,,,85.3,,,,,5.12,,4.11,1.59,65.2,3.21,2.61,7.26,,60.9,,0.13,2.97,0.54,0.74,2.44,0.59,,,,,
Jesus Vazquez,Valencia,La Liga,2024/25,FB,20,1258,45.2,,,78.5,,,,,4.71,,3.78,1.46,60.0,2.95,2.4,6.68,,56.0,,0.12,2.73,0.5,0.68,2.24,0.54,,,,,
Pepelu,Valencia,La Liga,2025/26,CM,26,1378,45.2,,,87.9,,,,,4.52,,6.1,2.68,46.7,3.5,2.1,5.98,1.6,50.3,,0.06,3.74,0.91,1.66,,,0.06,,,,
Pepelu,Valencia,La Liga,2024/25,CM,25,1378,45.2,,,89.7,,,,,4.61,,6.22,2.73,47.6,3.57,2.14,6.1,1.63,51.3,,0.06,3.81,0.93,1.69,,,0.06,,,,
Javi Guerra,Valencia,La Liga,2025/26,CM,21,2865,45.2,,,89.9,,,,,8.6,,7.24,2.79,51.9,3.85,1.9,5.7,1.61,49.9,,0.1,3.12,2.32,1.47,,,0.17,,,,
Javi Guerra,Valencia,La Liga,2024/25,CM,20,2865,45.2,,,82.7,,,,,7.91,,6.66,2.57,47.7,3.54,1.75,5.24,1.48,45.9,,0.09,2.87,2.13,1.35,,,0.16,,,,
Hugo Guillamon,Valencia,La Liga,2025/26,CM,24,2565,45.2,,,77.7,,,,,4.96,,5.05,2.39,70.6,2.26,1.86,7.36,1.98,55.1,,0.11,1.76,1.88,1.64,,,0.15,,,,
Hugo Guillamon,Valencia,La Liga,2024/25,CM,23,2565,45.2,,,74.6,,,,,4.76,,4.85,2.29,67.8,2.17,1.79,7.07,1.9,52.9,,0.11,1.69,1.8,1.57,,,0.14,,,,
Enzo Barrenechea,Valencia,La Liga,2025/26,CM,23,803,45.2,,,89.0,,,,,8.46,,5.65,3.74,62.2,1.97,2.12,7.88,2.46,54.8,,0.21,2.96,1.23,1.04,,,0.25,,,,
Enzo Barrenechea,Valencia,La Liga,2024/25,CM,22,900,45.2,,,85.4,,,,,8.12,,5.42,3.59,59.7,1.89,2.04,7.56,2.36,52.6,,0.2,2.84,1.18,1.0,,,0.24,,,,
Andre Almeida,Valencia,La Liga,2025/26,CM,24,1633,45.2,,,78.9,,,,,8.4,,3.34,2.19,60.7,3.7,1.28,6.79,1.01,60.0,,0.14,3.02,1.75,1.64,,,0.25,,,,
Andre Almeida,Valencia,La Liga,2024/25,CM,23,1633,45.2,,,75.7,,,,,8.06,,3.21,2.1,58.3,3.55,1.23,6.52,0.97,57.6,,0.13,2.9,1.68,1.57,,,0.24,,,,
Diego Lopez,Valencia,La Liga,2025/26,W,22,1833,45.2,,,,,,,,5.68,,,3.89,54.1,2.31,0.97,3.57,,,,0.15,4.07,1.74,,5.8,0.57,0.36,1.86,6.47,3.36,
Diego Lopez,Valencia,La Liga,2024/25,W,21,1833,45.2,,,,,,,,5.45,,,3.73,51.9,2.22,0.93,3.43,,,,0.14,3.91,1.67,,5.57,0.55,0.35,1.79,6.21,3.23,
Fran Perez,Valencia,La Liga,2025/26,W,21,807,45.2,,,,,,,,4.58,,,6.83,49.3,2.47,1.28,3.42,,,,0.32,3.26,2.28,,5.31,1.06,0.25,3.24,4.21,2.04,
Fran Perez,Valencia,La Liga,2024/25,W,20,900,45.2,,,,,,,,4.21,,,6.28,45.4,2.27,1.18,3.15,,,,0.29,3.0,2.1,,4.89,0.98,0.23,2.98,3.87,1.88,
Sergi Canos,Valencia,La Liga,2025/26,W,27,1963,45.2,,,,,,,,4.8,,,3.32,40.2,0.51,1.37,3.63,,,,0.34,3.39,2.9,,7.34,1.15,0.22,3.82,5.9,2.2,
Sergi Canos,Valencia,La Liga,2024/25,W,26,1963,45.2,,,,,,,,4.9,,,3.39,41.0,0.52,1.4,3.7,,,,0.35,3.46,2.96,,7.49,1.17,0.22,3.9,6.02,2.24,
Luis Rioja,Valencia,La Liga,2025/26,W,30,2409,45.2,,,,,,,,3.11,,,6.46,55.7,0.89,0.28,2.43,,,,0.31,5.5,1.29,,6.45,1.08,0.33,3.0,6.51,1.46,
Luis Rioja,Valencia,La Liga,2024/25,W,29,2409,45.2,,,,,,,,3.17,,,6.59,56.8,0.91,0.29,2.48,,,,0.32,5.61,1.32,,6.58,1.1,0.34,3.06,6.64,1.49,
Hugo Duro,Valencia,La Liga,2025/26,ST,24,1461,45.2,,,77.4,,,,,,,,,,0.48,,1.7,,34.7,,0.08,1.76,0.83,,,0.8,0.73,3.01,6.63,1.12,40.9
Hugo Duro,Valencia,La Liga,2024/25,ST,23,1461,45.2,,,74.3,,,,,,,,,,0.46,,1.63,,33.3,,0.08,1.69,0.8,,,0.77,0.7,2.89,6.36,1.08,39.3
Rafa Mir,Valencia,La Liga,2025/26,ST,27,2977,45.2,,,75.9,,,,,,,,,,0.35,,3.17,,43.3,,0.14,1.72,0.93,,,0.77,0.35,4.16,4.59,1.36,52.8
Rafa Mir,Valencia,La Liga,2024/25,ST,26,2977,45.2,,,77.4,,,,,,,,,,0.36,,3.23,,44.2,,0.14,1.75,0.95,,,0.79,0.36,4.24,4.68,1.39,53.9
Dani Gomez,Valencia,La Liga,2025/26,ST,26,814,45.2,,,73.5,,,,,,,,,,1.0,,2.7,,32.9,,0.22,1.64,1.88,,,0.47,0.48,4.43,5.11,2.36,53.4
Dani Gomez,Valencia,La Liga,2024/25,ST,25,900,45.2,,,75.0,,,,,,,,,,1.02,,2.75,,33.6,,0.22,1.67,1.92,,,0.48,0.49,4.52,5.21,2.41,54.5
Orjan Nyland,Sevilla,La Liga,2025/26,GK,33,502,53.0,-0.2,75.1,73.4,47.1,0.84,6.8,13.9,,,,,,,,,,,,,,,,,,,,,,
Orjan Nyland,Sevilla,La Liga,2024/25,GK,32,900,53.0,0.0,78.9,77.1,49.5,0.88,10.0,14.6,,,,,,,,,,,,,,,,,,,,,,
Alvaro Fernandez,Sevilla,La Liga,2025/26,GK,26,1409,53.0,-0.19,70.5,61.1,54.4,0.73,10.5,14.1,,,,,,,,,,,,,,,,,,,,,,
Alvaro Fernandez,Sevilla,La Liga,2024/25,GK,25,1409,53.0,0.0,71.9,62.3,55.5,0.74,10.7,14.38,,,,,,,,,,,,,,,,,,,,,,
Loic Bade,Sevilla,La Liga,2025/26,CB,24,1098,53.0,,,79.0,,,,,4.68,338.1,1.52,2.46,66.7,3.15,1.42,5.82,2.33,70.5,64.1,,,,,,,,,,,
Loic Bade,Sevilla,La Liga,2024/25,CB,23,1098,53.0,,,75.8,,,,,4.49,324.58,1.46,2.36,64.0,3.02,1.36,5.59,2.24,67.7,61.5,,,,,,,,,,,
Marcao,Sevilla,La Liga,2025/26,CB,28,1091,53.0,,,76.5,,,,,3.75,461.1,4.54,2.21,64.2,2.52,2.89,6.8,2.98,72.4,83.9,,,,,,,,,,,
Marcao,Sevilla,La Liga,2024/25,CB,27,1091,53.0,,,78.0,,,,,3.83,470.32,4.63,2.25,65.5,2.57,2.95,6.94,3.04,73.8,85.6,,,,,,,,,,,
Tanguy Nianzou,Sevilla,La Liga,2025/26,CB,22,2784,53.0,,,87.9,,,,,4.87,374.8,4.84,0.7,40.2,1.51,2.78,5.09,1.13,72.4,69.8,,,,,,,,,,,
Tanguy Nianzou,Sevilla,La Liga,2024/25,CB,21,2784,53.0,,,84.4,,,,,4.68,359.81,4.65,0.67,38.6,1.45,2.67,4.89,1.08,69.5,67.0,,,,,,,,,,,
Kike Salas,Sevilla,La Liga,2025/26,CB,22,1735,53.0,,,87.4,,,,,2.74,273.5,2.88,1.73,58.4,1.75,3.04,4.96,2.55,74.3,64.9,,,,,,,,,,,
Kike Salas,Sevilla,La Liga,2024/25,CB,21,1735,53.0,,,83.9,,,,,2.63,262.56,2.76,1.66,56.1,1.68,2.92,4.76,2.45,71.3,62.3,,,,,,,,,,,
Jesus Navas,Sevilla,La Liga,2025/26,FB,38,3062,53.0,,,81.7,,,,,6.3,,2.73,3.37,62.5,3.44,2.87,6.68,,63.8,,0.24,2.45,1.3,1.45,1.9,0.29,,,,,
Jesus Navas,Sevilla,La Liga,2024/25,FB,37,3062,53.0,,,85.8,,,,,6.62,,2.87,3.54,65.6,3.61,3.01,7.01,,67.0,,0.25,2.57,1.37,1.52,1.99,0.3,,,,,
Jose Angel Carmona,Sevilla,La Liga,2025/26,FB,22,1157,53.0,,,83.4,,,,,6.2,,4.93,2.88,51.6,3.79,1.35,6.54,,47.7,,0.07,1.59,0.96,0.72,3.91,0.44,,,,,
Jose Angel Carmona,Sevilla,La Liga,2024/25,FB,21,1157,53.0,,,80.1,,,,,5.95,,4.73,2.76,49.5,3.64,1.3,6.28,,45.8,,0.07,1.53,0.92,0.69,3.75,0.42,,,,,
Adria Pedrosa,Sevilla,La Liga,2025/26,FB,26,910,53.0,,,70.5,,,,,6.2,,5.13,2.54,55.3,1.98,2.18,6.43,,49.0,,0.16,2.12,1.76,1.29,3.8,0.48,,,,,
Adria Pedrosa,Sevilla,La Liga,2024/25,FB,25,910,53.0,,,71.9,,,,,6.32,,5.23,2.59,56.4,2.02,2.22,6.56,,50.0,,0.16,2.16,1.8,1.32,3.88,0.49,,,,,
Valentin Barco,Sevilla,La Liga,2025/26,FB,20,1619,53.0,,,87.6,,,,,6.81,,2.02,1.79,69.0,2.56,2.28,4.48,,40.8,,0.15,3.45,1.09,0.82,2.88,0.61,,,,,
Valentin Barco,Sevilla,La Liga,2024/25,FB,19,1376,53.0,,,80.6,,,,,6.27,,1.86,1.65,63.5,2.36,2.1,4.12,,37.5,,0.14,3.17,1.0,0.75,2.65,0.56,,,,,
Nemanja Gudelj,Sevilla,La Liga,2025/26,CM,32,2644,53.0,,,80.5,,,,,8.56,,7.05,3.06,50.3,3.82,2.95,7.19,2.24,46.8,,0.27,3.38,2.15,1.44,,,0.21,,,,
Nemanja Gudelj,Sevilla,La Liga,2024/25,CM,31,2644,53.0,,,84.5,,,,,8.99,,7.4,3.21,52.8,4.01,3.1,7.55,2.35,49.1,,0.28,3.55,2.26,1.51,,,0.22,,,,
Djibril Sow,Sevilla,La Liga,2025/26,CM,27,537,53.0,,,85.2,,,,,4.93,,6.9,3.85,63.2,1.52,1.2,7.08,1.92,55.3,,0.11,1.79,2.23,2.06,,,0.15,,,,
Djibril Sow,Sevilla,La Liga,2024/25,CM,26,900,53.0,,,86.9,,,,,5.03,,7.04,3.93,64.5,1.55,1.22,7.22,1.96,56.4,,0.11,1.83,2.27,2.1,,,0.15,,,,
Albert Sambi Lokonga,Sevilla,La Liga,2025/26,CM,24,1303,53.0,,,85.4,,,,,8.6,,6.9,3.23,46.6,2.2,2.01,8.14,1.71,42.1,,0.24,3.97,2.1,1.55,,,0.24,,,,
Albert Sambi Lokonga,Sevilla,La Liga,2024/25,CM,23,1303,53.0,,,82.0,,,,,8.26,,6.62,3.1,44.7,2.11,1.93,7.81,1.64,40.4,,0.23,3.81,2.02,1.49,,,0.23,,,,
Lucien Agoume,Sevilla,La Liga,2025/26,CM,22,1102,53.0,,,90.3,,,,,6.93,,7.76,2.79,59.1,2.68,1.07,5.96,1.23,53.0,,0.2,2.24,0.8,2.12,,,0.14,,,,
Lucien Agoume,Sevilla,La Liga,2024/25,CM,21,1102,53.0,,,86.7,,,,,6.65,,7.45,2.68,56.7,2.57,1.03,5.72,1.18,50.9,,0.19,2.15,0.77,2.04,,,0.13,,,,
Saul Niguez,Sevilla,La Liga,2025/26,CM,29,1923,53.0,,,88.4,,,,,5.79,,7.22,2.97,53.7,2.31,2.97,6.84,2.39,53.8,,0.12,2.82,1.51,0.79,,,0.23,,,,
Saul Niguez,Sevilla,La Liga,2024/25,CM,28,1923,53.0,,,90.2,,,,,5.91,,7.36,3.03,54.8,2.36,3.03,6.98,2.44,54.9,,0.12,2.88,1.54,0.81,,,0.23,,,,
Juanlu Sanchez,Sevilla,La Liga,2025/26,CM,21,1933,53.0,,,80.7,,,,,8.22,,4.5,2.39,61.1,2.18,2.39,5.21,0.93,59.2,,0.11,3.81,1.17,0.75,,,0.1,,,,
Juanlu Sanchez,Sevilla,La Liga,2024/25,CM,20,1933,53.0,,,74.2,,,,,7.56,,4.14,2.2,56.2,2.01,2.2,4.79,0.86,54.5,,0.1,3.51,1.08,0.69,,,0.09,,,,
Dodi Lukebakio,Sevilla,La Liga,2025/26,W,26,738,53.0,,,,,,,,4.14,,,6.35,51.4,0.72,0.55,3.06,,,,0.22,2.8,2.16,,4.69,0.54,0.35,2.22,3.74,1.4,
Dodi Lukebakio,Sevilla,La Liga,2024/25,W,25,900,53.0,,,,,,,,4.22,,,6.48,52.4,0.73,0.56,3.12,,,,0.22,2.86,2.2,,4.78,0.55,0.36,2.26,3.81,1.43,
Chidera Ejuke,Sevilla,La Liga,2025/26,W,26,2591,53.0,,,,,,,,3.74,,,6.44,53.7,0.54,0.94,4.53,,,,0.26,4.25,1.61,,4.11,0.72,0.43,3.81,7.02,2.04,
Chidera Ejuke,Sevilla,La Liga,2024/25,W,25,2591,53.0,,,,,,,,3.81,,,6.57,54.8,0.55,0.96,4.62,,,,0.27,4.33,1.64,,4.19,0.73,0.44,3.89,7.16,2.08,
Suso,Sevilla,La Liga,2025/26,W,30,504,53.0,,,,,,,,5.44,,,4.63,39.7,0.55,0.97,3.11,,,,0.22,4.41,2.41,,3.11,0.22,0.45,2.45,5.6,3.22,
Suso,Sevilla,La Liga,2024/25,W,29,900,53.0,,,,,,,,5.55,,,4.72,40.5,0.56,0.99,3.17,,,,0.22,4.5,2.46,,3.17,0.22,0.46,2.5,5.71,3.28,
Peque,Sevilla,La Liga,2025/26,W,21,2717,53.0,,,,,,,,2.25,,,4.9,35.6,1.62,0.33,3.81,,,,0.34,4.6,2.93,,3.81,0.64,0.38,3.61,4.06,2.75,
Peque,Sevilla,La Liga,2024/25,W,20,2717,53.0,,,,,,,,2.07,,,4.51,32.8,1.49,0.3,3.51,,,,0.31,4.23,2.7,,3.51,0.59,0.35,3.32,3.74,2.53,
Isaac Romero,Sevilla,La Liga,2025/26,ST,24,1400,53.0,,,80.0,,,,,,,,,,0.67,,3.1,,33.1,,0.16,2.94,1.59,,,0.61,0.37,3.88,6.87,0.93,54.7
Isaac Romero,Sevilla,La Liga,2024/25,ST,23,1400,53.0,,,76.8,,,,,,,,,,0.64,,2.98,,31.8,,0.15,2.82,1.53,,,0.59,0.36,3.72,6.6,0.89,52.5
Kelechi Iheanacho,Sevilla,La Liga,2025/26,ST,27,2144,53.0,,,70.2,,,,,,,,,,0.41,,2.0,,53.6,,0.18,1.88,1.2,,,0.15,0.48,3.8,7.1,1.18,44.0
Kelechi Iheanacho,Sevilla,La Liga,2024/25,ST,26,2144,53.0,,,71.6,,,,,,,,,,0.42,,2.04,,54.7,,0.18,1.92,1.22,,,0.15,0.49,3.88,7.24,1.2,44.9
Sergio Herrera,Osasuna,La Liga,2025/26,GK,31,2808,47.0,-0.18,70.0,64.1,33.1,2.37,9.0,17.8,,,,,,,,,,,,,,,,,,,,,,
Sergio Herrera,Osasuna,La Liga,2024/25,GK,30,2808,47.0,0.0,73.5,67.3,34.8,2.49,10.0,18.69,,,,,,,,,,,,,,,,,,,,,,
Aitor Fernandez,Osasuna,La Liga,2025/26,GK,33,2882,47.0,0.25,79.5,72.7,36.2,2.19,6.6,11.3,,,,,,,,,,,,,,,,,,,,,,
Aitor Fernandez,Osasuna,La Liga,2024/25,GK,32,2882,47.0,0.26,83.5,76.3,38.0,2.3,10.0,11.87,,,,,,,,,,,,,,,,,,,,,,
Alejandro Catena,Osasuna,La Liga,2025/26,CB,29,506,47.0,,,90.4,,,,,5.06,473.6,1.66,1.7,71.5,1.37,1.86,4.26,2.05,68.3,70.1,,,,,,,,,,,
Alejandro Catena,Osasuna,La Liga,2024/25,CB,28,900,47.0,,,92.2,,,,,5.16,483.07,1.69,1.73,72.9,1.4,1.9,4.35,2.09,69.7,71.5,,,,,,,,,,,
Jorge Herrando,Osasuna,La Liga,2025/26,CB,23,1590,47.0,,,79.5,,,,,5.11,347.1,3.28,2.27,68.8,1.17,2.12,5.81,2.24,71.9,59.2,,,,,,,,,,,
Jorge Herrando,Osasuna,La Liga,2024/25,CB,22,1590,47.0,,,76.3,,,,,4.91,333.22,3.15,2.18,66.0,1.12,2.04,5.58,2.15,69.0,56.8,,,,,,,,,,,
Enzo Boyomo,Osasuna,La Liga,2025/26,CB,22,2967,47.0,,,83.0,,,,,4.54,429.4,3.43,2.33,53.9,3.22,2.44,7.15,1.75,60.3,55.4,,,,,,,,,,,
Enzo Boyomo,Osasuna,La Liga,2024/25,CB,21,2967,47.0,,,79.7,,,,,4.36,412.22,3.29,2.24,51.7,3.09,2.34,6.86,1.68,57.9,53.2,,,,,,,,,,,
Unai Garcia,Osasuna,La Liga,2025/26,CB,31,1001,47.0,,,94.8,,,,,5.86,450.7,2.7,1.69,79.5,1.38,2.98,7.1,2.67,60.8,56.8,,,,,,,,,,,
Unai Garcia,Osasuna,La Liga,2024/25,CB,30,1001,47.0,,,99.0,,,,,6.15,473.24,2.84,1.77,83.5,1.45,3.13,7.46,2.8,63.8,59.6,,,,,,,,,,,
Jesus Areso,Osasuna,La Liga,2025/26,FB,25,1885,47.0,,,84.6,,,,,6.12,,3.06,3.72,54.9,3.38,2.24,6.79,,63.9,,0.22,1.43,0.68,0.62,3.35,0.26,,,,,
Jesus Areso,Osasuna,La Liga,2024/25,FB,24,1885,47.0,,,86.3,,,,,6.24,,3.12,3.79,56.0,3.45,2.28,6.93,,65.2,,0.22,1.46,0.69,0.63,3.42,0.27,,,,,
Ruben Pena,Osasuna,La Liga,2025/26,FB,33,2385,47.0,,,76.9,,,,,6.7,,3.88,3.78,55.2,3.91,2.73,5.78,,52.2,,0.22,3.02,1.9,1.68,1.1,0.16,,,,,
Ruben Pena,Osasuna,La Liga,2024/25,FB,32,2385,47.0,,,80.7,,,,,7.04,,4.07,3.97,58.0,4.11,2.87,6.07,,54.8,,0.23,3.17,1.99,1.76,1.16,0.17,,,,,
Juan Cruz,Osasuna,La Liga,2025/26,FB,32,2580,47.0,,,75.0,,,,,5.9,,2.49,3.14,45.6,1.71,1.45,7.07,,59.4,,0.17,2.65,1.71,1.4,2.64,0.33,,,,,
Juan Cruz,Osasuna,La Liga,2024/25,FB,31,2580,47.0,,,78.8,,,,,6.2,,2.61,3.3,47.9,1.8,1.52,7.42,,62.4,,0.18,2.78,1.8,1.47,2.77,0.35,,,,,
Abel Bretones,Osasuna,La Liga,2025/26,FB,24,1476,47.0,,,72.1,,,,,4.03,,4.13,3.97,46.6,2.6,2.93,4.05,,49.3,,0.21,2.27,1.15,1.02,1.34,0.13,,,,,
Abel Bretones,Osasuna,La Liga,2024/25,FB,23,1476,47.0,,,69.2,,,,,3.87,,3.96,3.81,44.7,2.5,2.81,3.89,,47.3,,0.2,2.18,1.1,0.98,1.29,0.12,,,,,
Jon Moncayola,Osasuna,La Liga,2025/26,CM,26,2522,47.0,,,76.3,,,,,5.18,,3.56,2.96,60.6,3.3,2.72,5.68,1.79,50.7,,0.2,2.02,1.87,0.94,,,0.18,,,,
Jon Moncayola,Osasuna,La Liga,2024/25,CM,25,2522,47.0,,,77.8,,,,,5.28,,3.63,3.02,61.8,3.37,2.77,5.79,1.83,51.7,,0.2,2.06,1.91,0.96,,,0.18,,,,
Lucas Torro,Osasuna,La Liga,2025/26,CM,30,2814,47.0,,,84.3,,,,,4.82,,6.51,2.3,71.2,2.95,1.54,5.75,2.28,43.4,,0.26,2.62,1.22,2.03,,,0.15,,,,
Lucas Torro,Osasuna,La Liga,2024/25,CM,29,2814,47.0,,,86.0,,,,,4.92,,6.64,2.35,72.6,3.01,1.57,5.87,2.33,44.3,,0.27,2.67,1.24,2.07,,,0.15,,,,
Pablo Ibanez,Osasuna,La Liga,2025/26,CM,25,1242,47.0,,,88.7,,,,,7.11,,6.28,3.62,65.5,3.39,3.06,7.94,1.22,53.9,,0.26,3.44,0.53,0.71,,,0.06,,,,
Pablo Ibanez,Osasuna,La Liga,2024/25,CM,24,1242,47.0,,,90.5,,,,,7.25,,6.41,3.69,66.8,3.46,3.12,8.1,1.24,55.0,,0.27,3.51,0.54,0.72,,,0.06,,,,
Iker Munoz,Osasuna,La Liga,2025/26,CM,21,1751,47.0,,,89.3,,,,,6.04,,4.78,3.71,70.5,2.16,2.78,6.73,1.79,60.5,,0.1,2.17,0.82,1.09,,,0.18,,,,
Iker Munoz,Osasuna,La Liga,2024/25,CM,20,1751,47.0,,,82.2,,,,,5.56,,4.4,3.41,64.9,1.99,2.56,6.19,1.65,55.7,,0.09,2.0,0.75,1.0,,,0.17,,,,
Aimar Oroz,Osasuna,La Liga,2025/26,CM,22,666,47.0,,,81.3,,,,,6.23,,4.08,2.26,67.5,2.02,3.2,7.21,1.33,61.6,,0.06,1.72,2.38,1.75,,,0.21,,,,
Aimar Oroz,Osasuna,La Liga,2024/25,CM,21,900,47.0,,,78.0,,,,,5.98,,3.92,2.17,64.8,1.94,3.07,6.92,1.28,59.1,,0.06,1.65,2.28,1.68,,,0.2,,,,
Moi Gomez,Osasuna,La Liga,2025/26,CM,30,1107,47.0,,,87.2,,,,,8.84,,7.39,2.6,52.4,2.95,2.57,8.67,1.63,55.8,,0.1,1.67,2.48,1.88,,,0.18,,,,
Moi Gomez,Osasuna,La Liga,2024/25,CM,29,1107,47.0,,,88.9,,,,,9.02,,7.54,2.65,53.4,3.01,2.62,8.84,1.66,56.9,,0.1,1.7,2.53,1.92,,,0.18,,,,
Ruben Garcia,Osasuna,La Liga,2025/26,W,31,2356,47.0,,,,,,,,3.97,,,6.94,65.0,2.1,1.14,4.04,,,,0.26,4.19,1.97,,3.67,1.08,0.23,3.42,6.99,1.93,
Ruben Garcia,Osasuna,La Liga,2024/25,W,30,2356,47.0,,,,,,,,4.17,,,7.29,68.2,2.21,1.2,4.24,,,,0.27,4.4,2.07,,3.85,1.13,0.24,3.59,7.34,2.03,
Bryan Zaragoza,Osasuna,La Liga,2025/26,W,23,2713,47.0,,,,,,,,5.47,,,4.12,64.9,2.01,0.5,2.06,,,,0.35,4.79,1.52,,5.35,0.21,0.18,3.92,3.94,1.44,
Bryan Zaragoza,Osasuna,La Liga,2024/25,W,22,2713,47.0,,,,,,,,5.25,,,3.96,62.3,1.93,0.48,1.98,,,,0.34,4.6,1.46,,5.14,0.2,0.17,3.76,3.78,1.38,
Jose Arnaiz,Osasuna,La Liga,2025/26,W,29,795,47.0,,,,,,,,3.42,,,5.53,57.1,1.23,0.34,3.25,,,,0.21,3.08,1.83,,6.73,0.93,0.35,3.94,5.67,1.77,
Jose Arnaiz,Osasuna,La Liga,2024/25,W,28,900,47.0,,,,,,,,3.49,,,5.64,58.2,1.25,0.35,3.31,,,,0.21,3.14,1.87,,6.86,0.95,0.36,4.02,5.78,1.81,
Iker Benito,Osasuna,La Liga,2025/26,W,22,2239,47.0,,,,,,,,3.33,,,6.94,46.9,2.38,1.28,4.15,,,,0.37,3.22,2.95,,7.66,0.47,0.38,2.43,5.56,1.82,
Iker Benito,Osasuna,La Liga,2024/25,W,21,2239,47.0,,,,,,,,3.2,,,6.66,45.0,2.28,1.23,3.98,,,,0.36,3.09,2.83,,7.35,0.45,0.36,2.33,5.34,1.75,
Ante Budimir,Osasuna,La Liga,2025/26,ST,33,943,47.0,,,71.6,,,,,,,,,,0.99,,1.51,,43.9,,0.13,1.72,1.43,,,0.24,0.72,4.04,8.02,0.93,51.3
Ante Budimir,Osasuna,La Liga,2024/25,ST,32,943,47.0,,,75.2,,,,,,,,,,1.04,,1.59,,46.1,,0.14,1.81,1.5,,,0.25,0.76,4.24,8.42,0.98,53.9
Raul Garcia,Osasuna,La Liga,2025/26,ST,23,535,47.0,,,75.5,,,,,,,,,,0.8,,1.79,,38.9,,0.14,2.9,0.57,,,0.68,0.74,3.82,5.73,2.29,46.9
Raul Garcia,Osasuna,La Liga,2024/25,ST,22,900,47.0,,,72.5,,,,,,,,,,0.77,,1.72,,37.3,,0.13,2.78,0.55,,,0.65,0.71,3.67,5.5,2.2,45.0
David Soria,Getafe,La Liga,2025/26,GK,31,3023,41.5,-0.13,76.5,84.6,53.3,1.13,6.2,10.7,,,,,,,,,,,,,,,,,,,,,,
David Soria,Getafe,La Liga,2024/25,GK,30,3023,41.5,0.0,80.3,88.8,56.0,1.19,10.0,11.23,,,,,,,,,,,,,,,,,,,,,,
Jiri Letacek,Getafe,La Liga,2025/26,GK,25,1438,41.5,-0.02,67.1,60.9,50.4,2.49,10.6,11.6,,,,,,,,,,,,,,,,,,,,,,
Jiri Letacek,Getafe,La Liga,2024/25,GK,24,1438,41.5,0.0,68.4,62.1,51.4,2.54,10.8,11.83,,,,,,,,,,,,,,,,,,,,,,
Djene,Getafe,La Liga,2025/26,CB,32,1462,41.5,,,84.4,,,,,3.45,315.2,3.25,2.02,68.9,1.95,1.87,4.28,1.81,50.3,67.7,,,,,,,,,,,
Djene,Getafe,La Liga,2024/25,CB,31,1462,41.5,,,88.6,,,,,3.62,330.96,3.41,2.12,72.3,2.05,1.96,4.49,1.9,52.8,71.1,,,,,,,,,,,
Omar Alderete,Getafe,La Liga,2025/26,CB,27,2199,41.5,,,78.5,,,,,5.47,345.2,4.0,1.07,46.5,3.13,1.11,4.5,2.55,54.7,63.1,,,,,,,,,,,
Omar Alderete,Getafe,La Liga,2024/25,CB,26,2199,41.5,,,80.1,,,,,5.58,352.1,4.08,1.09,47.4,3.19,1.13,4.59,2.6,55.8,64.4,,,,,,,,,,,
Domingos Duarte,Getafe,La Liga,2025/26,CB,29,3075,41.5,,,77.6,,,,,4.46,332.8,4.53,2.13,48.6,1.23,2.73,6.45,1.43,61.1,77.2,,,,,,,,,,,
Domingos Duarte,Getafe,La Liga,2024/25,CB,28,3075,41.5,,,79.2,,,,,4.55,339.46,4.62,2.17,49.6,1.25,2.78,6.58,1.46,62.3,78.7,,,,,,,,,,,
Nabil Aberdin,Getafe,La Liga,2025/26,CB,22,768,41.5,,,76.5,,,,,5.03,463.6,1.62,0.82,60.9,1.8,3.16,4.91,2.13,59.5,65.9,,,,,,,,,,,
Nabil Aberdin,Getafe,La Liga,2024/25,CB,21,900,41.5,,,73.4,,,,,4.83,445.06,1.56,0.79,58.5,1.73,3.03,4.71,2.04,57.1,63.3,,,,,,,,,,,
Juan Iglesias,Getafe,La Liga,2025/26,FB,26,1274,41.5,,,80.6,,,,,6.1,,4.26,2.24,55.7,2.08,2.08,4.11,,46.4,,0.16,2.07,0.7,0.87,2.84,0.38,,,,,
Juan Iglesias,Getafe,La Liga,2024/25,FB,25,1274,41.5,,,82.2,,,,,6.22,,4.35,2.28,56.8,2.12,2.12,4.19,,47.3,,0.16,2.11,0.71,0.89,2.9,0.39,,,,,
Diego Rico,Getafe,La Liga,2025/26,FB,31,2165,41.5,,,77.5,,,,,3.51,,5.96,4.32,68.5,1.91,1.74,7.19,,58.6,,0.09,1.5,1.49,0.71,2.53,0.11,,,,,
Diego Rico,Getafe,La Liga,2024/25,FB,30,2165,41.5,,,81.4,,,,,3.69,,6.26,4.54,71.9,2.01,1.83,7.55,,61.5,,0.09,1.58,1.56,0.75,2.66,0.12,,,,,
Alex Sola,Getafe,La Liga,2025/26,FB,25,2230,41.5,,,76.9,,,,,3.7,,3.76,2.52,69.6,2.42,2.74,6.16,,44.8,,0.23,3.22,1.75,0.52,3.87,0.23,,,,,
Alex Sola,Getafe,La Liga,2024/25,FB,24,2230,41.5,,,78.4,,,,,3.77,,3.84,2.57,71.0,2.47,2.79,6.28,,45.7,,0.23,3.28,1.79,0.53,3.95,0.23,,,,,
Luis Milla,Getafe,La Liga,2025/26,CM,29,1954,41.5,,,85.6,,,,,6.05,,6.59,2.04,62.8,3.66,2.81,8.33,1.45,43.7,,0.1,3.45,1.35,0.87,,,0.1,,,,
Luis Milla,Getafe,La Liga,2024/25,CM,28,1954,41.5,,,87.3,,,,,6.17,,6.72,2.08,64.1,3.73,2.87,8.5,1.48,44.6,,0.1,3.52,1.38,0.89,,,0.1,,,,
Mauro Arambarri,Getafe,La Liga,2025/26,CM,28,2185,41.5,,,75.1,,,,,8.07,,6.62,1.99,74.1,4.08,3.37,8.74,2.37,40.3,,0.21,1.64,1.72,1.15,,,0.09,,,,
Mauro Arambarri,Getafe,La Liga,2024/25,CM,27,2185,41.5,,,76.6,,,,,8.23,,6.75,2.03,75.6,4.16,3.44,8.91,2.42,41.1,,0.21,1.67,1.75,1.17,,,0.09,,,,
Carles Alena,Getafe,La Liga,2025/26,CM,26,1339,41.5,,,78.0,,,,,8.99,,3.96,2.91,71.6,3.77,2.72,6.86,1.2,42.3,,0.19,2.61,1.98,2.02,,,0.14,,,,
Carles Alena,Getafe,La Liga,2024/25,CM,25,1339,41.5,,,79.6,,,,,9.17,,4.04,2.97,73.0,3.85,2.77,7.0,1.22,43.1,,0.19,2.66,2.02,2.06,,,0.14,,,,
Uche,Getafe,La Liga,2025/26,CM,21,2576,41.5,,,78.0,,,,,6.62,,5.91,3.74,56.5,4.18,2.42,8.9,0.87,42.8,,0.21,3.84,0.73,1.89,,,0.16,,,,
Uche,Getafe,La Liga,2024/25,CM,20,2576,41.5,,,71.8,,,,,6.09,,5.44,3.44,52.0,3.85,2.23,8.19,0.8,39.4,,0.19,3.53,0.67,1.74,,,0.15,,,,
Yellu Santiago,Getafe,La Liga,2025/26,CM,20,2708,41.5,,,88.8,,,,,5.54,,5.73,3.95,56.2,2.76,2.39,7.76,2.16,50.0,,0.2,2.47,2.5,0.95,,,0.25,,,,
Yellu Santiago,Getafe,La Liga,2024/25,CM,19,2301,41.5,,,81.7,,,,,5.1,,5.27,3.63,51.7,2.54,2.2,7.14,1.99,46.0,,0.18,2.27,2.3,0.87,,,0.23,,,,
Carles Perez,Getafe,La Liga,2025/26,W,26,673,41.5,,,,,,,,3.78,,,4.33,46.0,1.54,0.5,2.71,,,,0.36,4.8,2.9,,4.06,0.72,0.43,2.09,4.24,2.67,
Carles Perez,Getafe,La Liga,2024/25,W,25,900,41.5,,,,,,,,3.86,,,4.42,46.9,1.57,0.51,2.76,,,,0.37,4.9,2.96,,4.14,0.73,0.44,2.13,4.32,2.72,
Peter Federico,Getafe,La Liga,2025/26,W,22,656,41.5,,,,,,,,4.18,,,4.56,63.9,2.06,0.72,4.41,,,,0.36,5.12,2.67,,5.51,0.59,0.29,2.95,3.5,1.13,
Peter Federico,Getafe,La Liga,2024/25,W,21,900,41.5,,,,,,,,4.01,,,4.38,61.3,1.98,0.69,4.23,,,,0.35,4.92,2.56,,5.29,0.57,0.28,2.83,3.36,1.08,
Borja Mayoral,Getafe,La Liga,2025/26,ST,27,1103,41.5,,,71.0,,,,,,,,,,0.98,,3.35,,52.8,,0.11,3.08,0.96,,,0.4,0.63,2.87,7.69,1.23,52.9
Borja Mayoral,Getafe,La Liga,2024/25,ST,26,1103,41.5,,,72.4,,,,,,,,,,1.0,,3.42,,53.9,,0.11,3.14,0.98,,,0.41,0.64,2.93,7.84,1.25,54.0
Bertug Yildirim,Getafe,La Liga,2025/26,ST,22,533,41.5,,,82.0,,,,,,,,,,1.01,,1.81,,44.7,,0.21,2.44,1.96,,,0.24,0.35,4.95,5.47,1.7,50.8
Bertug Yildirim,Getafe,La Liga,2024/25,ST,21,900,41.5,,,78.7,,,,,,,,,,0.97,,1.74,,42.9,,0.2,2.34,1.88,,,0.23,0.34,4.75,5.25,1.63,48.8
Alvaro Rodriguez,Getafe,La Liga,2025/26,ST,20,2515,41.5,,,70.6,,,,,,,,,,0.32,,2.44,,54.1,,0.22,3.35,1.33,,,0.61,0.55,3.35,6.13,2.08,47.1
Alvaro Rodriguez,Getafe,La Liga,2024/25,ST,19,2137,41.5,,,65.0,,,,,,,,,,0.29,,2.24,,49.8,,0.2,3.08,1.22,,,0.56,0.51,3.08,5.64,1.91,43.3
Vicente Guaita,Celta Vigo,La Liga,2025/26,GK,37,871,48.0,0.05,64.1,78.5,51.4,1.25,6.2,14.4,,,,,,,,,,,,,,,,,,,,,,
Vicente Guaita,Celta Vigo,La Liga,2024/25,GK,36,900,48.0,0.05,67.3,82.4,54.0,1.31,10.0,15.12,,,,,,,,,,,,,,,,,,,,,,
Ivan Villar,Celta Vigo,La Liga,2025/26,GK,27,2865,48.0,0.29,68.1,63.1,32.9,0.97,6.6,11.2,,,,,,,,,,,,,,,,,,,,,,
Ivan Villar,Celta Vigo,La Liga,2024/25,GK,26,2865,48.0,0.3,69.5,64.4,33.6,0.99,10.0,11.42,,,,,,,,,,,,,,,,,,,,,,
Carl Starfelt,Celta Vigo,La Liga,2025/26,CB,29,556,48.0,,,85.9,,,,,5.18,418.0,1.96,2.2,41.9,2.13,1.5,4.06,1.77,64.1,66.6,,,,,,,,,,,
Carl Starfelt,Celta Vigo,La Liga,2024/25,CB,28,900,48.0,,,87.6,,,,,5.28,426.36,2.0,2.24,42.7,2.17,1.53,4.14,1.81,65.4,67.9,,,,,,,,,,,
Joseph Aidoo,Celta Vigo,La Liga,2025/26,CB,28,1428,48.0,,,76.5,,,,,4.59,467.5,4.94,1.24,62.4,1.48,3.33,6.44,1.99,62.0,73.0,,,,,,,,,,,
Joseph Aidoo,Celta Vigo,La Liga,2024/25,CB,27,1428,48.0,,,78.0,,,,,4.68,476.85,5.04,1.26,63.6,1.51,3.4,6.57,2.03,63.2,74.5,,,,,,,,,,,
Jailson,Celta Vigo,La Liga,2025/26,CB,28,612,48.0,,,85.9,,,,,3.35,236.3,4.23,2.12,45.3,2.62,1.97,4.39,1.5,59.7,81.9,,,,,,,,,,,
Jailson,Celta Vigo,La Liga,2024/25,CB,27,900,48.0,,,87.6,,,,,3.42,241.03,4.31,2.16,46.2,2.67,2.01,4.48,1.53,60.9,83.5,,,,,,,,,,,
Carlos Dominguez,Celta Vigo,La Liga,2025/26,CB,23,1836,48.0,,,77.9,,,,,4.46,356.1,3.23,0.59,41.9,2.19,2.87,6.63,2.66,66.7,65.1,,,,,,,,,,,
Carlos Dominguez,Celta Vigo,La Liga,2024/25,CB,22,1836,48.0,,,74.8,,,,,4.28,341.86,3.1,0.57,40.2,2.1,2.76,6.36,2.55,64.0,62.5,,,,,,,,,,,
Oscar Mingueza,Celta Vigo,La Liga,2025/26,FB,25,566,48.0,,,81.9,,,,,3.99,,5.91,3.81,50.9,3.37,2.35,6.85,,42.9,,0.16,2.96,0.58,0.72,3.24,0.46,,,,,
Oscar Mingueza,Celta Vigo,La Liga,2024/25,FB,24,900,48.0,,,83.5,,,,,4.07,,6.03,3.89,51.9,3.44,2.4,6.99,,43.8,,0.16,3.02,0.59,0.73,3.3,0.47,,,,,
Hugo Alvarez,Celta Vigo,La Liga,2025/26,FB,21,1024,48.0,,,87.7,,,,,5.93,,4.17,1.97,60.5,1.68,2.64,7.6,,45.6,,0.17,2.38,1.01,0.99,3.34,0.22,,,,,
Hugo Alvarez,Celta Vigo,La Liga,2024/25,FB,20,1024,48.0,,,80.7,,,,,5.46,,3.84,1.81,55.7,1.55,2.43,6.99,,42.0,,0.16,2.19,0.93,0.91,3.07,0.2,,,,,
Javier Manquillo,Celta Vigo,La Liga,2025/26,FB,30,1396,48.0,,,84.1,,,,,6.64,,5.02,3.01,41.3,3.19,2.44,6.4,,45.4,,0.23,2.09,1.06,1.7,3.59,0.36,,,,,
Javier Manquillo,Celta Vigo,La Liga,2024/25,FB,29,1396,48.0,,,85.8,,,,,6.77,,5.12,3.07,42.1,3.25,2.49,6.53,,46.3,,0.23,2.13,1.08,1.73,3.66,0.37,,,,,
Marcos Alonso,Celta Vigo,La Liga,2025/26,FB,33,1172,48.0,,,85.4,,,,,5.08,,4.92,3.05,48.2,2.6,2.36,4.67,,58.8,,0.1,2.13,1.36,1.82,2.83,0.35,,,,,
Marcos Alonso,Celta Vigo,La Liga,2024/25,FB,32,1172,48.0,,,89.7,,,,,5.33,,5.17,3.2,50.6,2.73,2.48,4.9,,61.7,,0.11,2.24,1.43,1.91,2.97,0.37,,,,,
Fran Beltran,Celta Vigo,La Liga,2025/26,CM,25,3179,48.0,,,80.2,,,,,8.05,,4.04,1.77,56.7,3.15,2.32,5.18,1.29,55.0,,0.23,4.09,0.65,2.36,,,0.11,,,,
Fran Beltran,Celta Vigo,La Liga,2024/25,CM,24,3179,48.0,,,81.8,,,,,8.21,,4.12,1.81,57.8,3.21,2.37,5.28,1.32,56.1,,0.23,4.17,0.66,2.41,,,0.11,,,,
Hugo Sotelo,Celta Vigo,La Liga,2025/26,CM,20,955,48.0,,,80.6,,,,,4.3,,5.52,3.12,58.4,3.7,1.6,8.92,1.42,60.5,,0.18,2.23,0.96,0.97,,,0.1,,,,
Hugo Sotelo,Celta Vigo,La Liga,2024/25,CM,19,900,48.0,,,74.2,,,,,3.96,,5.08,2.87,53.7,3.4,1.47,8.21,1.31,55.7,,0.17,2.05,0.88,0.89,,,0.09,,,,
Damian Rodriguez,Celta Vigo,La Liga,2025/26,CM,21,877,48.0,,,83.9,,,,,5.29,,4.79,2.16,64.6,3.05,1.64,5.27,1.62,61.2,,0.29,4.25,1.59,0.87,,,0.05,,,,
Damian Rodriguez,Celta Vigo,La Liga,2024/25,CM,20,900,48.0,,,77.2,,,,,4.87,,4.41,1.99,59.4,2.81,1.51,4.85,1.49,56.3,,0.27,3.91,1.46,0.8,,,0.05,,,,
Ilaix Moriba,Celta Vigo,La Liga,2025/26,CM,21,932,48.0,,,90.4,,,,,5.43,,3.58,2.2,70.2,1.76,1.62,7.2,1.57,42.8,,0.23,2.79,1.49,1.77,,,0.11,,,,
Ilaix Moriba,Celta Vigo,La Liga,2024/25,CM,20,932,48.0,,,83.2,,,,,5.0,,3.29,2.02,64.6,1.62,1.49,6.62,1.44,39.4,,0.21,2.57,1.37,1.63,,,0.1,,,,
Williot Swedberg,Celta Vigo,La Liga,2025/26,CM,20,2202,48.0,,,89.9,,,,,8.97,,4.23,3.06,48.3,4.29,3.14,5.68,1.77,58.0,,0.11,1.84,1.2,0.77,,,0.21,,,,
Williot Swedberg,Celta Vigo,La Liga,2024/25,CM,19,1871,48.0,,,82.7,,,,,8.25,,3.89,2.82,44.4,3.95,2.89,5.23,1.63,53.4,,0.1,1.69,1.1,0.71,,,0.19,,,,
Iago Aspas,Celta Vigo,La Liga,2025/26,W,37,3107,48.0,,,,,,,,3.96,,,4.03,52.9,0.53,0.45,4.9,,,,0.35,4.85,2.44,,7.73,1.06,0.29,3.53,3.32,1.91,
Iago Aspas,Celta Vigo,La Liga,2024/25,W,36,3107,48.0,,,,,,,,4.16,,,4.23,55.5,0.56,0.47,5.15,,,,0.37,5.09,2.56,,8.12,1.11,0.3,3.71,3.49,2.01,
Jonathan Bamba,Celta Vigo,La Liga,2025/26,W,28,3151,48.0,,,,,,,,2.72,,,5.92,45.7,0.76,0.63,3.34,,,,0.33,2.86,2.29,,5.43,0.43,0.43,3.64,3.12,3.24,
Jonathan Bamba,Celta Vigo,La Liga,2024/25,W,27,3151,48.0,,,,,,,,2.77,,,6.04,46.6,0.78,0.64,3.41,,,,0.34,2.92,2.34,,5.54,0.44,0.44,3.71,3.18,3.3,
Franco Cervi,Celta Vigo,La Liga,2025/26,W,30,3000,48.0,,,,,,,,4.91,,,4.13,60.2,1.15,0.59,3.36,,,,0.38,3.4,2.07,,5.99,0.9,0.41,3.15,6.24,2.03,
Franco Cervi,Celta Vigo,La Liga,2024/25,W,29,3000,48.0,,,,,,,,5.01,,,4.21,61.4,1.17,0.6,3.43,,,,0.39,3.47,2.11,,6.11,0.92,0.42,3.21,6.36,2.07,
Alfon Gonzalez,Celta Vigo,La Liga,2025/26,W,25,2885,48.0,,,,,,,,2.29,,,5.6,45.4,2.36,0.23,3.96,,,,0.35,3.01,1.68,,6.94,1.19,0.34,3.7,7.41,2.47,
Alfon Gonzalez,Celta Vigo,La Liga,2024/25,W,24,2885,48.0,,,,,,,,2.34,,,5.71,46.3,2.41,0.23,4.04,,,,0.36,3.07,1.71,,7.08,1.21,0.35,3.77,7.56,2.52,
Borja Iglesias,Celta Vigo,La Liga,2025/26,ST,31,2107,48.0,,,74.9,,,,,,,,,,0.59,,3.29,,54.1,,0.15,2.76,1.2,,,0.78,0.63,4.97,4.06,1.03,48.9
Borja Iglesias,Celta Vigo,La Liga,2024/25,ST,30,2107,48.0,,,78.6,,,,,,,,,,0.62,,3.45,,56.8,,0.16,2.9,1.26,,,0.82,0.66,5.22,4.26,1.08,51.3
Tasos Douvikas,Celta Vigo,La Liga,2025/26,ST,25,624,48.0,,,77.1,,,,,,,,,,1.33,,2.78,,30.7,,0.11,2.47,1.02,,,0.56,0.72,4.51,7.98,2.13,41.8
Tasos Douvikas,Celta Vigo,La Liga,2024/25,ST,24,900,48.0,,,78.6,,,,,,,,,,1.36,,2.84,,31.3,,0.11,2.52,1.04,,,0.57,0.73,4.6,8.14,2.17,42.6
Pablo Duran,Celta Vigo,La Liga,2025/26,ST,23,698,48.0,,,75.1,,,,,,,,,,0.65,,2.28,,30.4,,0.23,1.78,1.3,,,0.18,0.59,2.63,8.32,0.85,44.3
Pablo Duran,Celta Vigo,La Liga,2024/25,ST,22,900,48.0,,,72.1,,,,,,,,,,0.62,,2.19,,29.2,,0.22,1.71,1.25,,,0.17,0.57,2.52,7.99,0.82,42.5
Stole Dimitrievski,Rayo Vallecano,La Liga,2025/26,GK,30,1857,49.0,0.06,72.2,85.9,34.9,2.14,4.7,18.0,,,,,,,,,,,,,,,,,,,,,,
Stole Dimitrievski,Rayo Vallecano,La Liga,2024/25,GK,29,1857,49.0,0.06,73.6,87.6,35.6,2.18,10.0,18.36,,,,,,,,,,,,,,,,,,,,,,
Dani Cardenas,Rayo Vallecano,La Liga,2025/26,GK,27,2830,49.0,-0.07,69.8,75.6,57.3,1.47,6.1,11.3,,,,,,,,,,,,,,,,,,,,,,
Dani Cardenas,Rayo Vallecano,La Liga,2024/25,GK,26,2830,49.0,0.0,71.2,77.1,58.4,1.5,10.0,11.53,,,,,,,,,,,,,,,,,,,,,,
Florian Lejeune,Rayo Vallecano,La Liga,2025/26,CB,33,1268,49.0,,,86.0,,,,,5.75,478.0,4.77,1.21,57.1,3.38,1.94,4.26,1.62,52.5,77.8,,,,,,,,,,,
Florian Lejeune,Rayo Vallecano,La Liga,2024/25,CB,32,1268,49.0,,,90.3,,,,,6.04,501.9,5.01,1.27,60.0,3.55,2.04,4.47,1.7,55.1,81.7,,,,,,,,,,,
Abdul Mumin,Rayo Vallecano,La Liga,2025/26,CB,26,890,49.0,,,77.4,,,,,5.1,448.0,3.97,0.72,67.3,2.9,3.15,4.71,1.33,60.2,66.1,,,,,,,,,,,
Abdul Mumin,Rayo Vallecano,La Liga,2024/25,CB,25,900,49.0,,,78.9,,,,,5.2,456.96,4.05,0.73,68.6,2.96,3.21,4.8,1.36,61.4,67.4,,,,,,,,,,,
Aridane Hernandez,Rayo Vallecano,La Liga,2025/26,CB,35,3126,49.0,,,91.4,,,,,2.49,404.8,1.23,1.29,75.0,2.04,2.33,7.33,1.6,56.2,55.8,,,,,,,,,,,
Aridane Hernandez,Rayo Vallecano,La Liga,2024/25,CB,34,3126,49.0,,,96.0,,,,,2.61,425.04,1.29,1.35,78.8,2.14,2.45,7.7,1.68,59.0,58.6,,,,,,,,,,,
Pelayo Fernandez,Rayo Vallecano,La Liga,2025/26,CB,21,2617,49.0,,,88.9,,,,,3.81,204.0,1.28,0.61,59.8,1.49,1.58,6.47,1.72,71.2,81.9,,,,,,,,,,,
Pelayo Fernandez,Rayo Vallecano,La Liga,2024/25,CB,20,2617,49.0,,,81.8,,,,,3.51,187.68,1.18,0.56,55.0,1.37,1.45,5.95,1.58,65.5,75.3,,,,,,,,,,,
Ivan Balliu,Rayo Vallecano,La Liga,2025/26,FB,32,2111,49.0,,,71.6,,,,,6.44,,4.92,1.61,57.1,2.4,1.47,7.25,,59.8,,0.19,2.7,1.61,0.58,3.68,0.65,,,,,
Ivan Balliu,Rayo Vallecano,La Liga,2024/25,FB,31,2111,49.0,,,75.2,,,,,6.76,,5.17,1.69,60.0,2.52,1.54,7.61,,62.8,,0.2,2.84,1.69,0.61,3.86,0.68,,,,,
Alfonso Espino,Rayo Vallecano,La Liga,2025/26,FB,32,1155,49.0,,,79.5,,,,,3.72,,4.43,3.02,45.8,2.75,2.4,4.83,,60.1,,0.12,2.6,2.0,0.93,1.6,0.59,,,,,
Alfonso Espino,Rayo Vallecano,La Liga,2024/25,FB,31,1155,49.0,,,83.5,,,,,3.91,,4.65,3.17,48.1,2.89,2.52,5.07,,63.1,,0.13,2.73,2.1,0.98,1.68,0.62,,,,,
Pep Chavarria,Rayo Vallecano,La Liga,2025/26,FB,26,794,49.0,,,77.5,,,,,6.99,,2.71,2.11,52.8,3.59,1.07,7.83,,54.6,,0.1,2.0,0.59,1.02,1.91,0.29,,,,,
Pep Chavarria,Rayo Vallecano,La Liga,2024/25,FB,25,900,49.0,,,79.0,,,,,7.13,,2.76,2.15,53.9,3.66,1.09,7.99,,55.7,,0.1,2.04,0.6,1.04,1.95,0.3,,,,,
Andrei Ratiu,Rayo Vallecano,La Liga,2025/26,FB,26,991,49.0,,,77.4,,,,,5.08,,2.47,3.86,47.3,3.58,1.47,5.95,,51.2,,0.06,2.22,1.45,0.95,3.36,0.21,,,,,
Andrei Ratiu,Rayo Vallecano,La Liga,2024/25,FB,25,991,49.0,,,78.9,,,,,5.18,,2.52,3.94,48.2,3.65,1.5,6.07,,52.2,,0.06,2.26,1.48,0.97,3.43,0.21,,,,,
Oscar Valentin,Rayo Vallecano,La Liga,2025/26,CM,30,2032,49.0,,,86.5,,,,,7.36,,7.81,3.63,70.0,2.06,1.83,7.24,2.49,41.1,,0.16,1.64,2.08,1.08,,,0.1,,,,
Oscar Valentin,Rayo Vallecano,La Liga,2024/25,CM,29,2032,49.0,,,88.2,,,,,7.51,,7.97,3.7,71.4,2.1,1.87,7.38,2.54,41.9,,0.16,1.67,2.12,1.1,,,0.1,,,,
Unai Lopez,Rayo Vallecano,La Liga,2025/26,CM,28,2460,49.0,,,75.5,,,,,8.11,,4.83,2.87,63.2,3.74,2.29,8.68,1.94,64.4,,0.07,2.21,0.91,0.89,,,0.12,,,,
Unai Lopez,Rayo Vallecano,La Liga,2024/25,CM,27,2460,49.0,,,77.0,,,,,8.27,,4.93,2.93,64.5,3.81,2.34,8.85,1.98,65.7,,0.07,2.25,0.93,0.91,,,0.12,,,,
Pathe Ciss,Rayo Vallecano,La Liga,2025/26,CM,30,2856,49.0,,,87.4,,,,,8.8,,6.28,1.72,53.4,3.48,3.26,6.55,1.07,40.6,,0.2,2.52,2.08,0.99,,,0.25,,,,
Pathe Ciss,Rayo Vallecano,La Liga,2024/25,CM,29,2856,49.0,,,89.1,,,,,8.98,,6.41,1.75,54.5,3.55,3.33,6.68,1.09,41.4,,0.2,2.57,2.12,1.01,,,0.26,,,,
Gerard Gumbau,Rayo Vallecano,La Liga,2025/26,CM,29,1814,49.0,,,89.4,,,,,7.73,,7.15,2.89,69.0,2.03,1.83,6.1,1.25,53.7,,0.12,3.18,0.51,1.52,,,0.17,,,,
Gerard Gumbau,Rayo Vallecano,La Liga,2024/25,CM,28,1814,49.0,,,91.2,,,,,7.88,,7.29,2.95,70.4,2.07,1.87,6.22,1.27,54.8,,0.12,3.24,0.52,1.55,,,0.17,,,,
Isi Palazon,Rayo Vallecano,La Liga,2025/26,CM,29,2547,49.0,,,87.9,,,,,5.77,,7.65,2.97,49.8,2.25,1.02,6.56,2.01,51.6,,0.26,4.4,1.47,1.63,,,0.09,,,,
Isi Palazon,Rayo Vallecano,La Liga,2024/25,CM,28,2547,49.0,,,89.7,,,,,5.89,,7.8,3.03,50.8,2.29,1.04,6.69,2.05,52.6,,0.27,4.49,1.5,1.66,,,0.09,,,,
James Rodriguez,Rayo Vallecano,La Liga,2025/26,CM,33,2897,49.0,,,85.5,,,,,5.35,,6.35,2.02,62.7,4.25,2.3,5.02,1.13,53.1,,0.11,1.52,1.57,2.29,,,0.22,,,,
James Rodriguez,Rayo Vallecano,La Liga,2024/25,CM,32,2897,49.0,,,89.8,,,,,5.62,,6.67,2.12,65.8,4.46,2.42,5.27,1.19,55.8,,0.12,1.6,1.65,2.4,,,0.23,,,,
Alvaro Garcia,Rayo Vallecano,La Liga,2025/26,W,31,2385,49.0,,,,,,,,5.75,,,4.8,61.7,2.32,0.74,2.39,,,,0.26,3.75,1.98,,4.02,0.33,0.25,2.27,6.67,1.3,
Alvaro Garcia,Rayo Vallecano,La Liga,2024/25,W,30,2385,49.0,,,,,,,,6.04,,,5.04,64.8,2.44,0.78,2.51,,,,0.27,3.94,2.08,,4.22,0.35,0.26,2.38,7.0,1.37,
Jorge de Frutos,Rayo Vallecano,La Liga,2025/26,W,27,718,49.0,,,,,,,,3.91,,,5.73,44.2,2.33,0.73,3.77,,,,0.21,4.06,1.52,,3.75,1.12,0.3,1.84,5.33,2.06,
Jorge de Frutos,Rayo Vallecano,La Liga,2024/25,W,26,900,49.0,,,,,,,,3.99,,,5.84,45.1,2.38,0.74,3.85,,,,0.21,4.14,1.55,,3.83,1.14,0.31,1.88,5.44,2.1,
Adri Embarba,Rayo Vallecano,La Liga,2025/26,W,32,2719,49.0,,,,,,,,3.76,,,5.94,51.6,1.99,1.49,4.34,,,,0.2,5.36,2.66,,6.89,0.26,0.4,3.61,4.4,1.38,
Adri Embarba,Rayo Vallecano,La Liga,2024/25,W,31,2719,49.0,,,,,,,,3.95,,,6.24,54.2,2.09,1.56,4.56,,,,0.21,5.63,2.79,,7.23,0.27,0.42,3.79,4.62,1.45,
Sergio Camello,Rayo Vallecano,La Liga,2025/26,ST,23,1556,49.0,,,74.5,,,,,,,,,,1.34,,2.44,,55.6,,0.22,1.75,1.18,,,0.24,0.6,2.87,7.9,1.85,43.1
Sergio Camello,Rayo Vallecano,La Liga,2024/25,ST,22,1556,49.0,,,71.5,,,,,,,,,,1.29,,2.34,,53.4,,0.21,1.68,1.13,,,0.23,0.58,2.76,7.58,1.78,41.4
Raul de Tomas,Rayo Vallecano,La Liga,2025/26,ST,29,1075,49.0,,,69.8,,,,,,,,,,0.78,,2.06,,56.0,,0.13,2.69,1.38,,,0.51,0.48,2.86,7.65,2.14,50.6
Raul de Tomas,Rayo Vallecano,La Liga,2024/25,ST,28,1075,49.0,,,71.2,,,,,,,,,,0.8,,2.1,,57.1,,0.13,2.74,1.41,,,0.52,0.49,2.92,7.8,2.18,51.6
Randy Nteka,Rayo Vallecano,La Liga,2025/26,ST,26,2908,49.0,,,79.7,,,,,,,,,,1.3,,2.35,,56.1,,0.22,1.66,0.91,,,0.12,0.68,2.01,5.0,1.23,43.7
Randy Nteka,Rayo Vallecano,La Liga,2024/25,ST,25,2908,49.0,,,81.3,,,,,,,,,,1.33,,2.4,,57.2,,0.22,1.69,0.93,,,0.12,0.69,2.05,5.1,1.25,44.6
Predrag Rajkovic,Mallorca,La Liga,2025/26,GK,28,2878,43.5,0.22,74.8,68.2,44.5,1.78,9.9,17.7,,,,,,,,,,,,,,,,,,,,,,
Predrag Rajkovic,Mallorca,La Liga,2024/25,GK,27,2878,43.5,0.22,76.3,69.6,45.4,1.82,10.1,18.05,,,,,,,,,,,,,,,,,,,,,,
Dominik Greif,Mallorca,La Liga,2025/26,GK,27,2395,43.5,0.18,64.0,88.3,46.5,1.38,10.7,14.6,,,,,,,,,,,,,,,,,,,,,,
Dominik Greif,Mallorca,La Liga,2024/25,GK,26,2395,43.5,0.18,65.3,90.1,47.4,1.41,10.9,14.89,,,,,,,,,,,,,,,,,,,,,,
Leo Roman,Mallorca,La Liga,2025/26,GK,24,2770,43.5,-0.16,74.4,83.8,31.5,1.71,10.1,16.9,,,,,,,,,,,,,,,,,,,,,,
Leo Roman,Mallorca,La Liga,2024/25,GK,23,2770,43.5,0.0,71.4,80.4,30.2,1.64,10.0,16.22,,,,,,,,,,,,,,,,,,,,,,
Antonio Raillo,Mallorca,La Liga,2025/26,CB,32,1988,43.5,,,93.7,,,,,2.42,254.8,1.09,0.54,47.3,1.37,1.02,6.64,1.04,61.5,63.8,,,,,,,,,,,
Antonio Raillo,Mallorca,La Liga,2024/25,CB,31,1988,43.5,,,98.4,,,,,2.54,267.54,1.14,0.57,49.7,1.44,1.07,6.97,1.09,64.6,67.0,,,,,,,,,,,
Martin Valjent,Mallorca,La Liga,2025/26,CB,28,2681,43.5,,,86.0,,,,,2.13,309.9,4.54,2.08,45.4,2.95,2.48,5.65,2.4,66.9,63.9,,,,,,,,,,,
Martin Valjent,Mallorca,La Liga,2024/25,CB,27,2681,43.5,,,87.7,,,,,2.17,316.1,4.63,2.12,46.3,3.01,2.53,5.76,2.45,68.2,65.2,,,,,,,,,,,
Jose Copete,Mallorca,La Liga,2025/26,CB,24,2684,43.5,,,83.0,,,,,4.13,385.5,3.66,0.62,41.9,1.74,1.01,6.21,1.14,51.8,60.6,,,,,,,,,,,
Jose Copete,Mallorca,La Liga,2024/25,CB,23,2684,43.5,,,79.7,,,,,3.96,370.08,3.51,0.6,40.2,1.67,0.97,5.96,1.09,49.7,58.2,,,,,,,,,,,
Siebe Van der Heyden,Mallorca,La Liga,2025/26,CB,26,2507,43.5,,,87.5,,,,,3.79,377.3,1.34,0.93,67.6,2.06,2.57,4.09,1.37,67.0,65.0,,,,,,,,,,,
Siebe Van der Heyden,Mallorca,La Liga,2024/25,CB,25,2507,43.5,,,89.2,,,,,3.87,384.85,1.37,0.95,69.0,2.1,2.62,4.17,1.4,68.3,66.3,,,,,,,,,,,
Pablo Maffeo,Mallorca,La Liga,2025/26,FB,27,2054,43.5,,,84.5,,,,,5.93,,3.46,2.2,42.6,3.07,1.6,5.63,,55.5,,0.08,2.62,0.97,1.97,2.47,0.26,,,,,
Pablo Maffeo,Mallorca,La Liga,2024/25,FB,26,2054,43.5,,,86.2,,,,,6.05,,3.53,2.24,43.5,3.13,1.63,5.74,,56.6,,0.08,2.67,0.99,2.01,2.52,0.27,,,,,
Toni Lato,Mallorca,La Liga,2025/26,FB,26,1599,43.5,,,83.7,,,,,3.8,,5.93,2.85,48.5,2.22,1.92,7.86,,54.0,,0.09,2.59,1.06,1.45,3.57,0.2,,,,,
Toni Lato,Mallorca,La Liga,2024/25,FB,25,1599,43.5,,,85.4,,,,,3.88,,6.05,2.91,49.5,2.26,1.96,8.02,,55.1,,0.09,2.64,1.08,1.48,3.64,0.2,,,,,
Mateu Morey,Mallorca,La Liga,2025/26,FB,24,2382,43.5,,,83.7,,,,,5.54,,4.02,1.83,61.5,1.82,2.63,5.6,,53.8,,0.17,1.1,1.55,0.58,1.67,0.59,,,,,
Mateu Morey,Mallorca,La Liga,2024/25,FB,23,2382,43.5,,,80.4,,,,,5.32,,3.86,1.76,59.0,1.75,2.52,5.38,,51.6,,0.16,1.06,1.49,0.56,1.6,0.57,,,,,
Johan Mojica,Mallorca,La Liga,2025/26,FB,31,717,43.5,,,81.1,,,,,3.76,,2.58,4.0,50.5,2.26,2.71,7.79,,62.1,,0.24,1.57,1.88,1.77,1.44,0.24,,,,,
Johan Mojica,Mallorca,La Liga,2024/25,FB,30,900,43.5,,,85.2,,,,,3.95,,2.71,4.2,53.0,2.37,2.85,8.18,,65.2,,0.25,1.65,1.97,1.86,1.51,0.25,,,,,
Samu Costa,Mallorca,La Liga,2025/26,CM,23,1171,43.5,,,91.1,,,,,6.28,,5.71,2.15,72.8,2.21,1.6,6.33,1.4,47.8,,0.26,2.38,1.35,2.49,,,0.14,,,,
Samu Costa,Mallorca,La Liga,2024/25,CM,22,1171,43.5,,,87.5,,,,,6.03,,5.48,2.06,69.9,2.12,1.54,6.08,1.34,45.9,,0.25,2.28,1.3,2.39,,,0.13,,,,
Sergi Darder,Mallorca,La Liga,2025/26,CM,30,1361,43.5,,,78.4,,,,,4.4,,4.85,3.16,61.0,3.93,1.87,6.26,1.77,56.1,,0.27,4.24,2.03,2.29,,,0.12,,,,
Sergi Darder,Mallorca,La Liga,2024/25,CM,29,1361,43.5,,,80.0,,,,,4.49,,4.95,3.22,62.2,4.01,1.91,6.39,1.81,57.2,,0.28,4.32,2.07,2.34,,,0.12,,,,
Dani Rodriguez,Mallorca,La Liga,2025/26,CM,36,989,43.5,,,84.9,,,,,6.98,,5.72,3.46,52.0,3.69,1.99,7.61,1.12,40.1,,0.1,1.73,1.02,2.13,,,0.15,,,,
Dani Rodriguez,Mallorca,La Liga,2024/25,CM,35,989,43.5,,,89.1,,,,,7.33,,6.01,3.63,54.6,3.87,2.09,7.99,1.18,42.1,,0.11,1.82,1.07,2.24,,,0.16,,,,
Manu Morlanes,Mallorca,La Liga,2025/26,CM,25,2534,43.5,,,76.8,,,,,5.38,,4.74,3.94,65.8,4.36,3.46,6.69,2.05,51.8,,0.19,2.46,2.13,2.21,,,0.21,,,,
Manu Morlanes,Mallorca,La Liga,2024/25,CM,24,2534,43.5,,,78.3,,,,,5.49,,4.83,4.02,67.1,4.45,3.53,6.82,2.09,52.8,,0.19,2.51,2.17,2.25,,,0.21,,,,
Omar Mascarell,Mallorca,La Liga,2025/26,CM,31,696,43.5,,,82.7,,,,,5.11,,5.94,1.84,72.6,4.39,2.36,5.05,1.44,59.8,,0.14,4.28,2.17,0.89,,,0.09,,,,
Omar Mascarell,Mallorca,La Liga,2024/25,CM,30,900,43.5,,,86.8,,,,,5.37,,6.24,1.93,76.2,4.61,2.48,5.3,1.51,62.8,,0.15,4.49,2.28,0.93,,,0.09,,,,
Antonio Sanchez,Mallorca,La Liga,2025/26,CM,27,2588,43.5,,,75.2,,,,,8.4,,6.48,3.69,56.7,2.32,2.35,8.75,2.29,49.8,,0.28,2.56,2.38,0.83,,,0.15,,,,
Antonio Sanchez,Mallorca,La Liga,2024/25,CM,26,2588,43.5,,,76.7,,,,,8.57,,6.61,3.76,57.8,2.37,2.4,8.93,2.34,50.8,,0.29,2.61,2.43,0.85,,,0.15,,,,
Takuma Asano,Mallorca,La Liga,2025/26,W,29,2435,43.5,,,,,,,,2.76,,,6.62,52.2,1.56,1.18,3.58,,,,0.18,5.06,2.12,,3.88,1.15,0.26,3.71,7.13,2.75,
Takuma Asano,Mallorca,La Liga,2024/25,W,28,2435,43.5,,,,,,,,2.82,,,6.75,53.2,1.59,1.2,3.65,,,,0.18,5.16,2.16,,3.96,1.17,0.27,3.78,7.27,2.81,
Javi Llabres,Mallorca,La Liga,2025/26,W,22,1381,43.5,,,,,,,,4.22,,,6.4,60.2,1.88,0.33,4.18,,,,0.36,3.55,2.19,,5.47,1.12,0.36,3.87,3.76,1.94,
Javi Llabres,Mallorca,La Liga,2024/25,W,21,1381,43.5,,,,,,,,4.05,,,6.14,57.8,1.8,0.32,4.01,,,,0.35,3.41,2.1,,5.25,1.08,0.35,3.72,3.61,1.86,
Valery Fernandez,Mallorca,La Liga,2025/26,W,24,938,43.5,,,,,,,,2.9,,,5.73,56.5,2.46,0.43,5.0,,,,0.37,5.26,1.22,,5.62,1.15,0.42,1.58,5.49,2.97,
Valery Fernandez,Mallorca,La Liga,2024/25,W,23,938,43.5,,,,,,,,2.78,,,5.5,54.2,2.36,0.41,4.8,,,,0.36,5.05,1.17,,5.4,1.1,0.4,1.52,5.27,2.85,
Chiquinho,Mallorca,La Liga,2025/26,W,24,3103,43.5,,,,,,,,5.17,,,5.73,41.8,0.77,0.69,3.98,,,,0.17,5.26,2.47,,3.88,1.12,0.22,1.93,5.88,2.83,
Chiquinho,Mallorca,La Liga,2024/25,W,23,3103,43.5,,,,,,,,4.96,,,5.5,40.1,0.74,0.66,3.82,,,,0.16,5.05,2.37,,3.72,1.08,0.21,1.85,5.64,2.72,
Vedat Muriqi,Mallorca,La Liga,2025/26,ST,30,3071,43.5,,,77.8,,,,,,,,,,0.45,,3.43,,33.4,,0.19,2.12,1.35,,,0.26,0.49,4.37,6.68,2.26,54.2
Vedat Muriqi,Mallorca,La Liga,2024/25,ST,29,3071,43.5,,,79.4,,,,,,,,,,0.46,,3.5,,34.1,,0.19,2.16,1.38,,,0.27,0.5,4.46,6.81,2.31,55.3
Cyle Larin,Mallorca,La Liga,2025/26,ST,29,1296,43.5,,,71.5,,,,,,,,,,0.99,,2.91,,49.6,,0.12,3.47,0.88,,,0.13,0.59,4.8,5.95,1.22,52.8
Cyle Larin,Mallorca,La Liga,2024/25,ST,28,1296,43.5,,,72.9,,,,,,,,,,1.01,,2.97,,50.6,,0.12,3.54,0.9,,,0.13,0.6,4.9,6.07,1.24,53.9
Abdon Prats,Mallorca,La Liga,2025/26,ST,31,1005,43.5,,,78.3,,,,,,,,,,0.7,,3.12,,37.8,,0.16,2.5,1.99,,,0.69,0.62,2.12,8.74,2.48,45.9
Abdon Prats,Mallorca,La Liga,2024/25,ST,30,1005,43.5,,,82.2,,,,,,,,,,0.73,,3.28,,39.7,,0.17,2.62,2.09,,,0.72,0.65,2.23,9.18,2.6,48.2
Jasper Cillessen,Las Palmas,La Liga,2025/26,GK,35,1333,58.0,0.14,65.5,80.5,40.5,1.95,6.8,14.1,,,,,,,,,,,,,,,,,,,,,,
Jasper Cillessen,Las Palmas,La Liga,2024/25,GK,34,1333,58.0,0.15,68.8,84.5,42.5,2.05,10.0,14.8,,,,,,,,,,,,,,,,,,,,,,
Dinko Horkas,Las Palmas,La Liga,2025/26,GK,25,2825,58.0,0.29,66.5,62.2,37.8,1.7,10.8,13.5,,,,,,,,,,,,,,,,,,,,,,
Dinko Horkas,Las Palmas,La Liga,2024/25,GK,24,2825,58.0,0.3,67.8,63.4,38.6,1.73,11.0,13.77,,,,,,,,,,,,,,,,,,,,,,
Mika Marmol,Las Palmas,La Liga,2025/26,CB,23,1892,58.0,,,94.9,,,,,5.48,390.6,4.54,1.43,42.1,3.02,3.15,6.89,1.87,54.3,70.5,,,,,,,,,,,
Mika Marmol,Las Palmas,La Liga,2024/25,CB,22,1892,58.0,,,91.1,,,,,5.26,374.98,4.36,1.37,40.4,2.9,3.02,6.61,1.8,52.1,67.7,,,,,,,,,,,
Scott McKenna,Las Palmas,La Liga,2025/26,CB,27,3175,58.0,,,90.9,,,,,2.25,342.2,5.0,2.11,51.8,3.33,2.76,4.55,1.97,62.9,62.5,,,,,,,,,,,
Scott McKenna,Las Palmas,La Liga,2024/25,CB,26,3175,58.0,,,92.7,,,,,2.29,349.04,5.1,2.15,52.8,3.4,2.82,4.64,2.01,64.2,63.8,,,,,,,,,,,
Alex Suarez,Las Palmas,La Liga,2025/26,CB,31,2478,58.0,,,92.1,,,,,5.67,373.2,2.43,1.37,76.7,1.55,2.88,6.94,1.29,74.0,56.4,,,,,,,,,,,
Alex Suarez,Las Palmas,La Liga,2024/25,CB,30,2478,58.0,,,96.7,,,,,5.95,391.86,2.55,1.44,80.5,1.63,3.02,7.29,1.35,77.7,59.2,,,,,,,,,,,
Juanma Herzog,Las Palmas,La Liga,2025/26,CB,20,632,58.0,,,90.0,,,,,5.83,265.2,4.19,1.82,58.1,2.6,1.53,4.87,1.33,66.8,75.5,,,,,,,,,,,
Juanma Herzog,Las Palmas,La Liga,2024/25,CB,19,900,58.0,,,82.8,,,,,5.36,243.98,3.85,1.67,53.5,2.39,1.41,4.48,1.22,61.5,69.5,,,,,,,,,,,
Alex Munoz,Las Palmas,La Liga,2025/26,FB,29,1589,58.0,,,76.5,,,,,5.15,,5.91,2.68,57.1,3.45,1.33,7.71,,45.1,,0.2,1.52,1.71,1.42,2.02,0.21,,,,,
Alex Munoz,Las Palmas,La Liga,2024/25,FB,28,1589,58.0,,,78.0,,,,,5.25,,6.03,2.73,58.2,3.52,1.36,7.86,,46.0,,0.2,1.55,1.74,1.45,2.06,0.21,,,,,
Marvin Park,Las Palmas,La Liga,2025/26,FB,24,883,58.0,,,78.9,,,,,6.67,,4.04,2.29,49.7,2.16,1.99,5.56,,51.3,,0.21,2.81,1.09,0.76,1.67,0.34,,,,,
Marvin Park,Las Palmas,La Liga,2024/25,FB,23,900,58.0,,,75.7,,,,,6.4,,3.88,2.2,47.7,2.07,1.91,5.34,,49.2,,0.2,2.7,1.05,0.73,1.6,0.33,,,,,
Daley Sinkgraven,Las Palmas,La Liga,2025/26,FB,29,1027,58.0,,,73.1,,,,,5.46,,5.26,2.6,57.1,2.96,1.64,6.65,,52.4,,0.2,1.96,1.77,0.66,3.99,0.45,,,,,
Daley Sinkgraven,Las Palmas,La Liga,2024/25,FB,28,1027,58.0,,,74.6,,,,,5.57,,5.37,2.65,58.2,3.02,1.67,6.78,,53.4,,0.2,2.0,1.81,0.67,4.07,0.46,,,,,
Viti Rozada,Las Palmas,La Liga,2025/26,FB,26,1766,58.0,,,80.0,,,,,4.61,,5.92,2.07,66.4,3.52,2.8,6.27,,50.3,,0.19,2.0,0.69,1.82,1.19,0.46,,,,,
Viti Rozada,Las Palmas,La Liga,2024/25,FB,25,1766,58.0,,,81.6,,,,,4.7,,6.04,2.11,67.7,3.59,2.86,6.4,,51.3,,0.19,2.04,0.7,1.86,1.21,0.47,,,,,
Kirian Rodriguez,Las Palmas,La Liga,2025/26,CM,28,2929,58.0,,,79.2,,,,,6.71,,4.81,3.38,72.0,4.34,2.96,8.69,2.04,41.1,,0.16,2.54,2.32,1.85,,,0.07,,,,
Kirian Rodriguez,Las Palmas,La Liga,2024/25,CM,27,2929,58.0,,,80.8,,,,,6.84,,4.91,3.45,73.4,4.43,3.02,8.86,2.08,41.9,,0.16,2.59,2.37,1.89,,,0.07,,,,
Javi Munoz,Las Palmas,La Liga,2025/26,CM,29,1604,58.0,,,85.2,,,,,5.59,,4.04,3.91,59.3,4.4,1.34,6.22,2.15,60.0,,0.09,1.82,1.98,1.53,,,0.11,,,,
Javi Munoz,Las Palmas,La Liga,2024/25,CM,28,1604,58.0,,,86.9,,,,,5.7,,4.12,3.99,60.5,4.49,1.37,6.34,2.19,61.2,,0.09,1.86,2.02,1.56,,,0.11,,,,
Enzo Loiodice,Las Palmas,La Liga,2025/26,CM,23,3161,58.0,,,80.5,,,,,5.44,,6.99,2.36,52.3,1.81,1.05,8.82,1.87,47.6,,0.14,3.35,1.99,2.27,,,0.2,,,,
Enzo Loiodice,Las Palmas,La Liga,2024/25,CM,22,3161,58.0,,,77.3,,,,,5.22,,6.71,2.27,50.2,1.74,1.01,8.47,1.8,45.7,,0.13,3.22,1.91,2.18,,,0.19,,,,
Jose Campana,Las Palmas,La Liga,2025/26,CM,31,660,58.0,,,81.9,,,,,6.68,,6.81,2.47,73.3,1.88,2.52,7.91,1.22,58.9,,0.17,3.42,1.92,1.2,,,0.16,,,,
Jose Campana,Las Palmas,La Liga,2024/25,CM,30,900,58.0,,,86.0,,,,,7.01,,7.15,2.59,77.0,1.97,2.65,8.31,1.28,61.8,,0.18,3.59,2.02,1.26,,,0.17,,,,
Fabio Gonzalez,Las Palmas,La Liga,2025/26,CM,27,857,58.0,,,84.8,,,,,7.77,,3.62,2.11,47.2,3.92,3.11,6.56,1.47,64.2,,0.18,3.54,2.36,0.68,,,0.06,,,,
Fabio Gonzalez,Las Palmas,La Liga,2024/25,CM,26,900,58.0,,,86.5,,,,,7.93,,3.69,2.15,48.1,4.0,3.17,6.69,1.5,65.5,,0.18,3.61,2.41,0.69,,,0.06,,,,
Dario Essugo,Las Palmas,La Liga,2025/26,CM,19,2917,58.0,,,89.1,,,,,7.61,,5.47,2.51,70.6,4.44,2.57,7.47,1.81,51.8,,0.17,4.37,2.45,2.07,,,0.15,,,,
Dario Essugo,Las Palmas,La Liga,2024/25,CM,18,2479,58.0,,,82.0,,,,,7.0,,5.03,2.31,65.0,4.08,2.36,6.87,1.67,47.7,,0.16,4.02,2.25,1.9,,,0.14,,,,
Sandro Ramirez,Las Palmas,La Liga,2025/26,W,29,1566,58.0,,,,,,,,5.3,,,3.29,35.5,1.43,1.06,4.09,,,,0.27,3.34,1.61,,4.13,1.1,0.4,2.54,3.06,3.27,
Sandro Ramirez,Las Palmas,La Liga,2024/25,W,28,1566,58.0,,,,,,,,5.41,,,3.36,36.2,1.46,1.08,4.17,,,,0.28,3.41,1.64,,4.21,1.12,0.41,2.59,3.12,3.34,
Adnan Januzaj,Las Palmas,La Liga,2025/26,W,29,2250,58.0,,,,,,,,2.13,,,5.8,48.4,1.38,0.58,3.14,,,,0.27,5.22,1.14,,3.43,0.54,0.2,3.71,5.5,1.36,
Adnan Januzaj,Las Palmas,La Liga,2024/25,W,28,2250,58.0,,,,,,,,2.17,,,5.92,49.4,1.41,0.59,3.2,,,,0.28,5.32,1.16,,3.5,0.55,0.2,3.78,5.61,1.39,
Benito Ramirez,Las Palmas,La Liga,2025/26,W,29,2709,58.0,,,,,,,,4.88,,,4.21,59.9,0.84,1.33,2.51,,,,0.21,4.91,2.4,,6.04,0.62,0.23,1.51,5.39,3.07,
Benito Ramirez,Las Palmas,La Liga,2024/25,W,28,2709,58.0,,,,,,,,4.98,,,4.29,61.1,0.86,1.36,2.56,,,,0.21,5.01,2.45,,6.16,0.63,0.23,1.54,5.5,3.13,
Pejino,Las Palmas,La Liga,2025/26,W,28,2180,58.0,,,,,,,,3.58,,,5.88,61.3,2.08,0.41,3.11,,,,0.36,4.94,1.95,,5.02,0.9,0.27,2.48,7.4,1.44,
Pejino,Las Palmas,La Liga,2024/25,W,27,2180,58.0,,,,,,,,3.65,,,6.0,62.5,2.12,0.42,3.17,,,,0.37,5.04,1.99,,5.12,0.92,0.28,2.53,7.55,1.47,
Oli McBurnie,Las Palmas,La Liga,2025/26,ST,28,2483,58.0,,,72.4,,,,,,,,,,0.99,,3.05,,35.4,,0.08,1.83,1.2,,,0.63,0.34,2.78,4.51,1.44,44.7
Oli McBurnie,Las Palmas,La Liga,2024/25,ST,27,2483,58.0,,,73.8,,,,,,,,,,1.01,,3.11,,36.1,,0.08,1.87,1.22,,,0.64,0.35,2.84,4.6,1.47,45.6
Jaime Mata,Las Palmas,La Liga,2025/26,ST,35,2756,58.0,,,67.4,,,,,,,,,,1.34,,1.02,,48.7,,0.22,3.5,1.02,,,0.68,0.32,2.42,4.67,1.03,42.3
Jaime Mata,Las Palmas,La Liga,2024/25,ST,34,2756,58.0,,,70.8,,,,,,,,,,1.41,,1.07,,51.1,,0.23,3.68,1.07,,,0.71,0.34,2.54,4.9,1.08,44.4
Marc Cardona,Las Palmas,La Liga,2025/26,ST,29,2434,58.0,,,72.9,,,,,,,,,,0.98,,3.3,,51.6,,0.06,3.43,1.37,,,0.71,0.59,3.45,7.86,1.63,54.0
Marc Cardona,Las Palmas,La Liga,2024/25,ST,28,2434,58.0,,,74.4,,,,,,,,,,1.0,,3.37,,52.6,,0.06,3.5,1.4,,,0.72,0.6,3.52,8.02,1.66,55.1
Fabio Silva,Las Palmas,La Liga,2025/26,ST,22,1849,58.0,,,69.2,,,,,,,,,,0.42,,2.02,,31.4,,0.1,3.28,1.48,,,0.17,0.74,3.32,6.07,1.07,51.0
Fabio Silva,Las Palmas,La Liga,2024/25,ST,21,1849,58.0,,,66.4,,,,,,,,,,0.4,,1.94,,30.1,,0.1,3.15,1.42,,,0.16,0.71,3.19,5.83,1.03,49.0
Antonio Sivera,Alaves,La Liga,2025/26,GK,28,1194,44.0,0.07,67.9,72.0,40.8,2.23,5.8,15.2,,,,,,,,,,,,,,,,,,,,,,
Antonio Sivera,Alaves,La Liga,2024/25,GK,27,1194,44.0,0.07,69.3,73.4,41.6,2.27,10.0,15.5,,,,,,,,,,,,,,,,,,,,,,
Jesus Owono,Alaves,La Liga,2025/26,GK,23,2659,44.0,-0.03,64.2,71.5,58.4,0.62,6.3,11.8,,,,,,,,,,,,,,,,,,,,,,
Jesus Owono,Alaves,La Liga,2024/25,GK,22,2659,44.0,0.0,61.6,68.6,56.1,0.6,10.0,11.33,,,,,,,,,,,,,,,,,,,,,,
Abdel Abqar,Alaves,La Liga,2025/26,CB,25,2758,44.0,,,91.0,,,,,4.67,454.7,2.81,1.25,79.2,3.43,3.28,6.52,2.69,70.9,84.4,,,,,,,,,,,
Abdel Abqar,Alaves,La Liga,2024/25,CB,24,2758,44.0,,,92.8,,,,,4.76,463.79,2.87,1.27,80.8,3.5,3.35,6.65,2.74,72.3,86.1,,,,,,,,,,,
Aleksandar Sedlar,Alaves,La Liga,2025/26,CB,32,2239,44.0,,,90.3,,,,,4.65,370.9,4.57,1.44,55.6,1.56,1.4,5.77,1.49,56.0,56.1,,,,,,,,,,,
Aleksandar Sedlar,Alaves,La Liga,2024/25,CB,31,2239,44.0,,,94.8,,,,,4.88,389.44,4.8,1.51,58.4,1.64,1.47,6.06,1.56,58.8,58.9,,,,,,,,,,,
Santiago Mourino,Alaves,La Liga,2025/26,CB,22,1702,44.0,,,82.5,,,,,5.59,272.0,1.68,1.4,75.6,3.36,1.16,4.42,1.14,66.7,84.8,,,,,,,,,,,
Santiago Mourino,Alaves,La Liga,2024/25,CB,21,1702,44.0,,,79.2,,,,,5.37,261.12,1.61,1.34,72.6,3.23,1.11,4.24,1.09,64.0,81.4,,,,,,,,,,,
Facundo Garces,Alaves,La Liga,2025/26,CB,24,1389,44.0,,,75.1,,,,,4.58,490.6,4.09,1.27,48.7,1.7,3.0,5.54,1.9,74.2,63.7,,,,,,,,,,,
Facundo Garces,Alaves,La Liga,2024/25,CB,23,1389,44.0,,,72.1,,,,,4.4,470.98,3.93,1.22,46.8,1.63,2.88,5.32,1.82,71.2,61.2,,,,,,,,,,,
Nahuel Tenaglia,Alaves,La Liga,2025/26,FB,28,3072,44.0,,,71.9,,,,,4.72,,3.34,3.97,40.4,1.63,1.17,7.43,,41.5,,0.1,1.03,1.82,0.88,1.59,0.24,,,,,
Nahuel Tenaglia,Alaves,La Liga,2024/25,FB,27,3072,44.0,,,73.3,,,,,4.81,,3.41,4.05,41.2,1.66,1.19,7.58,,42.3,,0.1,1.05,1.86,0.9,1.62,0.24,,,,,
Manu Sanchez,Alaves,La Liga,2025/26,FB,24,2614,44.0,,,70.6,,,,,6.12,,2.18,3.63,69.3,1.87,2.19,5.78,,64.0,,0.24,2.24,0.81,1.13,2.41,0.12,,,,,
Manu Sanchez,Alaves,La Liga,2024/25,FB,23,2614,44.0,,,67.8,,,,,5.88,,2.09,3.48,66.5,1.8,2.1,5.55,,61.4,,0.23,2.15,0.78,1.08,2.31,0.12,,,,,
Hugo Novoa,Alaves,La Liga,2025/26,FB,21,2344,44.0,,,76.4,,,,,5.62,,3.72,4.15,66.3,1.51,1.68,5.78,,60.9,,0.17,1.57,1.38,1.55,3.21,0.24,,,,,
Hugo Novoa,Alaves,La Liga,2024/25,FB,20,2344,44.0,,,70.3,,,,,5.17,,3.42,3.82,61.0,1.39,1.55,5.32,,56.0,,0.16,1.44,1.27,1.43,2.95,0.22,,,,,
Moussa Diarra,Alaves,La Liga,2025/26,FB,23,2575,44.0,,,73.0,,,,,3.62,,5.04,3.75,46.0,3.34,2.74,5.99,,40.6,,0.06,1.83,1.13,1.82,1.13,0.51,,,,,
Moussa Diarra,Alaves,La Liga,2024/25,FB,22,2575,44.0,,,70.1,,,,,3.48,,4.84,3.6,44.2,3.21,2.63,5.75,,39.0,,0.06,1.76,1.08,1.75,1.08,0.49,,,,,
Ander Guevara,Alaves,La Liga,2025/26,CM,27,1714,44.0,,,90.9,,,,,6.27,,6.63,3.55,68.6,3.09,1.18,5.1,2.25,60.6,,0.2,3.77,0.94,0.68,,,0.19,,,,
Ander Guevara,Alaves,La Liga,2024/25,CM,26,1714,44.0,,,92.7,,,,,6.4,,6.76,3.62,70.0,3.15,1.2,5.2,2.29,61.8,,0.2,3.85,0.96,0.69,,,0.19,,,,
Jon Guridi,Alaves,La Liga,2025/26,CM,29,1067,44.0,,,83.8,,,,,5.55,,7.22,3.3,71.2,3.93,1.06,6.64,2.25,58.4,,0.17,2.07,1.87,1.59,,,0.16,,,,
Jon Guridi,Alaves,La Liga,2024/25,CM,28,1067,44.0,,,85.5,,,,,5.66,,7.36,3.37,72.6,4.01,1.08,6.77,2.29,59.6,,0.17,2.11,1.91,1.62,,,0.16,,,,
Antonio Blanco,Alaves,La Liga,2025/26,CM,24,895,44.0,,,88.0,,,,,6.06,,3.34,3.53,60.4,4.24,2.16,5.43,2.06,45.5,,0.05,2.07,0.78,1.8,,,0.08,,,,
Antonio Blanco,Alaves,La Liga,2024/25,CM,23,900,44.0,,,84.5,,,,,5.82,,3.21,3.39,58.0,4.07,2.07,5.21,1.98,43.7,,0.05,1.99,0.75,1.73,,,0.08,,,,
Carlos Protesoni,Alaves,La Liga,2025/26,CM,23,1135,44.0,,,77.1,,,,,8.44,,7.16,2.11,48.7,3.4,3.16,6.35,1.2,54.6,,0.24,2.51,1.63,1.06,,,0.12,,,,
Carlos Protesoni,Alaves,La Liga,2024/25,CM,22,1135,44.0,,,74.0,,,,,8.1,,6.87,2.03,46.8,3.26,3.03,6.1,1.15,52.4,,0.23,2.41,1.56,1.02,,,0.12,,,,
Joan Jordan,Alaves,La Liga,2025/26,CM,30,769,44.0,,,84.6,,,,,5.87,,5.69,3.02,69.3,2.5,2.96,5.48,1.52,54.5,,0.2,4.11,2.26,1.4,,,0.17,,,,
Joan Jordan,Alaves,La Liga,2024/25,CM,29,900,44.0,,,86.3,,,,,5.99,,5.8,3.08,70.7,2.55,3.02,5.59,1.55,55.6,,0.2,4.19,2.31,1.43,,,0.17,,,,
Carlos Vicente,Alaves,La Liga,2025/26,W,25,3154,44.0,,,,,,,,5.11,,,5.34,35.2,1.57,0.44,4.1,,,,0.34,4.75,2.01,,5.48,0.43,0.3,3.98,5.08,1.96,
Carlos Vicente,Alaves,La Liga,2024/25,W,24,3154,44.0,,,,,,,,5.21,,,5.45,35.9,1.6,0.45,4.18,,,,0.35,4.84,2.05,,5.59,0.44,0.31,4.06,5.18,2.0,
Tomas Conechny,Alaves,La Liga,2025/26,W,26,3145,44.0,,,,,,,,5.97,,,5.21,39.9,1.39,1.0,2.3,,,,0.28,4.44,2.01,,7.11,1.03,0.37,3.44,3.02,2.7,
Tomas Conechny,Alaves,La Liga,2024/25,W,25,3145,44.0,,,,,,,,6.09,,,5.31,40.7,1.42,1.02,2.35,,,,0.29,4.53,2.05,,7.25,1.05,0.38,3.51,3.08,2.75,
Luka Romero,Alaves,La Liga,2025/26,W,19,2322,44.0,,,,,,,,5.89,,,6.59,51.8,1.53,0.26,3.91,,,,0.17,5.28,1.69,,3.79,0.68,0.18,3.63,7.83,3.1,
Luka Romero,Alaves,La Liga,2024/25,W,18,1973,44.0,,,,,,,,5.42,,,6.06,47.7,1.41,0.24,3.6,,,,0.16,4.86,1.55,,3.49,0.63,0.17,3.34,7.2,2.85,
Abde Rebbach,Alaves,La Liga,2025/26,W,26,1712,44.0,,,,,,,,4.63,,,5.12,47.3,2.36,1.17,4.45,,,,0.39,3.46,1.87,,3.73,0.93,0.37,1.63,5.27,3.48,
Abde Rebbach,Alaves,La Liga,2024/25,W,25,1712,44.0,,,,,,,,4.72,,,5.22,48.2,2.41,1.19,4.54,,,,0.4,3.53,1.91,,3.8,0.95,0.38,1.66,5.38,3.55,
Kike Garcia,Alaves,La Liga,2025/26,ST,34,1166,44.0,,,72.6,,,,,,,,,,0.43,,2.68,,43.1,,0.15,1.82,0.76,,,0.34,0.46,4.76,7.29,1.55,35.1
Kike Garcia,Alaves,La Liga,2024/25,ST,33,1166,44.0,,,76.2,,,,,,,,,,0.45,,2.81,,45.3,,0.16,1.91,0.8,,,0.36,0.48,5.0,7.65,1.63,36.9
Toni Martinez,Alaves,La Liga,2025/26,ST,27,857,44.0,,,72.9,,,,,,,,,,0.74,,1.42,,57.8,,0.24,1.99,0.89,,,0.39,0.31,3.59,7.42,1.39,53.3
Toni Martinez,Alaves,La Liga,2024/25,ST,26,900,44.0,,,74.4,,,,,,,,,,0.75,,1.45,,59.0,,0.24,2.03,0.91,,,0.4,0.32,3.66,7.57,1.42,54.4
Asier Villalibre,Alaves,La Liga,2025/26,ST,26,2349,44.0,,,69.1,,,,,,,,,,0.52,,2.11,,42.1,,0.14,2.42,1.39,,,0.6,0.74,2.01,5.8,2.13,52.5
Asier Villalibre,Alaves,La Liga,2024/25,ST,25,2349,44.0,,,70.5,,,,,,,,,,0.53,,2.15,,42.9,,0.14,2.47,1.42,,,0.61,0.75,2.05,5.92,2.17,53.6
Joan Garcia,Espanyol,La Liga,2025/26,GK,23,1138,42.5,-0.08,73.9,61.6,51.5,1.55,10.3,11.1,,,,,,,,,,,,,,,,,,,,,,
Joan Garcia,Espanyol,La Liga,2024/25,GK,22,1138,42.5,0.0,70.9,59.1,49.4,1.49,10.0,10.66,,,,,,,,,,,,,,,,,,,,,,
Fernando Pacheco,Espanyol,La Liga,2025/26,GK,32,1086,42.5,0.06,64.4,75.8,41.4,2.25,10.8,16.7,,,,,,,,,,,,,,,,,,,,,,
Fernando Pacheco,Espanyol,La Liga,2024/25,GK,31,1086,42.5,0.06,67.6,79.6,43.5,2.36,11.3,17.54,,,,,,,,,,,,,,,,,,,,,,
Leandro Cabrera,Espanyol,La Liga,2025/26,CB,33,2812,42.5,,,94.1,,,,,5.95,211.0,2.24,1.98,61.5,1.61,1.08,6.42,2.8,50.4,74.3,,,,,,,,,,,
Leandro Cabrera,Espanyol,La Liga,2024/25,CB,32,2812,42.5,,,98.8,,,,,6.25,221.55,2.35,2.08,64.6,1.69,1.13,6.74,2.94,52.9,78.0,,,,,,,,,,,
Fernando Calero,Espanyol,La Liga,2025/26,CB,28,2529,42.5,,,94.4,,,,,5.73,256.2,2.95,1.88,44.0,3.16,2.15,6.56,1.93,64.8,59.0,,,,,,,,,,,
Fernando Calero,Espanyol,La Liga,2024/25,CB,27,2529,42.5,,,96.3,,,,,5.84,261.32,3.01,1.92,44.9,3.22,2.19,6.69,1.97,66.1,60.2,,,,,,,,,,,
Marash Kumbulla,Espanyol,La Liga,2025/26,CB,24,659,42.5,,,84.8,,,,,3.14,385.5,3.47,1.28,65.5,1.19,2.34,6.15,1.2,50.5,70.8,,,,,,,,,,,
Marash Kumbulla,Espanyol,La Liga,2024/25,CB,23,900,42.5,,,81.4,,,,,3.01,370.08,3.33,1.23,62.9,1.14,2.25,5.9,1.15,48.5,68.0,,,,,,,,,,,
Sergi Gomez,Espanyol,La Liga,2025/26,CB,32,2392,42.5,,,82.2,,,,,3.73,315.6,2.06,1.47,67.3,3.09,3.22,6.11,1.46,59.6,73.2,,,,,,,,,,,
Sergi Gomez,Espanyol,La Liga,2024/25,CB,31,2392,42.5,,,86.3,,,,,3.92,331.38,2.16,1.54,70.7,3.24,3.38,6.42,1.53,62.6,76.9,,,,,,,,,,,
Omar El Hilali,Espanyol,La Liga,2025/26,FB,21,1367,42.5,,,74.9,,,,,6.56,,4.89,2.42,59.8,2.67,1.05,4.42,,42.5,,0.19,2.73,0.7,0.67,3.84,0.75,,,,,
Omar El Hilali,Espanyol,La Liga,2024/25,FB,20,1367,42.5,,,68.9,,,,,6.04,,4.5,2.23,55.0,2.46,0.97,4.07,,39.1,,0.17,2.51,0.64,0.62,3.53,0.69,,,,,
Brian Olivan,Espanyol,La Liga,2025/26,FB,30,766,42.5,,,73.5,,,,,7.0,,5.52,3.94,59.3,3.36,1.95,4.83,,41.2,,0.06,1.06,1.64,1.03,3.76,0.14,,,,,
Brian Olivan,Espanyol,La Liga,2024/25,FB,29,900,42.5,,,75.0,,,,,7.14,,5.63,4.02,60.5,3.43,1.99,4.93,,42.0,,0.06,1.08,1.67,1.05,3.84,0.14,,,,,
Carlos Romero,Espanyol,La Liga,2025/26,FB,22,2122,42.5,,,77.3,,,,,6.63,,3.26,2.02,67.1,2.03,1.12,7.89,,51.0,,0.18,2.75,1.77,0.87,1.04,0.26,,,,,
Carlos Romero,Espanyol,La Liga,2024/25,FB,21,2122,42.5,,,74.2,,,,,6.36,,3.13,1.94,64.4,1.95,1.08,7.57,,49.0,,0.17,2.64,1.7,0.84,1.0,0.25,,,,,
Alvaro Tejero,Espanyol,La Liga,2025/26,FB,28,2021,42.5,,,80.6,,,,,6.82,,2.29,3.88,69.0,2.79,2.19,5.14,,59.5,,0.23,2.68,1.43,0.95,2.43,0.11,,,,,
Alvaro Tejero,Espanyol,La Liga,2024/25,FB,27,2021,42.5,,,82.2,,,,,6.96,,2.34,3.96,70.4,2.85,2.23,5.24,,60.7,,0.23,2.73,1.46,0.97,2.48,0.11,,,,,
Pol Lozano,Espanyol,La Liga,2025/26,CM,24,1206,42.5,,,89.7,,,,,8.81,,6.34,1.57,74.2,2.42,2.9,7.33,1.88,48.9,,0.05,2.5,0.86,1.33,,,0.13,,,,
Pol Lozano,Espanyol,La Liga,2024/25,CM,23,1206,42.5,,,86.1,,,,,8.46,,6.09,1.51,71.2,2.32,2.78,7.04,1.8,46.9,,0.05,2.4,0.83,1.28,,,0.12,,,,
Alex Kral,Espanyol,La Liga,2025/26,CM,26,1148,42.5,,,90.1,,,,,7.97,,6.36,1.61,51.3,2.38,3.3,7.76,2.34,62.3,,0.29,1.78,1.46,1.18,,,0.16,,,,
Alex Kral,Espanyol,La Liga,2024/25,CM,25,1148,42.5,,,91.9,,,,,8.13,,6.49,1.64,52.3,2.43,3.37,7.92,2.39,63.5,,0.3,1.82,1.49,1.2,,,0.16,,,,
Jose Gragera,Espanyol,La Liga,2025/26,CM,24,3177,42.5,,,84.2,,,,,7.65,,3.84,3.3,52.3,4.17,2.28,7.25,1.44,64.8,,0.1,2.0,2.07,1.57,,,0.16,,,,
Jose Gragera,Espanyol,La Liga,2024/25,CM,23,3177,42.5,,,80.8,,,,,7.34,,3.69,3.17,50.2,4.0,2.19,6.96,1.38,62.2,,0.1,1.92,1.99,1.51,,,0.15,,,,
Alvaro Aguado,Espanyol,La Liga,2025/26,CM,28,1079,42.5,,,89.1,,,,,4.38,,6.14,3.83,64.2,3.99,3.19,7.77,2.32,54.7,,0.12,1.93,1.89,0.54,,,0.17,,,,
Alvaro Aguado,Espanyol,La Liga,2024/25,CM,27,1079,42.5,,,90.9,,,,,4.47,,6.26,3.91,65.5,4.07,3.25,7.93,2.37,55.8,,0.12,1.97,1.93,0.55,,,0.17,,,,
Edu Exposito,Espanyol,La Liga,2025/26,CM,28,928,42.5,,,86.9,,,,,8.55,,3.27,1.82,59.8,2.89,1.33,6.59,1.78,50.8,,0.29,2.61,1.1,2.42,,,0.1,,,,
Edu Exposito,Espanyol,La Liga,2024/25,CM,27,928,42.5,,,88.6,,,,,8.72,,3.34,1.86,61.0,2.95,1.36,6.72,1.82,51.8,,0.3,2.66,1.12,2.47,,,0.1,,,,
Javi Puado,Espanyol,La Liga,2025/26,W,26,2611,42.5,,,,,,,,2.59,,,6.08,40.5,1.12,0.31,4.53,,,,0.36,5.34,1.61,,3.49,0.21,0.28,3.05,6.72,1.55,
Javi Puado,Espanyol,La Liga,2024/25,W,25,2611,42.5,,,,,,,,2.64,,,6.2,41.3,1.14,0.32,4.62,,,,0.37,5.45,1.64,,3.56,0.21,0.29,3.11,6.85,1.58,
Irvin Cardona,Espanyol,La Liga,2025/26,W,27,3067,42.5,,,,,,,,2.48,,,4.55,40.4,0.94,1.44,4.15,,,,0.37,5.0,1.13,,3.09,0.61,0.26,3.09,6.55,1.24,
Irvin Cardona,Espanyol,La Liga,2024/25,W,26,3067,42.5,,,,,,,,2.53,,,4.64,41.2,0.96,1.47,4.23,,,,0.38,5.1,1.15,,3.15,0.62,0.27,3.15,6.68,1.26,
Salvi Sanchez,Espanyol,La Liga,2025/26,W,33,1831,42.5,,,,,,,,5.74,,,5.45,55.8,2.11,1.41,3.68,,,,0.27,4.2,2.87,,4.92,0.71,0.16,1.85,4.72,1.34,
Salvi Sanchez,Espanyol,La Liga,2024/25,W,32,1831,42.5,,,,,,,,6.03,,,5.72,58.6,2.22,1.48,3.86,,,,0.28,4.41,3.01,,5.17,0.75,0.17,1.94,4.96,1.41,
Jofre Carreras,Espanyol,La Liga,2025/26,W,23,1297,42.5,,,,,,,,3.54,,,3.55,54.8,1.31,1.23,2.29,,,,0.36,4.41,1.49,,4.66,1.02,0.33,3.79,7.49,2.93,
Jofre Carreras,Espanyol,La Liga,2024/25,W,22,1297,42.5,,,,,,,,3.4,,,3.41,52.6,1.26,1.18,2.2,,,,0.35,4.23,1.43,,4.47,0.98,0.32,3.64,7.19,2.81,
Alejo Veliz,Espanyol,La Liga,2025/26,ST,20,2948,42.5,,,65.5,,,,,,,,,,0.43,,1.14,,43.4,,0.12,1.82,0.84,,,0.64,0.61,3.81,6.99,1.34,42.1
Alejo Veliz,Espanyol,La Liga,2024/25,ST,19,2505,42.5,,,60.3,,,,,,,,,,0.4,,1.05,,39.9,,0.11,1.67,0.77,,,0.59,0.56,3.51,6.43,1.23,38.7
Walid Cheddira,Espanyol,La Liga,2025/26,ST,26,2236,42.5,,,66.0,,,,,,,,,,0.79,,1.19,,42.4,,0.05,1.81,1.44,,,0.43,0.4,3.07,4.39,2.48,45.7
Walid Cheddira,Espanyol,La Liga,2024/25,ST,25,2236,42.5,,,67.3,,,,,,,,,,0.81,,1.21,,43.2,,0.05,1.85,1.47,,,0.44,0.41,3.13,4.48,2.53,46.6
Pere Milla,Espanyol,La Liga,2025/26,ST,31,2841,42.5,,,79.3,,,,,,,,,,0.6,,1.21,,44.3,,0.13,3.33,0.98,,,0.61,0.31,4.92,4.86,1.88,47.2
Pere Milla,Espanyol,La Liga,2024/25,ST,30,2841,42.5,,,83.3,,,,,,,,,,0.63,,1.27,,46.5,,0.14,3.5,1.03,,,0.64,0.33,5.17,5.1,1.97,49.6
Marko Dmitrovic,Leganes,La Liga,2025/26,GK,32,1089,41.0,0.18,64.3,84.0,35.4,2.07,5.8,11.9,,,,,,,,,,,,,,,,,,,,,,
Marko Dmitrovic,Leganes,La Liga,2024/25,GK,31,1089,41.0,0.19,67.5,88.2,37.2,2.17,10.0,12.5,,,,,,,,,,,,,,,,,,,,,,
Juan Soriano,Leganes,La Liga,2025/26,GK,27,1321,41.0,-0.25,77.5,67.8,57.4,1.38,10.3,11.2,,,,,,,,,,,,,,,,,,,,,,
Juan Soriano,Leganes,La Liga,2024/25,GK,26,1321,41.0,0.0,79.0,69.2,58.5,1.41,10.5,11.42,,,,,,,,,,,,,,,,,,,,,,
Sergio Gonzalez,Leganes,La Liga,2025/26,CB,32,2228,41.0,,,76.6,,,,,4.56,466.2,2.84,2.4,55.8,1.48,1.26,7.54,1.3,64.1,83.5,,,,,,,,,,,
Sergio Gonzalez,Leganes,La Liga,2024/25,CB,31,2228,41.0,,,80.4,,,,,4.79,489.51,2.98,2.52,58.6,1.55,1.32,7.92,1.37,67.3,87.7,,,,,,,,,,,
Matija Nastasic,Leganes,La Liga,2025/26,CB,31,1956,41.0,,,83.0,,,,,4.89,305.9,2.76,1.25,50.6,2.33,1.62,4.29,1.39,53.7,65.9,,,,,,,,,,,
Matija Nastasic,Leganes,La Liga,2024/25,CB,30,1956,41.0,,,87.2,,,,,5.13,321.19,2.9,1.31,53.1,2.45,1.7,4.5,1.46,56.4,69.2,,,,,,,,,,,
Jorge Saenz,Leganes,La Liga,2025/26,CB,27,3151,41.0,,,88.2,,,,,4.33,222.5,2.55,1.33,61.7,2.79,3.02,6.01,1.41,62.2,71.7,,,,,,,,,,,
Jorge Saenz,Leganes,La Liga,2024/25,CB,26,3151,41.0,,,90.0,,,,,4.42,226.95,2.6,1.36,62.9,2.85,3.08,6.13,1.44,63.4,73.1,,,,,,,,,,,
Jackson Porozo,Leganes,La Liga,2025/26,CB,24,759,41.0,,,76.6,,,,,4.57,381.5,2.56,2.42,42.6,3.17,3.14,4.27,2.02,54.7,82.4,,,,,,,,,,,
Jackson Porozo,Leganes,La Liga,2024/25,CB,23,900,41.0,,,73.5,,,,,4.39,366.24,2.46,2.32,40.9,3.04,3.01,4.1,1.94,52.5,79.1,,,,,,,,,,,
Valentin Rosier,Leganes,La Liga,2025/26,FB,28,1547,41.0,,,77.8,,,,,5.26,,3.02,1.86,47.2,2.88,2.11,6.96,,56.3,,0.1,1.17,0.64,1.55,1.43,0.46,,,,,
Valentin Rosier,Leganes,La Liga,2024/25,FB,27,1547,41.0,,,79.4,,,,,5.37,,3.08,1.9,48.1,2.94,2.15,7.1,,57.4,,0.1,1.19,0.65,1.58,1.46,0.47,,,,,
Enric Franquesa,Leganes,La Liga,2025/26,FB,27,3130,41.0,,,74.5,,,,,3.32,,5.72,1.79,57.4,1.65,2.37,6.36,,61.4,,0.2,1.38,1.94,1.04,3.92,0.74,,,,,
Enric Franquesa,Leganes,La Liga,2024/25,FB,26,3130,41.0,,,76.0,,,,,3.39,,5.83,1.83,58.5,1.68,2.42,6.49,,62.6,,0.2,1.41,1.98,1.06,4.0,0.75,,,,,
Javi Hernandez,Leganes,La Liga,2025/26,FB,26,2214,41.0,,,80.4,,,,,6.44,,3.48,2.01,65.9,1.79,2.17,5.59,,64.9,,0.23,1.23,0.53,0.66,3.22,0.57,,,,,
Javi Hernandez,Leganes,La Liga,2024/25,FB,25,2214,41.0,,,82.0,,,,,6.57,,3.55,2.05,67.2,1.83,2.21,5.7,,66.2,,0.23,1.25,0.54,0.67,3.28,0.58,,,,,
Adria Altimira,Leganes,La Liga,2025/26,FB,23,2553,41.0,,,80.2,,,,,6.21,,3.9,3.11,47.2,1.82,1.28,7.6,,47.6,,0.07,3.18,1.4,1.08,2.95,0.25,,,,,
Adria Altimira,Leganes,La Liga,2024/25,FB,22,2553,41.0,,,77.0,,,,,5.96,,3.74,2.99,45.3,1.75,1.23,7.3,,45.7,,0.07,3.05,1.34,1.04,2.83,0.24,,,,,
Darko Brasanac,Leganes,La Liga,2025/26,CM,32,2618,41.0,,,78.2,,,,,7.47,,5.41,2.58,48.5,4.12,1.47,6.66,1.47,63.4,,0.19,1.9,1.65,2.45,,,0.18,,,,
Darko Brasanac,Leganes,La Liga,2024/25,CM,31,2618,41.0,,,82.1,,,,,7.84,,5.68,2.71,50.9,4.33,1.54,6.99,1.54,66.6,,0.2,1.99,1.73,2.57,,,0.19,,,,
Yvan Neyou,Leganes,La Liga,2025/26,CM,27,641,41.0,,,83.9,,,,,5.25,,5.35,2.85,49.3,2.55,1.07,5.69,2.17,56.0,,0.23,1.65,1.89,1.06,,,0.17,,,,
Yvan Neyou,Leganes,La Liga,2024/25,CM,26,900,41.0,,,85.6,,,,,5.36,,5.46,2.91,50.3,2.6,1.09,5.8,2.21,57.1,,0.23,1.68,1.93,1.08,,,0.17,,,,
Seydouba Cisse,Leganes,La Liga,2025/26,CM,23,537,41.0,,,75.5,,,,,5.26,,3.65,2.15,59.2,3.86,3.43,5.88,1.82,58.4,,0.12,1.51,1.48,0.66,,,0.08,,,,
Seydouba Cisse,Leganes,La Liga,2024/25,CM,22,900,41.0,,,72.5,,,,,5.05,,3.5,2.06,56.8,3.71,3.29,5.64,1.75,56.1,,0.12,1.45,1.42,0.63,,,0.08,,,,
Renato Tapia,Leganes,La Liga,2025/26,CM,29,505,41.0,,,86.4,,,,,4.19,,7.53,3.06,71.4,2.53,3.16,6.98,2.31,51.6,,0.13,4.33,1.98,1.3,,,0.14,,,,
Renato Tapia,Leganes,La Liga,2024/25,CM,28,900,41.0,,,88.1,,,,,4.27,,7.68,3.12,72.8,2.58,3.22,7.12,2.36,52.6,,0.13,4.42,2.02,1.33,,,0.14,,,,
Roberto Lopez,Leganes,La Liga,2025/26,CM,24,1037,41.0,,,87.3,,,,,8.62,,6.71,2.68,59.9,4.12,3.28,7.37,0.88,56.9,,0.09,3.6,1.98,1.84,,,0.13,,,,
Roberto Lopez,Leganes,La Liga,2024/25,CM,23,1037,41.0,,,83.8,,,,,8.28,,6.44,2.57,57.5,3.96,3.15,7.08,0.84,54.6,,0.09,3.46,1.9,1.77,,,0.12,,,,
Juan Cruz,Leganes,La Liga,2025/26,W,24,1969,41.0,,,,,,,,5.26,,,3.12,53.6,1.38,0.2,3.91,,,,0.3,2.53,1.86,,5.61,0.92,0.24,3.8,7.96,1.94,
Juan Cruz,Leganes,La Liga,2024/25,W,23,1969,41.0,,,,,,,,5.05,,,3.0,51.5,1.32,0.19,3.75,,,,0.29,2.43,1.79,,5.39,0.88,0.23,3.65,7.64,1.86,
Oscar Rodriguez,Leganes,La Liga,2025/26,W,26,2332,41.0,,,,,,,,3.83,,,4.47,41.8,2.15,1.13,2.08,,,,0.36,3.93,1.05,,7.72,0.72,0.23,2.25,6.28,1.25,
Oscar Rodriguez,Leganes,La Liga,2024/25,W,25,2332,41.0,,,,,,,,3.91,,,4.56,42.6,2.19,1.15,2.12,,,,0.37,4.01,1.07,,7.87,0.73,0.23,2.29,6.41,1.27,
Munir El Haddadi,Leganes,La Liga,2025/26,W,28,1976,41.0,,,,,,,,3.4,,,3.52,47.0,1.63,0.28,2.97,,,,0.37,3.76,1.47,,3.15,0.6,0.24,3.16,3.45,1.51,
Munir El Haddadi,Leganes,La Liga,2024/25,W,27,1976,41.0,,,,,,,,3.47,,,3.59,47.9,1.66,0.29,3.03,,,,0.38,3.84,1.5,,3.21,0.61,0.24,3.22,3.52,1.54,
Dani Raba,Leganes,La Liga,2025/26,W,28,2743,41.0,,,,,,,,2.18,,,3.95,44.2,1.44,0.91,4.64,,,,0.29,4.13,2.3,,5.83,0.48,0.37,3.91,4.19,2.36,
Dani Raba,Leganes,La Liga,2024/25,W,27,2743,41.0,,,,,,,,2.22,,,4.03,45.1,1.47,0.93,4.73,,,,0.3,4.21,2.35,,5.95,0.49,0.38,3.99,4.27,2.41,
Miguel de la Fuente,Leganes,La Liga,2025/26,ST,25,999,41.0,,,69.9,,,,,,,,,,1.36,,1.96,,37.6,,0.22,3.27,1.38,,,0.25,0.34,2.24,7.01,1.64,51.9
Miguel de la Fuente,Leganes,La Liga,2024/25,ST,24,999,41.0,,,71.3,,,,,,,,,,1.39,,2.0,,38.4,,0.22,3.34,1.41,,,0.26,0.35,2.28,7.15,1.67,52.9
Sebastien Haller,Leganes,La Liga,2025/26,ST,30,2724,41.0,,,75.9,,,,,,,,,,1.47,,1.44,,39.1,,0.07,1.64,1.76,,,0.4,0.32,2.24,7.62,2.13,38.4
Sebastien Haller,Leganes,La Liga,2024/25,ST,29,2724,41.0,,,77.4,,,,,,,,,,1.5,,1.47,,39.9,,0.07,1.67,1.8,,,0.41,0.33,2.28,7.77,2.17,39.2
Diego Garcia,Leganes,La Liga,2025/26,ST,24,2203,41.0,,,75.0,,,,,,,,,,1.38,,3.35,,43.4,,0.12,1.66,1.9,,,0.52,0.56,2.49,7.15,0.73,51.9
Diego Garcia,Leganes,La Liga,2024/25,ST,23,2203,41.0,,,72.0,,,,,,,,,,1.32,,3.22,,41.7,,0.12,1.59,1.82,,,0.5,0.54,2.39,6.86,0.7,49.8
Karl Hein,Real Valladolid,La Liga,2025/26,GK,22,1139,45.0,0.14,61.9,74.4,59.4,1.98,11.8,15.1,,,,,,,,,,,,,,,,,,,,,,
Karl Hein,Real Valladolid,La Liga,2024/25,GK,21,1139,45.0,0.13,59.4,71.4,57.0,1.9,11.3,14.5,,,,,,,,,,,,,,,,,,,,,,
Andre Ferreira,Real Valladolid,La Liga,2025/26,GK,28,2367,45.0,-0.21,64.1,88.0,46.8,0.78,4.3,17.7,,,,,,,,,,,,,,,,,,,,,,
Andre Ferreira,Real Valladolid,La Liga,2024/25,GK,27,2367,45.0,0.0,65.4,89.8,47.7,0.8,10.0,18.05,,,,,,,,,,,,,,,,,,,,,,
Javi Sanchez,Real Valladolid,La Liga,2025/26,CB,27,646,45.0,,,93.0,,,,,4.6,389.5,4.74,1.22,41.2,1.37,2.14,7.67,2.27,54.8,64.9,,,,,,,,,,,
Javi Sanchez,Real Valladolid,La Liga,2024/25,CB,26,900,45.0,,,94.9,,,,,4.69,397.29,4.83,1.24,42.0,1.4,2.18,7.82,2.32,55.9,66.2,,,,,,,,,,,
Eray Comert,Real Valladolid,La Liga,2025/26,CB,26,1862,45.0,,,87.1,,,,,4.68,466.2,4.47,1.95,47.7,2.12,1.04,4.29,2.39,61.9,78.0,,,,,,,,,,,
Eray Comert,Real Valladolid,La Liga,2024/25,CB,25,1862,45.0,,,88.8,,,,,4.77,475.52,4.56,1.99,48.7,2.16,1.06,4.38,2.44,63.1,79.6,,,,,,,,,,,
David Torres,Real Valladolid,La Liga,2025/26,CB,21,1802,45.0,,,91.2,,,,,2.94,306.5,2.84,1.98,52.0,2.95,2.37,7.55,2.32,72.7,75.7,,,,,,,,,,,
David Torres,Real Valladolid,La Liga,2024/25,CB,20,1802,45.0,,,83.9,,,,,2.7,281.98,2.61,1.82,47.8,2.71,2.18,6.95,2.13,66.9,69.6,,,,,,,,,,,
Cenk Ozkacar,Real Valladolid,La Liga,2025/26,CB,23,3050,45.0,,,90.9,,,,,2.07,431.6,2.93,2.24,47.1,1.06,2.11,7.39,2.25,74.3,82.3,,,,,,,,,,,
Cenk Ozkacar,Real Valladolid,La Liga,2024/25,CB,22,3050,45.0,,,87.3,,,,,1.99,414.34,2.81,2.15,45.2,1.02,2.03,7.09,2.16,71.3,79.0,,,,,,,,,,,
Luis Perez,Real Valladolid,La Liga,2025/26,FB,29,540,45.0,,,75.6,,,,,6.66,,4.33,3.88,56.9,2.77,2.9,5.99,,58.6,,0.13,1.73,1.62,1.7,2.15,0.71,,,,,
Luis Perez,Real Valladolid,La Liga,2024/25,FB,28,900,45.0,,,77.1,,,,,6.79,,4.42,3.96,58.0,2.83,2.96,6.11,,59.8,,0.13,1.76,1.65,1.73,2.19,0.72,,,,,
Lucas Rosa,Real Valladolid,La Liga,2025/26,FB,24,1214,45.0,,,78.0,,,,,3.55,,5.87,4.13,52.8,3.06,1.38,6.81,,46.4,,0.07,2.97,1.15,1.16,1.12,0.12,,,,,
Lucas Rosa,Real Valladolid,La Liga,2024/25,FB,23,1214,45.0,,,74.9,,,,,3.41,,5.64,3.96,50.7,2.94,1.32,6.54,,44.5,,0.07,2.85,1.1,1.11,1.08,0.12,,,,,
Raul Chasco,Real Valladolid,La Liga,2025/26,FB,20,1358,45.0,,,85.8,,,,,4.76,,5.52,3.08,61.2,1.5,1.43,7.5,,40.5,,0.14,1.5,1.47,0.54,2.59,0.73,,,,,
Raul Chasco,Real Valladolid,La Liga,2024/25,FB,19,1154,45.0,,,78.9,,,,,4.38,,5.08,2.83,56.3,1.38,1.32,6.9,,37.3,,0.13,1.38,1.35,0.5,2.38,0.67,,,,,
Kike Perez,Real Valladolid,La Liga,2025/26,CM,27,1222,45.0,,,81.7,,,,,5.7,,4.69,3.35,52.3,3.19,1.64,7.3,1.86,55.0,,0.3,3.66,0.82,2.03,,,0.13,,,,
Kike Perez,Real Valladolid,La Liga,2024/25,CM,26,1222,45.0,,,83.3,,,,,5.81,,4.78,3.42,53.3,3.25,1.67,7.45,1.9,56.1,,0.31,3.73,0.84,2.07,,,0.13,,,,
Victor Meseguer,Real Valladolid,La Liga,2025/26,CM,25,2610,45.0,,,88.2,,,,,4.41,,5.21,1.5,55.4,2.07,1.1,6.9,2.17,56.9,,0.25,3.75,1.24,1.53,,,0.25,,,,
Victor Meseguer,Real Valladolid,La Liga,2024/25,CM,24,2610,45.0,,,90.0,,,,,4.5,,5.31,1.53,56.5,2.11,1.12,7.04,2.21,58.0,,0.26,3.83,1.26,1.56,,,0.26,,,,
Stanko Juric,Real Valladolid,La Liga,2025/26,CM,28,2663,45.0,,,86.3,,,,,6.61,,5.01,2.05,51.5,2.81,2.45,6.04,0.91,51.1,,0.11,3.35,2.03,0.88,,,0.2,,,,
Stanko Juric,Real Valladolid,La Liga,2024/25,CM,27,2663,45.0,,,88.0,,,,,6.74,,5.11,2.09,52.5,2.87,2.5,6.16,0.93,52.1,,0.11,3.42,2.07,0.9,,,0.2,,,,
Selim Amallah,Real Valladolid,La Liga,2025/26,CM,27,1592,45.0,,,75.7,,,,,7.52,,4.1,2.21,73.2,3.42,3.35,8.71,2.37,41.6,,0.27,2.14,1.33,2.21,,,0.18,,,,
Selim Amallah,Real Valladolid,La Liga,2024/25,CM,26,1592,45.0,,,77.2,,,,,7.67,,4.18,2.25,74.7,3.49,3.42,8.88,2.42,42.4,,0.28,2.18,1.36,2.25,,,0.18,,,,
Mario Martin,Real Valladolid,La Liga,2025/26,CM,20,2108,45.0,,,75.1,,,,,8.12,,4.44,2.58,68.9,1.56,2.19,5.01,0.97,55.0,,0.06,2.19,2.02,1.43,,,0.07,,,,
Mario Martin,Real Valladolid,La Liga,2024/25,CM,19,1791,45.0,,,69.1,,,,,7.47,,4.08,2.37,63.4,1.44,2.01,4.61,0.89,50.6,,0.06,2.01,1.86,1.32,,,0.06,,,,
Cesar de la Hoz,Real Valladolid,La Liga,2025/26,CM,32,3086,45.0,,,75.6,,,,,5.31,,3.63,3.06,65.0,2.73,3.4,5.05,1.06,56.0,,0.06,4.28,2.1,1.38,,,0.07,,,,
Cesar de la Hoz,Real Valladolid,La Liga,2024/25,CM,31,3086,45.0,,,79.4,,,,,5.58,,3.81,3.21,68.2,2.87,3.57,5.3,1.11,58.8,,0.06,4.49,2.21,1.45,,,0.07,,,,
Raul Moro,Real Valladolid,La Liga,2025/26,W,21,1117,45.0,,,,,,,,4.77,,,4.87,61.2,0.89,1.39,3.02,,,,0.17,4.04,2.46,,6.83,0.36,0.25,2.0,6.23,1.3,
Raul Moro,Real Valladolid,La Liga,2024/25,W,20,1117,45.0,,,,,,,,4.39,,,4.48,56.3,0.82,1.28,2.78,,,,0.16,3.72,2.26,,6.28,0.33,0.23,1.84,5.73,1.2,
Amath Ndiaye,Real Valladolid,La Liga,2025/26,W,28,2440,45.0,,,,,,,,2.05,,,5.31,50.5,2.18,0.51,2.41,,,,0.17,4.62,2.0,,4.02,0.27,0.42,2.17,7.28,1.16,
Amath Ndiaye,Real Valladolid,La Liga,2024/25,W,27,2440,45.0,,,,,,,,2.09,,,5.42,51.5,2.22,0.52,2.46,,,,0.17,4.71,2.04,,4.1,0.28,0.43,2.21,7.43,1.18,
Ivan Sanchez,Real Valladolid,La Liga,2025/26,W,31,2099,45.0,,,,,,,,4.89,,,6.83,52.0,1.22,0.24,2.8,,,,0.19,2.87,1.91,,6.6,0.92,0.29,1.96,4.99,3.2,
Ivan Sanchez,Real Valladolid,La Liga,2024/25,W,30,2099,45.0,,,,,,,,5.13,,,7.17,54.6,1.28,0.25,2.94,,,,0.2,3.01,2.01,,6.93,0.97,0.3,2.06,5.24,3.36,
Darwin Machis,Real Valladolid,La Liga,2025/26,W,31,2685,45.0,,,,,,,,5.66,,,6.55,58.7,0.64,1.07,3.35,,,,0.2,5.3,1.19,,7.26,0.72,0.25,3.43,4.75,2.37,
Darwin Machis,Real Valladolid,La Liga,2024/25,W,30,2685,45.0,,,,,,,,5.94,,,6.88,61.6,0.67,1.12,3.52,,,,0.21,5.57,1.25,,7.62,0.76,0.26,3.6,4.99,2.49,
Mamadou Sylla,Real Valladolid,La Liga,2025/26,ST,30,2762,45.0,,,72.8,,,,,,,,,,0.73,,2.49,,38.4,,0.17,1.54,1.36,,,0.52,0.46,2.23,7.53,1.1,45.9
Mamadou Sylla,Real Valladolid,La Liga,2024/25,ST,29,2762,45.0,,,74.3,,,,,,,,,,0.74,,2.54,,39.2,,0.17,1.57,1.39,,,0.53,0.47,2.27,7.68,1.12,46.8
Juanmi Latasa,Real Valladolid,La Liga,2025/26,ST,23,2784,45.0,,,80.6,,,,,,,,,,0.83,,2.1,,47.8,,0.13,3.48,1.59,,,0.33,0.46,2.75,4.08,0.91,51.1
Juanmi Latasa,Real Valladolid,La Liga,2024/25,ST,22,2784,45.0,,,77.4,,,,,,,,,,0.8,,2.02,,45.9,,0.12,3.34,1.53,,,0.32,0.44,2.64,3.92,0.87,49.1
Marcos Andre,Real Valladolid,La Liga,2025/26,ST,27,788,45.0,,,76.6,,,,,,,,,,1.28,,2.57,,56.9,,0.14,2.1,1.49,,,0.51,0.33,2.28,4.9,1.58,36.2
Marcos Andre,Real Valladolid,La Liga,2024/25,ST,26,900,45.0,,,78.1,,,,,,,,,,1.31,,2.62,,58.0,,0.14,2.14,1.52,,,0.52,0.34,2.33,5.0,1.61,36.9
Nick Pope,Newcastle,Premier League,2025/26,GK,32,2800,52.5,0.35,76.6,55.8,39.3,1.14,10.6,14.4,,,,,,,,,,,,,,,,,,,,,,
Nick Pope,Newcastle,Premier League,2024/25,GK,31,2800,52.5,0.37,80.4,58.6,41.3,1.2,11.1,15.12,,,,,,,,,,,,,,,,,,,,,,
Martin Dubravka,Newcastle,Premier League,2025/26,GK,36,800,52.5,-0.04,76.0,54.0,32.2,1.05,9.4,17.1,,,,,,,,,,,,,,,,,,,,,,
Martin Dubravka,Newcastle,Premier League,2024/25,GK,35,900,52.5,0.0,79.8,56.7,33.8,1.1,10.0,17.96,,,,,,,,,,,,,,,,,,,,,,
Sven Botman,Newcastle,Premier League,2025/26,CB,25,2400,52.5,,,79.4,,,,,4.15,369.2,1.1,0.69,43.3,1.64,1.45,5.17,1.27,67.9,71.7,,,,,,,,,,,
Sven Botman,Newcastle,Premier League,2024/25,CB,24,2400,52.5,,,81.0,,,,,4.23,376.58,1.12,0.7,44.2,1.67,1.48,5.27,1.3,69.3,73.1,,,,,,,,,,,
Fabian Schar,Newcastle,Premier League,2025/26,CB,33,2900,52.5,,,93.8,,,,,3.76,358.9,3.74,1.16,67.9,3.04,2.13,5.68,2.29,50.0,73.6,,,,,,,,,,,
Fabian Schar,Newcastle,Premier League,2024/25,CB,32,2900,52.5,,,98.5,,,,,3.95,376.84,3.93,1.22,71.3,3.19,2.24,5.96,2.4,52.5,77.3,,,,,,,,,,,
Dan Burn,Newcastle,Premier League,2025/26,CB,32,2600,52.5,,,80.2,,,,,4.79,338.3,1.06,1.15,50.6,2.05,1.11,4.2,0.97,70.4,55.8,,,,,,,,,,,
Dan Burn,Newcastle,Premier League,2024/25,CB,31,2600,52.5,,,84.2,,,,,5.03,355.22,1.11,1.21,53.1,2.15,1.17,4.41,1.02,73.9,58.6,,,,,,,,,,,
Lloyd Kelly,Newcastle,Premier League,2025/26,CB,26,1500,52.5,,,78.2,,,,,3.27,349.3,3.21,0.21,71.3,2.52,2.98,6.14,2.13,78.6,84.2,,,,,,,,,,,
Lloyd Kelly,Newcastle,Premier League,2024/25,CB,25,1500,52.5,,,79.8,,,,,3.34,356.29,3.27,0.21,72.7,2.57,3.04,6.26,2.17,80.2,85.9,,,,,,,,,,,
Kieran Trippier,Newcastle,Premier League,2025/26,FB,34,2100,52.5,,,75.9,,,,,7.93,,3.66,3.61,51.5,3.17,1.8,4.11,,64.7,,0.14,3.2,1.07,1.04,1.69,0.48,,,,,
Kieran Trippier,Newcastle,Premier League,2024/25,FB,33,2100,52.5,,,79.7,,,,,8.33,,3.84,3.79,54.1,3.33,1.89,4.32,,67.9,,0.15,3.36,1.12,1.09,1.77,0.5,,,,,
Tino Livramento,Newcastle,Premier League,2025/26,FB,22,2000,52.5,,,83.0,,,,,4.04,,2.86,2.43,58.7,2.78,1.82,7.73,,50.2,,0.13,2.43,1.87,1.35,1.64,0.43,,,,,
Tino Livramento,Newcastle,Premier League,2024/25,FB,21,2000,52.5,,,79.7,,,,,3.88,,2.75,2.33,56.4,2.67,1.75,7.42,,48.2,,0.12,2.33,1.8,1.3,1.57,0.41,,,,,
Lewis Hall,Newcastle,Premier League,2025/26,FB,20,1800,52.5,,,83.4,,,,,6.86,,5.23,2.93,61.6,3.88,1.45,7.18,,44.5,,0.19,1.84,1.0,0.6,2.85,0.36,,,,,
Lewis Hall,Newcastle,Premier League,2024/25,FB,19,1530,52.5,,,76.7,,,,,6.31,,4.81,2.7,56.7,3.57,1.33,6.61,,40.9,,0.17,1.69,0.92,0.55,2.62,0.33,,,,,
Bruno Guimaraes,Newcastle,Premier League,2025/26,CM,27,3200,52.5,,,78.7,,,,,8.95,,3.29,2.3,52.0,3.17,1.86,7.51,1.96,57.5,,0.29,2.09,2.24,1.06,,,0.15,,,,
Bruno Guimaraes,Newcastle,Premier League,2024/25,CM,26,3200,52.5,,,80.3,,,,,9.13,,3.36,2.35,53.0,3.23,1.9,7.66,2.0,58.6,,0.3,2.13,2.28,1.08,,,0.15,,,,
Joelinton,Newcastle,Premier League,2025/26,CM,28,2800,52.5,,,88.3,,,,,7.15,,5.31,3.64,59.7,2.07,2.37,6.67,1.24,53.1,,0.1,2.15,2.36,1.95,,,0.1,,,,
Joelinton,Newcastle,Premier League,2024/25,CM,27,2800,52.5,,,90.1,,,,,7.29,,5.42,3.71,60.9,2.11,2.42,6.8,1.26,54.2,,0.1,2.19,2.41,1.99,,,0.1,,,,
Sandro Tonali,Newcastle,Premier League,2025/26,CM,24,2500,52.5,,,77.7,,,,,9.21,,7.94,2.96,51.5,4.14,1.84,5.06,1.96,45.5,,0.29,2.88,1.26,1.67,,,0.09,,,,
Sandro Tonali,Newcastle,Premier League,2024/25,CM,23,2500,52.5,,,74.6,,,,,8.84,,7.62,2.84,49.4,3.97,1.77,4.86,1.88,43.7,,0.28,2.76,1.21,1.6,,,0.09,,,,
Sean Longstaff,Newcastle,Premier League,2025/26,CM,27,2100,52.5,,,78.1,,,,,6.21,,6.34,3.61,66.4,4.24,1.14,7.1,1.37,47.1,,0.2,2.67,1.24,1.22,,,0.14,,,,
Sean Longstaff,Newcastle,Premier League,2024/25,CM,26,2100,52.5,,,79.7,,,,,6.33,,6.47,3.68,67.7,4.32,1.16,7.24,1.4,48.0,,0.2,2.72,1.26,1.24,,,0.14,,,,
Joe Willock,Newcastle,Premier League,2025/26,CM,25,1600,52.5,,,85.4,,,,,4.77,,5.9,1.76,60.5,3.88,1.11,8.28,1.19,40.3,,0.12,4.17,2.04,1.89,,,0.24,,,,
Joe Willock,Newcastle,Premier League,2024/25,CM,24,1600,52.5,,,87.1,,,,,4.87,,6.02,1.8,61.7,3.96,1.13,8.45,1.21,41.1,,0.12,4.25,2.08,1.93,,,0.24,,,,
Anthony Gordon,Newcastle,Premier League,2025/26,W,24,3000,52.5,,,,,,,,4.94,,,6.76,38.5,1.41,0.52,5.1,,,,0.18,3.92,1.06,,4.97,0.27,0.24,1.65,4.11,3.38,
Anthony Gordon,Newcastle,Premier League,2024/25,W,23,3000,52.5,,,,,,,,4.74,,,6.49,37.0,1.35,0.5,4.9,,,,0.17,3.76,1.02,,4.77,0.26,0.23,1.58,3.95,3.24,
Harvey Barnes,Newcastle,Premier League,2025/26,W,27,2200,52.5,,,,,,,,2.17,,,6.46,58.0,1.84,1.4,3.22,,,,0.24,5.47,2.17,,6.77,0.74,0.31,2.9,4.7,1.33,
Harvey Barnes,Newcastle,Premier League,2024/25,W,26,2200,52.5,,,,,,,,2.21,,,6.59,59.2,1.88,1.43,3.28,,,,0.24,5.58,2.21,,6.91,0.75,0.32,2.96,4.79,1.36,
Miguel Almiron,Newcastle,Premier League,2025/26,W,31,1500,52.5,,,,,,,,5.1,,,4.98,36.2,0.87,0.44,4.49,,,,0.19,2.98,2.04,,6.31,0.33,0.2,3.4,5.88,3.36,
Miguel Almiron,Newcastle,Premier League,2024/25,W,30,1500,52.5,,,,,,,,5.35,,,5.23,38.0,0.91,0.46,4.71,,,,0.2,3.13,2.14,,6.63,0.35,0.21,3.57,6.17,3.53,
Jacob Murphy,Newcastle,Premier League,2025/26,W,30,1400,52.5,,,,,,,,5.65,,,3.09,38.7,1.54,1.04,5.66,,,,0.2,5.33,1.18,,5.74,0.43,0.3,2.85,3.59,1.06,
Jacob Murphy,Newcastle,Premier League,2024/25,W,29,1400,52.5,,,,,,,,5.76,,,3.15,39.5,1.57,1.06,5.77,,,,0.2,5.44,1.2,,5.85,0.44,0.31,2.91,3.66,1.08,
Alexander Isak,Newcastle,Premier League,2025/26,ST,25,2800,52.5,,,78.5,,,,,,,,,,1.06,,2.04,,31.5,,0.18,3.37,1.31,,,0.13,0.36,3.25,8.01,1.88,46.4
Alexander Isak,Newcastle,Premier League,2024/25,ST,24,2800,52.5,,,80.1,,,,,,,,,,1.08,,2.08,,32.1,,0.18,3.44,1.34,,,0.13,0.37,3.31,8.17,1.92,47.3
Callum Wilson,Newcastle,Premier League,2025/26,ST,33,1200,52.5,,,83.8,,,,,,,,,,0.65,,1.56,,53.6,,0.08,1.98,1.24,,,0.65,0.32,4.37,5.39,0.84,30.9
Callum Wilson,Newcastle,Premier League,2024/25,ST,32,1200,52.5,,,88.0,,,,,,,,,,0.68,,1.64,,56.3,,0.08,2.08,1.3,,,0.68,0.34,4.59,5.66,0.88,32.4
Andre Onana,Manchester United,Premier League,2025/26,GK,28,3300,51.8,0.33,79.7,58.2,26.1,0.68,4.3,12.4,,,,,,,,,,,,,,,,,,,,,,
Andre Onana,Manchester United,Premier League,2024/25,GK,27,3300,51.8,0.34,81.3,59.4,26.6,0.69,10.0,12.65,,,,,,,,,,,,,,,,,,,,,,
Altay Bayindir,Manchester United,Premier League,2025/26,GK,26,300,51.8,0.23,70.7,57.6,48.0,1.83,9.3,13.3,,,,,,,,,,,,,,,,,,,,,,
Altay Bayindir,Manchester United,Premier League,2024/25,GK,25,900,51.8,0.23,72.1,58.8,49.0,1.87,10.0,13.57,,,,,,,,,,,,,,,,,,,,,,
Lisandro Martinez,Manchester United,Premier League,2025/26,CB,27,2600,51.8,,,85.2,,,,,3.71,456.1,3.95,0.59,69.6,3.35,1.16,7.38,1.91,58.5,75.3,,,,,,,,,,,
Lisandro Martinez,Manchester United,Premier League,2024/25,CB,26,2600,51.8,,,86.9,,,,,3.78,465.22,4.03,0.6,71.0,3.42,1.18,7.53,1.95,59.7,76.8,,,,,,,,,,,
Matthijs de Ligt,Manchester United,Premier League,2025/26,CB,25,2700,51.8,,,87.0,,,,,5.57,354.0,4.27,0.99,62.0,2.77,2.63,4.41,1.45,58.8,75.5,,,,,,,,,,,
Matthijs de Ligt,Manchester United,Premier League,2024/25,CB,24,2700,51.8,,,88.7,,,,,5.68,361.08,4.36,1.01,63.2,2.83,2.68,4.5,1.48,60.0,77.0,,,,,,,,,,,
Harry Maguire,Manchester United,Premier League,2025/26,CB,31,1800,51.8,,,91.9,,,,,2.45,440.9,4.5,1.22,64.8,2.49,1.7,7.98,1.91,50.2,60.0,,,,,,,,,,,
Harry Maguire,Manchester United,Premier League,2024/25,CB,30,1800,51.8,,,96.5,,,,,2.57,462.94,4.73,1.28,68.0,2.61,1.78,8.38,2.01,52.7,63.0,,,,,,,,,,,
Leny Yoro,Manchester United,Premier League,2025/26,CB,19,1500,51.8,,,92.5,,,,,4.67,209.6,1.26,0.53,56.2,2.01,1.92,4.58,1.13,56.4,65.5,,,,,,,,,,,
Leny Yoro,Manchester United,Premier League,2024/25,CB,18,1275,51.8,,,85.1,,,,,4.3,192.83,1.16,0.49,51.7,1.85,1.77,4.21,1.04,51.9,60.3,,,,,,,,,,,
Diogo Dalot,Manchester United,Premier League,2025/26,FB,25,3000,51.8,,,84.3,,,,,7.09,,5.8,1.37,51.1,3.63,2.15,6.94,,46.4,,0.05,1.44,1.11,1.3,1.43,0.41,,,,,
Diogo Dalot,Manchester United,Premier League,2024/25,FB,24,3000,51.8,,,86.0,,,,,7.23,,5.92,1.4,52.1,3.7,2.19,7.08,,47.3,,0.05,1.47,1.13,1.33,1.46,0.42,,,,,
Luke Shaw,Manchester United,Premier League,2025/26,FB,29,1800,51.8,,,73.3,,,,,5.4,,5.99,2.04,49.8,3.91,1.84,7.89,,56.7,,0.12,2.05,1.03,2.44,2.4,0.41,,,,,
Luke Shaw,Manchester United,Premier League,2024/25,FB,28,1800,51.8,,,74.8,,,,,5.51,,6.11,2.08,50.8,3.99,1.88,8.05,,57.8,,0.12,2.09,1.05,2.49,2.45,0.42,,,,,
Noussair Mazraoui,Manchester United,Premier League,2025/26,FB,27,2200,51.8,,,76.4,,,,,6.97,,4.32,3.23,65.0,2.74,1.03,5.41,,44.5,,0.22,3.11,1.62,0.63,2.72,0.45,,,,,
Noussair Mazraoui,Manchester United,Premier League,2024/25,FB,26,2200,51.8,,,77.9,,,,,7.11,,4.41,3.29,66.3,2.79,1.05,5.52,,45.4,,0.22,3.17,1.65,0.64,2.77,0.46,,,,,
Tyrell Malacia,Manchester United,Premier League,2025/26,FB,25,800,51.8,,,75.2,,,,,4.82,,2.29,1.52,59.7,3.82,1.36,6.7,,49.5,,0.06,1.94,0.59,1.01,1.3,0.36,,,,,
Tyrell Malacia,Manchester United,Premier League,2024/25,FB,24,900,51.8,,,76.7,,,,,4.92,,2.34,1.55,60.9,3.9,1.39,6.83,,50.5,,0.06,1.98,0.6,1.03,1.33,0.37,,,,,
Bruno Fernandes,Manchester United,Premier League,2025/26,CM,30,3200,51.8,,,79.5,,,,,5.89,,6.34,1.55,55.3,1.68,1.69,8.28,1.96,51.6,,0.2,4.4,1.38,2.01,,,0.15,,,,
Bruno Fernandes,Manchester United,Premier League,2024/25,CM,29,3200,51.8,,,81.1,,,,,6.01,,6.47,1.58,56.4,1.71,1.72,8.45,2.0,52.6,,0.2,4.49,1.41,2.05,,,0.15,,,,
Kobbie Mainoo,Manchester United,Premier League,2025/26,CM,19,2800,51.8,,,81.1,,,,,6.15,,7.78,1.82,67.3,3.2,2.0,6.06,1.31,64.4,,0.29,2.15,1.33,0.61,,,0.16,,,,
Kobbie Mainoo,Manchester United,Premier League,2024/25,CM,18,2380,51.8,,,74.6,,,,,5.66,,7.16,1.67,61.9,2.94,1.84,5.58,1.21,59.2,,0.27,1.98,1.22,0.56,,,0.15,,,,
Manuel Ugarte,Manchester United,Premier League,2025/26,CM,23,2500,51.8,,,87.7,,,,,8.08,,5.53,2.61,55.9,1.87,1.36,8.93,1.78,44.2,,0.12,3.36,1.83,0.51,,,0.25,,,,
Manuel Ugarte,Manchester United,Premier League,2024/25,CM,22,2500,51.8,,,84.2,,,,,7.76,,5.31,2.51,53.7,1.8,1.31,8.57,1.71,42.4,,0.12,3.23,1.76,0.49,,,0.24,,,,
Casemiro,Manchester United,Premier League,2025/26,CM,33,2000,51.8,,,92.0,,,,,7.76,,4.42,2.33,46.6,3.24,1.7,6.29,1.74,42.1,,0.15,2.3,1.17,1.67,,,0.06,,,,
Casemiro,Manchester United,Premier League,2024/25,CM,32,2000,51.8,,,96.6,,,,,8.15,,4.64,2.45,48.9,3.4,1.78,6.6,1.83,44.2,,0.16,2.42,1.23,1.75,,,0.06,,,,
Christian Eriksen,Manchester United,Premier League,2025/26,CM,33,1200,51.8,,,88.5,,,,,4.02,,3.82,2.24,47.3,3.35,1.38,8.8,1.48,51.6,,0.08,3.96,1.79,2.19,,,0.07,,,,
Christian Eriksen,Manchester United,Premier League,2024/25,CM,32,1200,51.8,,,92.9,,,,,4.22,,4.01,2.35,49.7,3.52,1.45,9.24,1.55,54.2,,0.08,4.16,1.88,2.3,,,0.07,,,,
Mason Mount,Manchester United,Premier League,2025/26,CM,26,1500,51.8,,,87.7,,,,,4.4,,4.69,1.18,73.4,3.36,2.39,5.25,0.84,51.0,,0.27,1.82,1.12,0.55,,,0.19,,,,
Mason Mount,Manchester United,Premier League,2024/25,CM,25,1500,51.8,,,89.5,,,,,4.49,,4.78,1.2,74.9,3.43,2.44,5.36,0.86,52.0,,0.28,1.86,1.14,0.56,,,0.19,,,,
Marcus Rashford,Manchester United,Premier League,2025/26,W,27,2700,51.8,,,,,,,,5.25,,,4.06,62.6,0.82,1.06,4.83,,,,0.27,3.29,2.54,,4.25,0.98,0.29,2.65,4.82,2.21,
Marcus Rashford,Manchester United,Premier League,2024/25,W,26,2700,51.8,,,,,,,,5.36,,,4.14,63.9,0.84,1.08,4.93,,,,0.28,3.36,2.59,,4.33,1.0,0.3,2.7,4.92,2.25,
Alejandro Garnacho,Manchester United,Premier League,2025/26,W,20,2600,51.8,,,,,,,,2.31,,,6.97,48.5,0.95,0.7,5.7,,,,0.32,3.39,2.69,,3.22,0.79,0.26,2.88,7.5,2.86,
Alejandro Garnacho,Manchester United,Premier League,2024/25,W,19,2210,51.8,,,,,,,,2.13,,,6.41,44.6,0.87,0.64,5.24,,,,0.29,3.12,2.47,,2.96,0.73,0.24,2.65,6.9,2.63,
Amad Diallo,Manchester United,Premier League,2025/26,W,22,1900,51.8,,,,,,,,5.93,,,6.48,55.0,1.52,0.69,3.27,,,,0.3,4.06,2.78,,6.2,0.83,0.37,3.5,7.32,3.09,
Amad Diallo,Manchester United,Premier League,2024/25,W,21,1900,51.8,,,,,,,,5.69,,,6.22,52.8,1.46,0.66,3.14,,,,0.29,3.9,2.67,,5.95,0.8,0.36,3.36,7.03,2.97,
Antony,Manchester United,Premier League,2025/26,W,25,1200,51.8,,,,,,,,5.74,,,6.93,54.8,1.14,0.31,4.96,,,,0.26,4.83,2.43,,4.9,0.56,0.37,2.37,4.15,1.72,
Antony,Manchester United,Premier League,2024/25,W,24,1200,51.8,,,,,,,,5.85,,,7.07,55.9,1.16,0.32,5.06,,,,0.27,4.93,2.48,,5.0,0.57,0.38,2.42,4.23,1.75,
Rasmus Hojlund,Manchester United,Premier League,2025/26,ST,22,2400,51.8,,,73.6,,,,,,,,,,0.58,,2.5,,41.5,,0.23,3.15,1.16,,,0.6,0.36,4.5,7.84,0.72,43.0
Rasmus Hojlund,Manchester United,Premier League,2024/25,ST,21,2400,51.8,,,70.7,,,,,,,,,,0.56,,2.4,,39.8,,0.22,3.02,1.11,,,0.58,0.35,4.32,7.53,0.69,41.3
Joshua Zirkzee,Manchester United,Premier League,2025/26,ST,23,1800,51.8,,,79.9,,,,,,,,,,0.55,,3.19,,42.5,,0.17,1.82,1.89,,,0.18,0.6,2.59,4.68,1.28,34.0
Joshua Zirkzee,Manchester United,Premier League,2024/25,ST,22,1800,51.8,,,76.7,,,,,,,,,,0.53,,3.06,,40.8,,0.16,1.75,1.81,,,0.17,0.58,2.49,4.49,1.23,32.6
Alphonse Areola,West Ham,Premier League,2025/26,GK,32,2800,44.2,-0.05,67.5,69.8,27.7,1.65,7.6,16.3,,,,,,,,,,,,,,,,,,,,,,
Alphonse Areola,West Ham,Premier League,2024/25,GK,31,2800,44.2,0.0,70.9,73.3,29.1,1.73,10.0,17.12,,,,,,,,,,,,,,,,,,,,,,
Lukasz Fabianski,West Ham,Premier League,2025/26,GK,39,800,44.2,-0.29,79.6,79.6,28.6,1.89,4.2,14.4,,,,,,,,,,,,,,,,,,,,,,
Lukasz Fabianski,West Ham,Premier League,2024/25,GK,38,900,44.2,0.0,83.6,83.6,30.0,1.98,10.0,15.12,,,,,,,,,,,,,,,,,,,,,,
Max Kilman,West Ham,Premier League,2025/26,CB,27,3100,44.2,,,89.7,,,,,3.48,355.4,1.88,1.02,47.1,1.86,2.71,4.02,1.64,62.3,66.3,,,,,,,,,,,
Max Kilman,West Ham,Premier League,2024/25,CB,26,3100,44.2,,,91.5,,,,,3.55,362.51,1.92,1.04,48.0,1.9,2.76,4.1,1.67,63.5,67.6,,,,,,,,,,,
Jean-Clair Todibo,West Ham,Premier League,2025/26,CB,25,2700,44.2,,,82.4,,,,,5.39,210.1,4.56,0.21,69.6,1.26,2.93,7.98,1.65,54.2,59.0,,,,,,,,,,,
Jean-Clair Todibo,West Ham,Premier League,2024/25,CB,24,2700,44.2,,,84.0,,,,,5.5,214.3,4.65,0.21,71.0,1.29,2.99,8.14,1.68,55.3,60.2,,,,,,,,,,,
Konstantinos Mavropanos,West Ham,Premier League,2025/26,CB,27,1800,44.2,,,91.3,,,,,3.67,488.5,3.48,0.46,43.1,2.32,2.23,6.44,1.59,56.0,60.1,,,,,,,,,,,
Konstantinos Mavropanos,West Ham,Premier League,2024/25,CB,26,1800,44.2,,,93.1,,,,,3.74,498.27,3.55,0.47,44.0,2.37,2.27,6.57,1.62,57.1,61.3,,,,,,,,,,,
Emerson Palmieri,West Ham,Premier League,2025/26,FB,30,2900,44.2,,,71.1,,,,,3.45,,2.05,3.06,64.8,3.18,1.88,5.33,,65.0,,0.17,1.54,0.54,1.56,2.3,0.32,,,,,
Emerson Palmieri,West Ham,Premier League,2024/25,FB,29,2900,44.2,,,72.5,,,,,3.52,,2.09,3.12,66.1,3.24,1.92,5.44,,66.3,,0.17,1.57,0.55,1.59,2.35,0.33,,,,,
Aaron Wan-Bissaka,West Ham,Premier League,2025/26,FB,27,2600,44.2,,,86.6,,,,,6.73,,3.45,2.93,65.0,1.87,2.36,7.99,,40.1,,0.16,2.16,1.24,1.58,2.92,0.37,,,,,
Aaron Wan-Bissaka,West Ham,Premier League,2024/25,FB,26,2600,44.2,,,88.3,,,,,6.86,,3.52,2.99,66.3,1.91,2.41,8.15,,40.9,,0.16,2.2,1.26,1.61,2.98,0.38,,,,,
Vladimir Coufal,West Ham,Premier League,2025/26,FB,32,1500,44.2,,,82.9,,,,,5.21,,3.53,3.19,48.9,1.97,2.19,5.64,,58.7,,0.22,2.68,1.03,2.06,2.25,0.5,,,,,
Vladimir Coufal,West Ham,Premier League,2024/25,FB,31,1500,44.2,,,87.0,,,,,5.47,,3.71,3.35,51.3,2.07,2.3,5.92,,61.6,,0.23,2.81,1.08,2.16,2.36,0.53,,,,,
Edson Alvarez,West Ham,Premier League,2025/26,CM,27,2700,44.2,,,85.1,,,,,8.39,,3.17,3.29,61.4,3.89,1.33,5.73,1.17,63.5,,0.08,3.15,1.44,1.34,,,0.15,,,,
Edson Alvarez,West Ham,Premier League,2024/25,CM,26,2700,44.2,,,86.8,,,,,8.56,,3.23,3.36,62.6,3.97,1.36,5.84,1.19,64.8,,0.08,3.21,1.47,1.37,,,0.15,,,,
Lucas Paqueta,West Ham,Premier League,2025/26,CM,27,2800,44.2,,,76.5,,,,,5.32,,4.77,2.11,50.4,3.81,2.01,6.21,1.17,40.5,,0.25,4.36,1.79,1.0,,,0.05,,,,
Lucas Paqueta,West Ham,Premier League,2024/25,CM,26,2800,44.2,,,78.0,,,,,5.43,,4.87,2.15,51.4,3.89,2.05,6.33,1.19,41.3,,0.26,4.45,1.83,1.02,,,0.05,,,,
Tomas Soucek,West Ham,Premier League,2025/26,CM,30,2400,44.2,,,89.9,,,,,5.56,,3.82,2.9,52.9,3.1,2.47,7.77,1.83,61.9,,0.2,4.39,1.61,1.95,,,0.15,,,,
Tomas Soucek,West Ham,Premier League,2024/25,CM,29,2400,44.2,,,91.7,,,,,5.67,,3.9,2.96,54.0,3.16,2.52,7.93,1.87,63.1,,0.2,4.48,1.64,1.99,,,0.15,,,,
Guido Rodriguez,West Ham,Premier League,2025/26,CM,30,2100,44.2,,,79.2,,,,,5.79,,3.39,2.66,55.6,2.79,1.04,5.8,1.11,61.3,,0.1,2.42,1.97,0.64,,,0.22,,,,
Guido Rodriguez,West Ham,Premier League,2024/25,CM,29,2100,44.2,,,80.8,,,,,5.91,,3.46,2.71,56.7,2.85,1.06,5.92,1.13,62.5,,0.1,2.47,2.01,0.65,,,0.22,,,,
Carlos Soler,West Ham,Premier League,2025/26,CM,28,1600,44.2,,,75.8,,,,,7.51,,3.25,3.71,73.7,1.57,2.41,7.15,1.63,44.1,,0.29,2.21,1.62,0.74,,,0.15,,,,
Carlos Soler,West Ham,Premier League,2024/25,CM,27,1600,44.2,,,77.3,,,,,7.66,,3.31,3.78,75.2,1.6,2.46,7.29,1.66,45.0,,0.3,2.25,1.65,0.75,,,0.15,,,,
Jarrod Bowen,West Ham,Premier League,2025/26,W,28,3100,44.2,,,,,,,,5.07,,,3.39,49.8,2.24,1.22,4.78,,,,0.19,3.14,1.02,,6.07,0.42,0.38,3.8,3.43,2.48,
Jarrod Bowen,West Ham,Premier League,2024/25,W,27,3100,44.2,,,,,,,,5.17,,,3.46,50.8,2.28,1.24,4.88,,,,0.19,3.2,1.04,,6.19,0.43,0.39,3.88,3.5,2.53,
Mohammed Kudus,West Ham,Premier League,2025/26,W,24,2900,44.2,,,,,,,,5.14,,,3.46,45.5,2.08,0.67,4.2,,,,0.32,5.02,2.18,,6.75,0.98,0.23,2.47,3.09,2.66,
Mohammed Kudus,West Ham,Premier League,2024/25,W,23,2900,44.2,,,,,,,,4.93,,,3.32,43.7,2.0,0.64,4.03,,,,0.31,4.82,2.09,,6.48,0.94,0.22,2.37,2.97,2.55,
Crysencio Summerville,West Ham,Premier League,2025/26,W,23,2000,44.2,,,,,,,,5.14,,,5.4,39.1,1.2,0.47,4.88,,,,0.36,5.15,2.1,,4.2,0.89,0.33,2.15,6.39,1.66,
Crysencio Summerville,West Ham,Premier League,2024/25,W,22,2000,44.2,,,,,,,,4.93,,,5.18,37.5,1.15,0.45,4.68,,,,0.35,4.94,2.02,,4.03,0.85,0.32,2.06,6.13,1.59,
Michail Antonio,West Ham,Premier League,2025/26,ST,34,1800,44.2,,,81.1,,,,,,,,,,0.83,,3.25,,37.2,,0.18,1.99,1.01,,,0.65,0.38,2.88,5.14,1.04,51.8
Michail Antonio,West Ham,Premier League,2024/25,ST,33,1800,44.2,,,85.2,,,,,,,,,,0.87,,3.41,,39.1,,0.19,2.09,1.06,,,0.68,0.4,3.02,5.4,1.09,54.4
Niclas Fullkrug,West Ham,Premier League,2025/26,ST,32,1700,44.2,,,81.5,,,,,,,,,,1.38,,3.34,,59.7,,0.14,3.32,0.86,,,0.39,0.69,2.88,5.73,1.13,30.3
Niclas Fullkrug,West Ham,Premier League,2024/25,ST,31,1700,44.2,,,85.6,,,,,,,,,,1.45,,3.51,,62.7,,0.15,3.49,0.9,,,0.41,0.72,3.02,6.02,1.19,31.8
Danny Ings,West Ham,Premier League,2025/26,ST,32,800,44.2,,,79.3,,,,,,,,,,0.57,,2.09,,54.1,,0.21,3.09,1.0,,,0.75,0.41,2.25,5.27,0.64,46.3
Danny Ings,West Ham,Premier League,2024/25,ST,31,900,44.2,,,83.3,,,,,,,,,,0.6,,2.19,,56.8,,0.22,3.24,1.05,,,0.79,0.43,2.36,5.53,0.67,48.6
Bart Verbruggen,Brighton,Premier League,2025/26,GK,22,2600,60.5,-0.04,63.8,69.0,49.8,2.4,5.7,17.5,,,,,,,,,,,,,,,,,,,,,,
Bart Verbruggen,Brighton,Premier League,2024/25,GK,21,2600,60.5,0.0,61.2,66.2,47.8,2.3,10.0,16.8,,,,,,,,,,,,,,,,,,,,,,
Jason Steele,Brighton,Premier League,2025/26,GK,34,1000,60.5,0.09,79.0,61.8,39.8,1.18,4.2,16.5,,,,,,,,,,,,,,,,,,,,,,
Jason Steele,Brighton,Premier League,2024/25,GK,33,1000,60.5,0.09,83.0,64.9,41.8,1.24,10.0,17.32,,,,,,,,,,,,,,,,,,,,,,
Lewis Dunk,Brighton,Premier League,2025/26,CB,33,3000,60.5,,,93.1,,,,,2.41,250.4,4.41,0.29,70.3,1.73,1.45,7.5,1.62,74.4,65.7,,,,,,,,,,,
Lewis Dunk,Brighton,Premier League,2024/25,CB,32,3000,60.5,,,97.8,,,,,2.53,262.92,4.63,0.3,73.8,1.82,1.52,7.88,1.7,78.1,69.0,,,,,,,,,,,
Jan Paul van Hecke,Brighton,Premier League,2025/26,CB,24,2800,60.5,,,90.4,,,,,2.74,401.9,3.75,0.44,41.6,3.24,2.91,6.48,2.21,72.1,82.1,,,,,,,,,,,
Jan Paul van Hecke,Brighton,Premier League,2024/25,CB,23,2800,60.5,,,86.8,,,,,2.63,385.82,3.6,0.42,39.9,3.11,2.79,6.22,2.12,69.2,78.8,,,,,,,,,,,
Igor Julio,Brighton,Premier League,2025/26,CB,27,1500,60.5,,,87.5,,,,,3.61,449.3,3.37,1.13,73.0,2.57,2.99,5.22,1.0,60.2,80.8,,,,,,,,,,,
Igor Julio,Brighton,Premier League,2024/25,CB,26,1500,60.5,,,89.2,,,,,3.68,458.29,3.44,1.15,74.5,2.62,3.05,5.32,1.02,61.4,82.4,,,,,,,,,,,
Pervis Estupinan,Brighton,Premier League,2025/26,FB,27,2400,60.5,,,78.3,,,,,7.59,,5.69,3.21,46.5,2.83,1.73,5.29,,49.1,,0.19,3.27,0.69,1.74,2.18,0.37,,,,,
Pervis Estupinan,Brighton,Premier League,2024/25,FB,26,2400,60.5,,,79.9,,,,,7.74,,5.8,3.27,47.4,2.89,1.76,5.4,,50.1,,0.19,3.34,0.7,1.77,2.22,0.38,,,,,
Ferdi Kadioglu,Brighton,Premier League,2025/26,FB,25,2300,60.5,,,71.1,,,,,4.43,,4.0,1.26,49.5,3.04,1.76,5.82,,42.0,,0.2,1.51,1.39,2.25,1.85,0.48,,,,,
Ferdi Kadioglu,Brighton,Premier League,2024/25,FB,24,2300,60.5,,,72.5,,,,,4.52,,4.08,1.29,50.5,3.1,1.8,5.94,,42.8,,0.2,1.54,1.42,2.29,1.89,0.49,,,,,
Joel Veltman,Brighton,Premier League,2025/26,FB,33,1800,60.5,,,72.4,,,,,3.71,,2.58,3.46,43.9,2.65,2.17,7.4,,62.0,,0.21,2.24,1.16,1.17,2.76,0.24,,,,,
Joel Veltman,Brighton,Premier League,2024/25,FB,32,1800,60.5,,,76.0,,,,,3.9,,2.71,3.63,46.1,2.78,2.28,7.77,,65.1,,0.22,2.35,1.22,1.23,2.9,0.25,,,,,
Tariq Lamptey,Brighton,Premier League,2025/26,FB,24,1200,60.5,,,71.3,,,,,7.13,,3.4,1.82,62.6,2.48,2.4,5.47,,52.0,,0.06,2.77,1.94,0.62,0.72,0.57,,,,,
Tariq Lamptey,Brighton,Premier League,2024/25,FB,23,1200,60.5,,,68.4,,,,,6.84,,3.26,1.75,60.1,2.38,2.3,5.25,,49.9,,0.06,2.66,1.86,0.6,0.69,0.55,,,,,
Carlos Baleba,Brighton,Premier League,2025/26,CM,21,2500,60.5,,,83.1,,,,,6.98,,3.15,1.35,53.1,3.49,2.46,5.37,1.3,62.8,,0.11,2.49,1.49,1.63,,,0.09,,,,
Carlos Baleba,Brighton,Premier League,2024/25,CM,20,2500,60.5,,,76.5,,,,,6.42,,2.9,1.24,48.9,3.21,2.26,4.94,1.2,57.8,,0.1,2.29,1.37,1.5,,,0.08,,,,
Matt O'Riley,Brighton,Premier League,2025/26,CM,24,2200,60.5,,,80.8,,,,,7.69,,5.09,3.28,74.6,3.15,1.52,7.04,1.35,61.9,,0.13,2.5,0.82,1.01,,,0.19,,,,
Matt O'Riley,Brighton,Premier League,2024/25,CM,23,2200,60.5,,,77.6,,,,,7.38,,4.89,3.15,71.6,3.02,1.46,6.76,1.3,59.4,,0.12,2.4,0.79,0.97,,,0.18,,,,
Mats Wieffer,Brighton,Premier League,2025/26,CM,25,2100,60.5,,,83.5,,,,,8.65,,5.63,2.94,63.4,2.29,1.55,5.58,1.38,48.7,,0.05,3.08,1.53,0.73,,,0.2,,,,
Mats Wieffer,Brighton,Premier League,2024/25,CM,24,2100,60.5,,,85.2,,,,,8.82,,5.74,3.0,64.7,2.34,1.58,5.69,1.41,49.7,,0.05,3.14,1.56,0.74,,,0.2,,,,
James Milner,Brighton,Premier League,2025/26,CM,39,1000,60.5,,,79.2,,,,,6.8,,6.43,2.61,65.7,2.2,1.63,6.93,1.26,54.4,,0.27,2.09,2.32,1.45,,,0.13,,,,
James Milner,Brighton,Premier League,2024/25,CM,38,1000,60.5,,,83.2,,,,,7.14,,6.75,2.74,69.0,2.31,1.71,7.28,1.32,57.1,,0.28,2.19,2.44,1.52,,,0.14,,,,
Julio Enciso,Brighton,Premier League,2025/26,CM,21,1600,60.5,,,79.4,,,,,5.7,,7.63,1.1,48.2,1.61,1.62,8.46,1.06,58.8,,0.15,3.72,1.59,1.39,,,0.15,,,,
Julio Enciso,Brighton,Premier League,2024/25,CM,20,1600,60.5,,,73.0,,,,,5.24,,7.02,1.01,44.3,1.48,1.49,7.78,0.98,54.1,,0.14,3.42,1.46,1.28,,,0.14,,,,
Kaoru Mitoma,Brighton,Premier League,2025/26,W,27,2700,60.5,,,,,,,,5.44,,,6.06,57.9,1.54,1.25,3.2,,,,0.21,3.95,1.34,,6.36,0.95,0.44,3.42,5.36,2.01,
Kaoru Mitoma,Brighton,Premier League,2024/25,W,26,2700,60.5,,,,,,,,5.55,,,6.18,59.1,1.57,1.27,3.26,,,,0.21,4.03,1.37,,6.49,0.97,0.45,3.49,5.47,2.05,
Yankuba Minteh,Brighton,Premier League,2025/26,W,20,2200,60.5,,,,,,,,2.96,,,5.31,46.0,0.99,0.36,3.61,,,,0.36,2.69,1.63,,6.73,0.57,0.2,2.63,3.42,1.22,
Yankuba Minteh,Brighton,Premier League,2024/25,W,19,1870,60.5,,,,,,,,2.72,,,4.89,42.3,0.91,0.33,3.32,,,,0.33,2.47,1.5,,6.19,0.52,0.18,2.42,3.15,1.12,
Simon Adingra,Brighton,Premier League,2025/26,W,23,2000,60.5,,,,,,,,5.86,,,4.27,38.2,1.67,0.9,4.26,,,,0.21,3.37,2.0,,5.05,0.33,0.36,1.88,5.77,1.91,
Simon Adingra,Brighton,Premier League,2024/25,W,22,2000,60.5,,,,,,,,5.63,,,4.1,36.7,1.6,0.86,4.09,,,,0.2,3.24,1.92,,4.85,0.32,0.35,1.8,5.54,1.83,
Solly March,Brighton,Premier League,2025/26,W,30,1200,60.5,,,,,,,,5.11,,,3.72,57.3,1.63,0.53,5.32,,,,0.23,3.39,1.58,,4.96,0.93,0.15,2.5,4.49,2.7,
Solly March,Brighton,Premier League,2024/25,W,29,1200,60.5,,,,,,,,5.21,,,3.79,58.4,1.66,0.54,5.43,,,,0.23,3.46,1.61,,5.06,0.95,0.15,2.55,4.58,2.75,
Danny Welbeck,Brighton,Premier League,2025/26,ST,34,2400,60.5,,,80.1,,,,,,,,,,1.22,,3.99,,52.0,,0.12,2.77,1.21,,,0.66,0.67,2.69,6.97,0.97,52.7
Danny Welbeck,Brighton,Premier League,2024/25,ST,33,2400,60.5,,,84.1,,,,,,,,,,1.28,,4.19,,54.6,,0.13,2.91,1.27,,,0.69,0.7,2.82,7.32,1.02,55.3
Joao Pedro,Brighton,Premier League,2025/26,ST,23,2600,60.5,,,70.6,,,,,,,,,,0.93,,1.94,,58.4,,0.22,1.75,0.59,,,0.52,0.42,3.14,6.76,1.48,39.5
Joao Pedro,Brighton,Premier League,2024/25,ST,22,2600,60.5,,,67.8,,,,,,,,,,0.89,,1.86,,56.1,,0.21,1.68,0.57,,,0.5,0.4,3.01,6.49,1.42,37.9
Evan Ferguson,Brighton,Premier League,2025/26,ST,20,1500,60.5,,,82.3,,,,,,,,,,0.93,,1.78,,31.2,,0.15,3.44,0.98,,,0.25,0.51,3.91,7.83,0.67,52.4
Evan Ferguson,Brighton,Premier League,2024/25,ST,19,1275,60.5,,,75.7,,,,,,,,,,0.86,,1.64,,28.7,,0.14,3.16,0.9,,,0.23,0.47,3.6,7.2,0.62,48.2
Kepa Arrizabalaga,Bournemouth,Premier League,2025/26,GK,30,2800,46.5,-0.06,64.7,52.2,46.3,0.67,5.0,17.2,,,,,,,,,,,,,,,,,,,,,,
Kepa Arrizabalaga,Bournemouth,Premier League,2024/25,GK,29,2800,46.5,0.0,66.0,53.2,47.2,0.68,10.0,17.54,,,,,,,,,,,,,,,,,,,,,,
Neto,Bournemouth,Premier League,2025/26,GK,35,800,46.5,-0.12,79.3,60.8,54.2,1.18,11.9,13.9,,,,,,,,,,,,,,,,,,,,,,
Neto,Bournemouth,Premier League,2024/25,GK,34,900,46.5,0.0,83.3,63.8,56.9,1.24,12.5,14.6,,,,,,,,,,,,,,,,,,,,,,
Illia Zabarnyi,Bournemouth,Premier League,2025/26,CB,22,3200,46.5,,,78.4,,,,,3.18,220.5,1.89,1.05,41.9,1.21,1.8,6.72,1.77,75.2,80.3,,,,,,,,,,,
Illia Zabarnyi,Bournemouth,Premier League,2024/25,CB,21,3200,46.5,,,75.3,,,,,3.05,211.68,1.81,1.01,40.2,1.16,1.73,6.45,1.7,72.2,77.1,,,,,,,,,,,
Marcos Senesi,Bournemouth,Premier League,2025/26,CB,27,2800,46.5,,,76.0,,,,,3.95,451.6,4.99,0.6,64.0,2.42,2.5,4.95,2.11,76.0,61.7,,,,,,,,,,,
Marcos Senesi,Bournemouth,Premier League,2024/25,CB,26,2800,46.5,,,77.5,,,,,4.03,460.63,5.09,0.61,65.3,2.47,2.55,5.05,2.15,77.5,62.9,,,,,,,,,,,
Dean Huijsen,Bournemouth,Premier League,2025/26,CB,19,1400,46.5,,,80.7,,,,,4.85,310.6,1.68,1.45,63.5,3.22,2.63,7.56,1.98,53.6,72.0,,,,,,,,,,,
Dean Huijsen,Bournemouth,Premier League,2024/25,CB,18,1190,46.5,,,74.2,,,,,4.46,285.75,1.55,1.33,58.4,2.96,2.42,6.96,1.82,49.3,66.2,,,,,,,,,,,
Milos Kerkez,Bournemouth,Premier League,2025/26,FB,21,2700,46.5,,,82.0,,,,,7.33,,4.33,3.41,52.3,3.45,2.15,5.66,,47.1,,0.08,1.47,0.93,1.74,0.93,0.4,,,,,
Milos Kerkez,Bournemouth,Premier League,2024/25,FB,20,2700,46.5,,,75.4,,,,,6.74,,3.98,3.14,48.1,3.17,1.98,5.21,,43.3,,0.07,1.35,0.86,1.6,0.86,0.37,,,,,
Adam Smith,Bournemouth,Premier League,2025/26,FB,34,1800,46.5,,,79.2,,,,,6.72,,2.3,3.59,46.6,3.99,1.18,6.83,,42.9,,0.05,1.96,1.04,2.39,1.61,0.46,,,,,
Adam Smith,Bournemouth,Premier League,2024/25,FB,33,1800,46.5,,,83.2,,,,,7.06,,2.42,3.77,48.9,4.19,1.24,7.17,,45.0,,0.05,2.06,1.09,2.51,1.69,0.48,,,,,
Julian Araujo,Bournemouth,Premier League,2025/26,FB,23,1500,46.5,,,84.8,,,,,5.06,,4.21,3.29,57.5,2.78,1.07,4.2,,57.1,,0.22,1.35,1.27,2.29,2.89,0.2,,,,,
Julian Araujo,Bournemouth,Premier League,2024/25,FB,22,1500,46.5,,,81.4,,,,,4.86,,4.04,3.16,55.2,2.67,1.03,4.03,,54.8,,0.21,1.3,1.22,2.2,2.77,0.19,,,,,
Lewis Cook,Bournemouth,Premier League,2025/26,CM,27,3000,46.5,,,82.2,,,,,5.38,,4.29,3.85,61.5,3.7,2.29,7.92,1.41,46.1,,0.2,4.5,1.23,1.79,,,0.12,,,,
Lewis Cook,Bournemouth,Premier League,2024/25,CM,26,3000,46.5,,,83.8,,,,,5.49,,4.38,3.93,62.7,3.77,2.34,8.08,1.44,47.0,,0.2,4.59,1.25,1.83,,,0.12,,,,
Ryan Christie,Bournemouth,Premier League,2025/26,CM,30,2800,46.5,,,79.1,,,,,8.66,,6.48,1.18,72.6,1.59,1.49,6.47,1.88,63.5,,0.14,1.98,2.02,2.24,,,0.1,,,,
Ryan Christie,Bournemouth,Premier League,2024/25,CM,29,2800,46.5,,,80.7,,,,,8.83,,6.61,1.2,74.1,1.62,1.52,6.6,1.92,64.8,,0.14,2.02,2.06,2.28,,,0.1,,,,
Tyler Adams,Bournemouth,Premier League,2025/26,CM,26,1600,46.5,,,85.7,,,,,5.52,,4.6,1.03,51.6,2.48,1.08,7.77,1.07,43.4,,0.29,1.67,0.86,1.5,,,0.18,,,,
Tyler Adams,Bournemouth,Premier League,2024/25,CM,25,1600,46.5,,,87.4,,,,,5.63,,4.69,1.05,52.6,2.53,1.1,7.93,1.09,44.3,,0.3,1.7,0.88,1.53,,,0.18,,,,
Alex Scott,Bournemouth,Premier League,2025/26,CM,21,1800,46.5,,,77.9,,,,,5.72,,5.66,3.4,62.4,4.13,1.76,5.18,0.85,45.4,,0.3,2.9,2.35,2.35,,,0.18,,,,
Alex Scott,Bournemouth,Premier League,2024/25,CM,20,1800,46.5,,,71.7,,,,,5.26,,5.21,3.13,57.4,3.8,1.62,4.77,0.78,41.8,,0.28,2.67,2.16,2.16,,,0.17,,,,
Philip Billing,Bournemouth,Premier League,2025/26,CM,28,1400,46.5,,,85.8,,,,,4.25,,4.61,1.27,63.0,2.81,1.29,7.59,1.8,49.2,,0.17,3.45,1.51,0.88,,,0.12,,,,
Philip Billing,Bournemouth,Premier League,2024/25,CM,27,1400,46.5,,,87.5,,,,,4.33,,4.7,1.3,64.3,2.87,1.32,7.74,1.84,50.2,,0.17,3.52,1.54,0.9,,,0.12,,,,
Marcus Tavernier,Bournemouth,Premier League,2025/26,W,25,2700,46.5,,,,,,,,5.14,,,4.64,41.8,2.24,0.58,5.09,,,,0.18,3.35,1.76,,4.51,0.31,0.29,3.49,4.92,3.15,
Marcus Tavernier,Bournemouth,Premier League,2024/25,W,24,2700,46.5,,,,,,,,5.24,,,4.73,42.6,2.28,0.59,5.19,,,,0.18,3.42,1.8,,4.6,0.32,0.3,3.56,5.02,3.21,
Antoine Semenyo,Bournemouth,Premier League,2025/26,W,25,2800,46.5,,,,,,,,3.43,,,4.74,36.7,1.21,0.78,4.97,,,,0.16,5.0,1.96,,5.94,0.6,0.3,2.77,6.72,2.23,
Antoine Semenyo,Bournemouth,Premier League,2024/25,W,24,2800,46.5,,,,,,,,3.5,,,4.83,37.4,1.23,0.8,5.07,,,,0.16,5.1,2.0,,6.06,0.61,0.31,2.83,6.85,2.27,
Luis Sinisterra,Bournemouth,Premier League,2025/26,W,25,1900,46.5,,,,,,,,3.99,,,4.14,54.2,1.68,0.75,3.15,,,,0.18,4.68,1.43,,4.13,0.86,0.43,2.98,3.75,2.17,
Luis Sinisterra,Bournemouth,Premier League,2024/25,W,24,1900,46.5,,,,,,,,4.07,,,4.22,55.3,1.71,0.77,3.21,,,,0.18,4.77,1.46,,4.21,0.88,0.44,3.04,3.83,2.21,
Dango Ouattara,Bournemouth,Premier League,2025/26,W,23,1700,46.5,,,,,,,,4.55,,,5.36,38.9,1.78,0.35,4.11,,,,0.26,5.38,1.37,,5.87,0.27,0.41,3.69,4.34,2.35,
Dango Ouattara,Bournemouth,Premier League,2024/25,W,22,1700,46.5,,,,,,,,4.37,,,5.15,37.3,1.71,0.34,3.95,,,,0.25,5.16,1.32,,5.64,0.26,0.39,3.54,4.17,2.26,
Evanilson,Bournemouth,Premier League,2025/26,ST,25,2500,46.5,,,84.0,,,,,,,,,,1.26,,2.57,,43.9,,0.21,2.26,0.63,,,0.25,0.6,4.35,4.03,1.33,53.6
Evanilson,Bournemouth,Premier League,2024/25,ST,24,2500,46.5,,,85.7,,,,,,,,,,1.29,,2.62,,44.8,,0.21,2.31,0.64,,,0.26,0.61,4.44,4.11,1.36,54.7
Enes Unal,Bournemouth,Premier League,2025/26,ST,27,1200,46.5,,,79.7,,,,,,,,,,0.73,,1.51,,51.2,,0.14,2.88,0.71,,,0.44,0.57,3.67,8.16,1.07,46.9
Enes Unal,Bournemouth,Premier League,2024/25,ST,26,1200,46.5,,,81.3,,,,,,,,,,0.74,,1.54,,52.2,,0.14,2.94,0.72,,,0.45,0.58,3.74,8.32,1.09,47.8
Dean Henderson,Crystal Palace,Premier League,2025/26,GK,27,3100,45.0,0.25,76.5,68.3,48.8,2.17,4.5,14.9,,,,,,,,,,,,,,,,,,,,,,
Dean Henderson,Crystal Palace,Premier League,2024/25,GK,26,3100,45.0,0.26,78.0,69.7,49.8,2.21,10.0,15.2,,,,,,,,,,,,,,,,,,,,,,
Matt Turner,Crystal Palace,Premier League,2025/26,GK,30,500,45.0,-0.21,62.5,51.0,45.2,2.27,6.2,13.5,,,,,,,,,,,,,,,,,,,,,,
Matt Turner,Crystal Palace,Premier League,2024/25,GK,29,900,45.0,0.0,63.8,52.0,46.1,2.32,10.0,13.77,,,,,,,,,,,,,,,,,,,,,,
Marc Guehi,Crystal Palace,Premier League,2025/26,CB,24,3200,45.0,,,90.1,,,,,3.94,316.0,1.83,0.48,71.1,2.8,2.77,7.86,2.22,64.0,74.0,,,,,,,,,,,
Marc Guehi,Crystal Palace,Premier League,2024/25,CB,23,3200,45.0,,,86.5,,,,,3.78,303.36,1.76,0.46,68.3,2.69,2.66,7.55,2.13,61.4,71.0,,,,,,,,,,,
Maxence Lacroix,Crystal Palace,Premier League,2025/26,CB,24,2800,45.0,,,87.0,,,,,4.32,327.1,3.22,0.85,78.3,2.06,1.21,5.19,1.2,50.3,60.6,,,,,,,,,,,
Maxence Lacroix,Crystal Palace,Premier League,2024/25,CB,23,2800,45.0,,,83.5,,,,,4.15,314.02,3.09,0.82,75.2,1.98,1.16,4.98,1.15,48.3,58.2,,,,,,,,,,,
Trevoh Chalobah,Crystal Palace,Premier League,2025/26,CB,25,2200,45.0,,,87.4,,,,,5.67,385.2,4.83,0.65,54.2,1.67,2.84,6.41,0.97,57.0,85.0,,,,,,,,,,,
Trevoh Chalobah,Crystal Palace,Premier League,2024/25,CB,24,2200,45.0,,,89.1,,,,,5.78,392.9,4.93,0.66,55.3,1.7,2.9,6.54,0.99,58.1,86.7,,,,,,,,,,,
Chris Richards,Crystal Palace,Premier League,2025/26,CB,24,1800,45.0,,,79.1,,,,,5.12,451.0,3.05,1.24,64.2,3.22,2.97,4.6,2.22,74.6,58.0,,,,,,,,,,,
Chris Richards,Crystal Palace,Premier League,2024/25,CB,23,1800,45.0,,,75.9,,,,,4.92,432.96,2.93,1.19,61.6,3.09,2.85,4.42,2.13,71.6,55.7,,,,,,,,,,,
Tyrick Mitchell,Crystal Palace,Premier League,2025/26,FB,25,3100,45.0,,,79.5,,,,,6.88,,3.32,2.62,57.8,2.21,1.73,7.22,,41.7,,0.14,3.09,1.75,0.52,1.89,0.38,,,,,
Tyrick Mitchell,Crystal Palace,Premier League,2024/25,FB,24,3100,45.0,,,81.1,,,,,7.02,,3.39,2.67,59.0,2.25,1.76,7.36,,42.5,,0.14,3.15,1.79,0.53,1.93,0.39,,,,,
Daniel Munoz,Crystal Palace,Premier League,2025/26,FB,29,3000,45.0,,,83.1,,,,,7.13,,5.28,1.37,50.4,2.33,1.55,6.72,,52.3,,0.21,1.43,1.79,0.62,2.11,0.51,,,,,
Daniel Munoz,Crystal Palace,Premier League,2024/25,FB,28,3000,45.0,,,84.8,,,,,7.27,,5.39,1.4,51.4,2.38,1.58,6.85,,53.3,,0.21,1.46,1.83,0.63,2.15,0.52,,,,,
Eberechi Eze,Crystal Palace,Premier League,2025/26,CM,26,3000,45.0,,,85.0,,,,,9.15,,7.38,3.68,52.8,4.19,1.23,6.47,0.99,48.8,,0.09,4.2,1.58,0.64,,,0.22,,,,
Eberechi Eze,Crystal Palace,Premier League,2024/25,CM,25,3000,45.0,,,86.7,,,,,9.33,,7.53,3.75,53.9,4.27,1.25,6.6,1.01,49.8,,0.09,4.28,1.61,0.65,,,0.22,,,,
Adam Wharton,Crystal Palace,Premier League,2025/26,CM,21,2800,45.0,,,92.0,,,,,9.22,,7.45,3.05,51.6,2.08,1.78,8.46,1.04,44.2,,0.12,4.33,1.29,1.94,,,0.09,,,,
Adam Wharton,Crystal Palace,Premier League,2024/25,CM,20,2800,45.0,,,84.6,,,,,8.48,,6.85,2.81,47.5,1.91,1.64,7.78,0.96,40.7,,0.11,3.98,1.19,1.78,,,0.08,,,,
Cheick Doucoure,Crystal Palace,Premier League,2025/26,CM,25,2200,45.0,,,81.0,,,,,8.63,,3.47,3.01,73.5,2.75,2.16,7.31,1.01,60.2,,0.16,4.34,2.09,2.24,,,0.17,,,,
Cheick Doucoure,Crystal Palace,Premier League,2024/25,CM,24,2200,45.0,,,82.6,,,,,8.8,,3.54,3.07,75.0,2.81,2.2,7.46,1.03,61.4,,0.16,4.43,2.13,2.28,,,0.17,,,,
Daichi Kamada,Crystal Palace,Premier League,2025/26,CM,28,2000,45.0,,,76.0,,,,,8.81,,5.41,2.21,52.8,2.53,1.58,5.85,1.23,64.3,,0.18,2.52,1.37,2.09,,,0.07,,,,
Daichi Kamada,Crystal Palace,Premier League,2024/25,CM,27,2000,45.0,,,77.5,,,,,8.99,,5.52,2.25,53.9,2.58,1.61,5.97,1.25,65.6,,0.18,2.57,1.4,2.13,,,0.07,,,,
Will Hughes,Crystal Palace,Premier League,2025/26,CM,29,1500,45.0,,,75.3,,,,,7.89,,3.64,2.7,64.4,4.31,1.32,6.67,1.22,54.7,,0.23,3.43,0.9,1.49,,,0.19,,,,
Will Hughes,Crystal Palace,Premier League,2024/25,CM,28,1500,45.0,,,76.8,,,,,8.05,,3.71,2.75,65.7,4.4,1.35,6.8,1.24,55.8,,0.23,3.5,0.92,1.52,,,0.19,,,,
Ismaila Sarr,Crystal Palace,Premier League,2025/26,W,27,2100,45.0,,,,,,,,5.81,,,5.72,64.4,1.24,0.53,5.4,,,,0.16,3.19,2.92,,5.73,0.41,0.21,2.55,4.03,1.79,
Ismaila Sarr,Crystal Palace,Premier League,2024/25,W,26,2100,45.0,,,,,,,,5.93,,,5.83,65.7,1.26,0.54,5.51,,,,0.16,3.25,2.98,,5.84,0.42,0.21,2.6,4.11,1.83,
Matheus Franca,Crystal Palace,Premier League,2025/26,W,20,1200,45.0,,,,,,,,4.22,,,6.12,48.4,2.06,0.6,5.64,,,,0.39,3.72,1.24,,3.9,0.58,0.41,2.29,6.83,3.38,
Matheus Franca,Crystal Palace,Premier League,2024/25,W,19,1020,45.0,,,,,,,,3.88,,,5.63,44.5,1.9,0.55,5.19,,,,0.36,3.42,1.14,,3.59,0.53,0.38,2.11,6.28,3.11,
Jeffrey Schlupp,Crystal Palace,Premier League,2025/26,W,32,1400,45.0,,,,,,,,2.59,,,4.98,51.7,1.44,1.25,3.79,,,,0.31,2.92,2.95,,6.07,0.6,0.31,3.44,5.76,3.28,
Jeffrey Schlupp,Crystal Palace,Premier League,2024/25,W,31,1400,45.0,,,,,,,,2.72,,,5.23,54.3,1.51,1.31,3.98,,,,0.33,3.07,3.1,,6.37,0.63,0.33,3.61,6.05,3.44,
Jean-Philippe Mateta,Crystal Palace,Premier League,2025/26,ST,27,2900,45.0,,,82.5,,,,,,,,,,1.41,,2.73,,38.7,,0.17,3.45,1.99,,,0.69,0.4,4.1,4.44,1.53,54.8
Jean-Philippe Mateta,Crystal Palace,Premier League,2024/25,ST,26,2900,45.0,,,84.2,,,,,,,,,,1.44,,2.78,,39.5,,0.17,3.52,2.03,,,0.7,0.41,4.18,4.53,1.56,55.9
Eddie Nketiah,Crystal Palace,Premier League,2025/26,ST,25,2100,45.0,,,66.4,,,,,,,,,,1.42,,3.57,,37.6,,0.25,1.71,1.05,,,0.25,0.32,3.76,5.68,1.15,42.7
Eddie Nketiah,Crystal Palace,Premier League,2024/25,ST,24,2100,45.0,,,67.7,,,,,,,,,,1.45,,3.64,,38.4,,0.26,1.74,1.07,,,0.26,0.33,3.84,5.79,1.17,43.6
Jose Sa,Wolves,Premier League,2025/26,GK,32,2600,47.5,-0.15,65.5,64.6,48.0,0.84,5.4,12.6,,,,,,,,,,,,,,,,,,,,,,
Jose Sa,Wolves,Premier League,2024/25,GK,31,2600,47.5,0.0,68.8,67.8,50.4,0.88,10.0,13.23,,,,,,,,,,,,,,,,,,,,,,
Sam Johnstone,Wolves,Premier League,2025/26,GK,31,1000,47.5,-0.16,65.0,51.3,28.0,1.12,11.4,16.8,,,,,,,,,,,,,,,,,,,,,,
Sam Johnstone,Wolves,Premier League,2024/25,GK,30,1000,47.5,0.0,68.2,53.9,29.4,1.18,12.0,17.64,,,,,,,,,,,,,,,,,,,,,,
Craig Dawson,Wolves,Premier League,2025/26,CB,34,2500,47.5,,,85.8,,,,,4.83,263.0,4.06,1.04,71.5,1.86,2.31,7.05,1.44,76.8,65.7,,,,,,,,,,,
Craig Dawson,Wolves,Premier League,2024/25,CB,33,2500,47.5,,,90.1,,,,,5.07,276.15,4.26,1.09,75.1,1.95,2.43,7.4,1.51,80.6,69.0,,,,,,,,,,,
Toti Gomes,Wolves,Premier League,2025/26,CB,26,2600,47.5,,,94.2,,,,,2.96,388.2,1.22,1.41,61.3,1.09,1.08,5.77,1.86,64.2,55.4,,,,,,,,,,,
Toti Gomes,Wolves,Premier League,2024/25,CB,25,2600,47.5,,,96.1,,,,,3.02,395.96,1.24,1.44,62.5,1.11,1.1,5.89,1.9,65.5,56.5,,,,,,,,,,,
Yerson Mosquera,Wolves,Premier League,2025/26,CB,23,2000,47.5,,,81.6,,,,,2.01,246.5,3.38,0.68,64.9,1.74,2.76,6.17,2.39,75.1,83.0,,,,,,,,,,,
Yerson Mosquera,Wolves,Premier League,2024/25,CB,22,2000,47.5,,,78.3,,,,,1.93,236.64,3.24,0.65,62.3,1.67,2.65,5.92,2.29,72.1,79.7,,,,,,,,,,,
Santiago Bueno,Wolves,Premier League,2025/26,CB,26,1500,47.5,,,89.2,,,,,4.92,456.1,4.24,0.95,77.9,1.27,2.36,5.85,2.43,76.6,63.9,,,,,,,,,,,
Santiago Bueno,Wolves,Premier League,2024/25,CB,25,1500,47.5,,,91.0,,,,,5.02,465.22,4.32,0.97,79.5,1.3,2.41,5.97,2.48,78.1,65.2,,,,,,,,,,,
Nelson Semedo,Wolves,Premier League,2025/26,FB,31,2800,47.5,,,79.6,,,,,4.08,,5.55,2.31,56.5,3.21,1.68,6.73,,46.8,,0.08,3.43,0.51,1.35,1.62,0.28,,,,,
Nelson Semedo,Wolves,Premier League,2024/25,FB,30,2800,47.5,,,83.6,,,,,4.28,,5.83,2.43,59.3,3.37,1.76,7.07,,49.1,,0.08,3.6,0.54,1.42,1.7,0.29,,,,,
Rayan Ait-Nouri,Wolves,Premier League,2025/26,FB,23,2700,47.5,,,84.9,,,,,4.48,,3.55,1.51,43.1,2.45,1.56,4.61,,45.9,,0.16,1.05,1.48,2.02,1.61,0.42,,,,,
Rayan Ait-Nouri,Wolves,Premier League,2024/25,FB,22,2700,47.5,,,81.5,,,,,4.3,,3.41,1.45,41.4,2.35,1.5,4.43,,44.1,,0.15,1.01,1.42,1.94,1.55,0.4,,,,,
Matt Doherty,Wolves,Premier League,2025/26,FB,33,1200,47.5,,,79.5,,,,,4.75,,5.27,2.11,40.8,2.15,1.38,7.69,,41.8,,0.12,2.03,1.85,1.5,2.47,0.38,,,,,
Matt Doherty,Wolves,Premier League,2024/25,FB,32,1200,47.5,,,83.5,,,,,4.99,,5.53,2.22,42.8,2.26,1.45,8.07,,43.9,,0.13,2.13,1.94,1.58,2.59,0.4,,,,,
Mario Lemina,Wolves,Premier League,2025/26,CM,31,2900,47.5,,,90.3,,,,,6.06,,6.51,3.27,58.4,2.57,2.44,5.75,0.91,50.7,,0.13,2.78,1.87,2.29,,,0.23,,,,
Mario Lemina,Wolves,Premier League,2024/25,CM,30,2900,47.5,,,94.8,,,,,6.36,,6.84,3.43,61.3,2.7,2.56,6.04,0.96,53.2,,0.14,2.92,1.96,2.4,,,0.24,,,,
Joao Gomes,Wolves,Premier League,2025/26,CM,24,2800,47.5,,,90.3,,,,,8.26,,6.35,3.82,56.8,1.65,1.47,5.24,1.65,60.0,,0.19,2.69,0.91,2.34,,,0.13,,,,
Joao Gomes,Wolves,Premier League,2024/25,CM,23,2800,47.5,,,86.7,,,,,7.93,,6.1,3.67,54.5,1.58,1.41,5.03,1.58,57.6,,0.18,2.58,0.87,2.25,,,0.12,,,,
Tommy Doyle,Wolves,Premier League,2025/26,CM,23,1800,47.5,,,75.4,,,,,9.9,,5.74,3.46,68.2,1.76,2.19,8.78,1.96,49.0,,0.3,3.08,1.67,2.11,,,0.08,,,,
Tommy Doyle,Wolves,Premier League,2024/25,CM,22,1800,47.5,,,72.4,,,,,9.5,,5.51,3.32,65.5,1.69,2.1,8.43,1.88,47.0,,0.29,2.96,1.6,2.03,,,0.08,,,,
Andre,Wolves,Premier League,2025/26,CM,23,2400,47.5,,,77.3,,,,,9.5,,6.9,1.6,51.6,2.68,1.22,5.78,1.48,60.6,,0.23,1.8,2.42,2.26,,,0.24,,,,
Andre,Wolves,Premier League,2024/25,CM,22,2400,47.5,,,74.2,,,,,9.12,,6.62,1.54,49.5,2.57,1.17,5.55,1.42,58.2,,0.22,1.73,2.32,2.17,,,0.23,,,,
Jean-Ricner Bellegarde,Wolves,Premier League,2025/26,CM,26,1600,47.5,,,80.7,,,,,6.9,,5.37,1.44,52.6,2.58,1.1,5.64,1.8,51.0,,0.1,4.18,1.1,2.35,,,0.07,,,,
Jean-Ricner Bellegarde,Wolves,Premier League,2024/25,CM,25,1600,47.5,,,82.3,,,,,7.04,,5.48,1.47,53.7,2.63,1.12,5.75,1.84,52.0,,0.1,4.26,1.12,2.4,,,0.07,,,,
Matheus Cunha,Wolves,Premier League,2025/26,W,25,2900,47.5,,,,,,,,3.58,,,6.26,52.2,1.19,0.6,5.4,,,,0.29,4.6,1.45,,4.1,0.58,0.43,3.07,5.97,1.09,
Matheus Cunha,Wolves,Premier League,2024/25,W,24,2900,47.5,,,,,,,,3.65,,,6.39,53.2,1.21,0.61,5.51,,,,0.3,4.69,1.48,,4.18,0.59,0.44,3.13,6.09,1.11,
Hwang Hee-chan,Wolves,Premier League,2025/26,W,29,2400,47.5,,,,,,,,2.17,,,6.93,59.5,1.04,0.74,5.32,,,,0.24,3.6,1.52,,5.07,0.93,0.18,2.87,4.59,2.99,
Hwang Hee-chan,Wolves,Premier League,2024/25,W,28,2400,47.5,,,,,,,,2.21,,,7.07,60.7,1.06,0.75,5.43,,,,0.24,3.67,1.55,,5.17,0.95,0.18,2.93,4.68,3.05,
Rodrigo Gomes,Wolves,Premier League,2025/26,W,21,1500,47.5,,,,,,,,5.51,,,4.13,37.6,1.4,1.03,3.46,,,,0.38,4.84,2.96,,4.93,0.3,0.28,3.61,4.19,1.1,
Rodrigo Gomes,Wolves,Premier League,2024/25,W,20,1500,47.5,,,,,,,,5.07,,,3.8,34.6,1.29,0.95,3.18,,,,0.35,4.45,2.72,,4.54,0.28,0.26,3.32,3.85,1.01,
Carlos Forbs,Wolves,Premier League,2025/26,W,20,1200,47.5,,,,,,,,2.47,,,6.84,42.6,1.07,0.99,3.66,,,,0.26,2.99,1.14,,4.9,0.54,0.26,2.59,5.24,2.66,
Carlos Forbs,Wolves,Premier League,2024/25,W,19,1020,47.5,,,,,,,,2.27,,,6.29,39.2,0.98,0.91,3.37,,,,0.24,2.75,1.05,,4.51,0.5,0.24,2.38,4.82,2.45,
Jorgen Strand Larsen,Wolves,Premier League,2025/26,ST,25,2600,47.5,,,76.1,,,,,,,,,,0.61,,3.3,,56.8,,0.21,2.55,0.91,,,0.32,0.62,4.06,5.09,0.65,46.1
Jorgen Strand Larsen,Wolves,Premier League,2024/25,ST,24,2600,47.5,,,77.6,,,,,,,,,,0.62,,3.37,,57.9,,0.21,2.6,0.93,,,0.33,0.63,4.14,5.19,0.66,47.0
Sasa Kalajdzic,Wolves,Premier League,2025/26,ST,27,800,47.5,,,82.0,,,,,,,,,,0.66,,2.86,,32.6,,0.07,2.65,0.69,,,0.11,0.54,2.65,5.69,1.47,31.1
Sasa Kalajdzic,Wolves,Premier League,2024/25,ST,26,900,47.5,,,83.6,,,,,,,,,,0.67,,2.92,,33.3,,0.07,2.7,0.7,,,0.11,0.55,2.7,5.8,1.5,31.7
Bernd Leno,Fulham,Premier League,2025/26,GK,33,3300,50.5,0.23,68.5,42.8,51.4,1.68,8.9,13.0,,,,,,,,,,,,,,,,,,,,,,
Bernd Leno,Fulham,Premier League,2024/25,GK,32,3300,50.5,0.24,71.9,44.9,54.0,1.76,10.0,13.65,,,,,,,,,,,,,,,,,,,,,,
Steven Benda,Fulham,Premier League,2025/26,GK,26,300,50.5,0.34,79.1,45.4,51.2,2.19,3.8,16.9,,,,,,,,,,,,,,,,,,,,,,
Steven Benda,Fulham,Premier League,2024/25,GK,25,900,50.5,0.35,80.7,46.3,52.2,2.23,10.0,17.24,,,,,,,,,,,,,,,,,,,,,,
Joachim Andersen,Fulham,Premier League,2025/26,CB,28,3000,50.5,,,83.2,,,,,5.4,366.8,1.21,0.83,64.2,1.16,2.58,7.38,2.12,69.2,77.9,,,,,,,,,,,
Joachim Andersen,Fulham,Premier League,2024/25,CB,27,3000,50.5,,,84.9,,,,,5.51,374.14,1.23,0.85,65.5,1.18,2.63,7.53,2.16,70.6,79.5,,,,,,,,,,,
Calvin Bassey,Fulham,Premier League,2025/26,CB,25,2900,50.5,,,76.4,,,,,4.63,297.5,3.87,1.02,74.5,1.12,2.85,6.79,1.18,77.3,80.5,,,,,,,,,,,
Calvin Bassey,Fulham,Premier League,2024/25,CB,24,2900,50.5,,,77.9,,,,,4.72,303.45,3.95,1.04,76.0,1.14,2.91,6.93,1.2,78.8,82.1,,,,,,,,,,,
Issa Diop,Fulham,Premier League,2025/26,CB,28,1500,50.5,,,90.2,,,,,2.37,267.6,2.61,1.0,52.1,2.95,2.45,7.32,1.21,73.4,66.0,,,,,,,,,,,
Issa Diop,Fulham,Premier League,2024/25,CB,27,1500,50.5,,,92.0,,,,,2.42,272.95,2.66,1.02,53.1,3.01,2.5,7.47,1.23,74.9,67.3,,,,,,,,,,,
Antonee Robinson,Fulham,Premier League,2025/26,FB,27,3100,50.5,,,71.5,,,,,7.38,,4.75,1.63,66.3,1.7,2.18,6.21,,54.9,,0.07,2.36,1.12,1.53,1.96,0.15,,,,,
Antonee Robinson,Fulham,Premier League,2024/25,FB,26,3100,50.5,,,72.9,,,,,7.53,,4.84,1.66,67.6,1.73,2.22,6.33,,56.0,,0.07,2.41,1.14,1.56,2.0,0.15,,,,,
Kenny Tete,Fulham,Premier League,2025/26,FB,29,2200,50.5,,,83.7,,,,,6.58,,5.77,2.92,59.2,1.89,2.17,5.36,,42.6,,0.06,1.43,1.51,1.41,1.85,0.4,,,,,
Kenny Tete,Fulham,Premier League,2024/25,FB,28,2200,50.5,,,85.4,,,,,6.71,,5.89,2.98,60.4,1.93,2.21,5.47,,43.5,,0.06,1.46,1.54,1.44,1.89,0.41,,,,,
Timothy Castagne,Fulham,Premier League,2025/26,FB,29,1800,50.5,,,71.0,,,,,7.62,,3.79,1.97,69.6,3.0,1.53,4.2,,46.2,,0.18,1.71,1.09,2.18,1.89,0.19,,,,,
Timothy Castagne,Fulham,Premier League,2024/25,FB,28,1800,50.5,,,72.4,,,,,7.77,,3.87,2.01,71.0,3.06,1.56,4.28,,47.1,,0.18,1.74,1.11,2.22,1.93,0.19,,,,,
Andreas Pereira,Fulham,Premier League,2025/26,CM,29,2900,50.5,,,80.1,,,,,9.63,,4.82,3.56,51.4,2.32,2.17,7.46,1.1,44.0,,0.29,3.61,1.54,0.83,,,0.15,,,,
Andreas Pereira,Fulham,Premier League,2024/25,CM,28,2900,50.5,,,81.7,,,,,9.82,,4.92,3.63,52.4,2.37,2.21,7.61,1.12,44.9,,0.3,3.68,1.57,0.85,,,0.15,,,,
Emile Smith Rowe,Fulham,Premier League,2025/26,CM,24,2600,50.5,,,81.2,,,,,8.8,,7.77,3.01,52.5,2.41,1.42,6.67,1.32,46.8,,0.1,2.43,2.43,1.12,,,0.19,,,,
Emile Smith Rowe,Fulham,Premier League,2024/25,CM,23,2600,50.5,,,78.0,,,,,8.45,,7.46,2.89,50.4,2.31,1.36,6.4,1.27,44.9,,0.1,2.33,2.33,1.08,,,0.18,,,,
Sasa Lukic,Fulham,Premier League,2025/26,CM,28,2200,50.5,,,83.2,,,,,7.59,,3.67,1.46,64.0,2.68,2.1,7.82,1.0,53.8,,0.27,3.01,2.18,1.1,,,0.15,,,,
Sasa Lukic,Fulham,Premier League,2024/25,CM,27,2200,50.5,,,84.9,,,,,7.74,,3.74,1.49,65.3,2.73,2.14,7.98,1.02,54.9,,0.28,3.07,2.22,1.12,,,0.15,,,,
Sander Berge,Fulham,Premier League,2025/26,CM,27,2000,50.5,,,84.1,,,,,9.16,,4.98,3.16,70.8,2.24,2.43,5.59,1.24,52.1,,0.23,4.22,0.88,2.06,,,0.14,,,,
Sander Berge,Fulham,Premier League,2024/25,CM,26,2000,50.5,,,85.8,,,,,9.34,,5.08,3.22,72.2,2.28,2.48,5.7,1.26,53.1,,0.23,4.3,0.9,2.1,,,0.14,,,,
Harrison Reed,Fulham,Premier League,2025/26,CM,30,1600,50.5,,,89.9,,,,,5.14,,6.06,3.56,66.5,1.95,1.92,6.66,1.52,49.3,,0.25,3.02,1.25,2.45,,,0.08,,,,
Harrison Reed,Fulham,Premier League,2024/25,CM,29,1600,50.5,,,91.7,,,,,5.24,,6.18,3.63,67.8,1.99,1.96,6.79,1.55,50.3,,0.26,3.08,1.27,2.5,,,0.08,,,,
Alex Iwobi,Fulham,Premier League,2025/26,W,28,2800,50.5,,,,,,,,3.0,,,3.77,49.1,2.15,1.13,5.27,,,,0.4,4.49,1.01,,3.51,0.45,0.35,1.59,5.55,2.36,
Alex Iwobi,Fulham,Premier League,2024/25,W,27,2800,50.5,,,,,,,,3.06,,,3.85,50.1,2.19,1.15,5.38,,,,0.41,4.58,1.03,,3.58,0.46,0.36,1.62,5.66,2.41,
Adama Traore,Fulham,Premier League,2025/26,W,29,2100,50.5,,,,,,,,4.89,,,6.45,52.6,1.05,1.35,4.09,,,,0.33,5.04,2.32,,4.82,0.84,0.39,2.2,7.86,1.23,
Adama Traore,Fulham,Premier League,2024/25,W,28,2100,50.5,,,,,,,,4.99,,,6.58,53.7,1.07,1.38,4.17,,,,0.34,5.14,2.37,,4.92,0.86,0.4,2.24,8.02,1.25,
Harry Wilson,Fulham,Premier League,2025/26,W,27,1900,50.5,,,,,,,,5.27,,,4.85,35.2,2.46,1.17,5.39,,,,0.18,3.35,2.11,,3.58,0.34,0.25,1.57,6.12,2.32,
Harry Wilson,Fulham,Premier League,2024/25,W,26,1900,50.5,,,,,,,,5.38,,,4.95,35.9,2.51,1.19,5.5,,,,0.18,3.42,2.15,,3.65,0.35,0.26,1.6,6.24,2.37,
Reiss Nelson,Fulham,Premier League,2025/26,W,25,1500,50.5,,,,,,,,5.44,,,3.66,35.6,1.46,0.48,3.35,,,,0.28,2.67,2.53,,3.21,0.43,0.42,1.8,7.48,1.92,
Reiss Nelson,Fulham,Premier League,2024/25,W,24,1500,50.5,,,,,,,,5.55,,,3.73,36.3,1.49,0.49,3.42,,,,0.29,2.72,2.58,,3.27,0.44,0.43,1.84,7.63,1.96,
Rodrigo Muniz,Fulham,Premier League,2025/26,ST,23,2600,50.5,,,72.8,,,,,,,,,,1.01,,2.27,,43.3,,0.13,1.94,0.75,,,0.2,0.37,3.68,7.2,1.09,49.0
Rodrigo Muniz,Fulham,Premier League,2024/25,ST,22,2600,50.5,,,69.9,,,,,,,,,,0.97,,2.18,,41.6,,0.12,1.86,0.72,,,0.19,0.36,3.53,6.91,1.05,47.0
Raul Jimenez,Fulham,Premier League,2025/26,ST,33,1800,50.5,,,71.4,,,,,,,,,,1.05,,2.29,,49.2,,0.12,3.47,1.65,,,0.32,0.45,2.3,8.53,1.38,39.0
Raul Jimenez,Fulham,Premier League,2024/25,ST,32,1800,50.5,,,75.0,,,,,,,,,,1.1,,2.4,,51.7,,0.13,3.64,1.73,,,0.34,0.47,2.42,8.96,1.45,41.0
Jordan Pickford,Everton,Premier League,2025/26,GK,30,3300,40.5,0.25,75.3,51.6,53.6,2.21,8.1,13.6,,,,,,,,,,,,,,,,,,,,,,
Jordan Pickford,Everton,Premier League,2024/25,GK,29,3300,40.5,0.26,76.8,52.6,54.7,2.25,10.0,13.87,,,,,,,,,,,,,,,,,,,,,,
Joao Virginia,Everton,Premier League,2025/26,GK,25,300,40.5,-0.18,62.3,49.3,28.6,0.73,6.1,13.3,,,,,,,,,,,,,,,,,,,,,,
Joao Virginia,Everton,Premier League,2024/25,GK,24,900,40.5,0.0,63.5,50.3,29.2,0.74,10.0,13.57,,,,,,,,,,,,,,,,,,,,,,
James Tarkowski,Everton,Premier League,2025/26,CB,32,3200,40.5,,,87.1,,,,,4.95,306.1,1.19,0.69,73.3,2.46,1.43,6.48,1.99,64.9,63.5,,,,,,,,,,,
James Tarkowski,Everton,Premier League,2024/25,CB,31,3200,40.5,,,91.5,,,,,5.2,321.41,1.25,0.72,77.0,2.58,1.5,6.8,2.09,68.1,66.7,,,,,,,,,,,
Jarrad Branthwaite,Everton,Premier League,2025/26,CB,22,2900,40.5,,,75.1,,,,,5.33,293.8,3.74,1.17,55.3,3.3,1.12,5.35,1.99,56.3,81.5,,,,,,,,,,,
Jarrad Branthwaite,Everton,Premier League,2024/25,CB,21,2900,40.5,,,72.1,,,,,5.12,282.05,3.59,1.12,53.1,3.17,1.08,5.14,1.91,54.0,78.2,,,,,,,,,,,
Michael Keane,Everton,Premier League,2025/26,CB,32,1200,40.5,,,78.3,,,,,2.66,247.2,1.67,0.85,64.4,2.59,2.45,5.89,1.7,71.4,69.6,,,,,,,,,,,
Michael Keane,Everton,Premier League,2024/25,CB,31,1200,40.5,,,82.2,,,,,2.79,259.56,1.75,0.89,67.6,2.72,2.57,6.18,1.78,75.0,73.1,,,,,,,,,,,
Vitaliy Mykolenko,Everton,Premier League,2025/26,FB,25,2800,40.5,,,74.7,,,,,4.1,,2.18,1.19,47.7,2.85,1.3,6.7,,58.0,,0.16,1.34,1.48,2.37,2.13,0.14,,,,,
Vitaliy Mykolenko,Everton,Premier League,2024/25,FB,24,2800,40.5,,,76.2,,,,,4.18,,2.22,1.21,48.7,2.91,1.33,6.83,,59.2,,0.16,1.37,1.51,2.42,2.17,0.14,,,,,
Ashley Young,Everton,Premier League,2025/26,FB,39,1800,40.5,,,82.5,,,,,4.84,,4.85,2.47,60.6,1.62,1.56,7.12,,61.3,,0.08,2.45,0.77,1.18,1.57,0.25,,,,,
Ashley Young,Everton,Premier League,2024/25,FB,38,1800,40.5,,,86.6,,,,,5.08,,5.09,2.59,63.6,1.7,1.64,7.48,,64.4,,0.08,2.57,0.81,1.24,1.65,0.26,,,,,
Nathan Patterson,Everton,Premier League,2025/26,FB,23,1500,40.5,,,79.6,,,,,4.1,,3.2,2.11,69.1,3.14,2.26,7.22,,48.0,,0.11,1.52,1.72,2.24,1.08,0.24,,,,,
Nathan Patterson,Everton,Premier League,2024/25,FB,22,1500,40.5,,,76.4,,,,,3.94,,3.07,2.03,66.3,3.01,2.17,6.93,,46.1,,0.11,1.46,1.65,2.15,1.04,0.23,,,,,
Seamus Coleman,Everton,Premier League,2025/26,FB,36,1000,40.5,,,73.9,,,,,3.91,,5.25,3.02,68.3,3.91,1.92,7.01,,59.0,,0.09,3.45,1.8,2.28,2.88,0.17,,,,,
Seamus Coleman,Everton,Premier League,2024/25,FB,35,1000,40.5,,,77.6,,,,,4.11,,5.51,3.17,71.7,4.11,2.02,7.36,,62.0,,0.09,3.62,1.89,2.39,3.02,0.18,,,,,
Dwight McNeil,Everton,Premier League,2025/26,CM,25,3000,40.5,,,80.8,,,,,8.82,,4.19,1.01,53.0,4.45,1.14,7.78,0.93,58.7,,0.29,4.06,2.36,1.54,,,0.17,,,,
Dwight McNeil,Everton,Premier League,2024/25,CM,24,3000,40.5,,,82.4,,,,,9.0,,4.27,1.03,54.1,4.54,1.16,7.94,0.95,59.9,,0.3,4.14,2.41,1.57,,,0.17,,,,
Abdoulaye Doucoure,Everton,Premier League,2025/26,CM,32,2600,40.5,,,78.9,,,,,7.05,,7.72,2.07,45.1,2.53,2.14,7.36,1.23,60.3,,0.23,3.08,2.43,1.5,,,0.07,,,,
Abdoulaye Doucoure,Everton,Premier League,2024/25,CM,31,2600,40.5,,,82.8,,,,,7.4,,8.11,2.17,47.4,2.66,2.25,7.73,1.29,63.3,,0.24,3.23,2.55,1.58,,,0.07,,,,
Idrissa Gueye,Everton,Premier League,2025/26,CM,35,2200,40.5,,,78.8,,,,,5.28,,4.28,2.76,45.7,3.59,1.36,6.29,1.98,57.7,,0.11,2.13,2.43,0.83,,,0.05,,,,
Idrissa Gueye,Everton,Premier League,2024/25,CM,34,2200,40.5,,,82.7,,,,,5.54,,4.49,2.9,48.0,3.77,1.43,6.6,2.08,60.6,,0.12,2.24,2.55,0.87,,,0.05,,,,
Tim Iroegbunam,Everton,Premier League,2025/26,CM,21,1800,40.5,,,82.3,,,,,4.43,,7.72,1.69,59.2,1.82,2.23,6.88,0.98,55.0,,0.17,3.92,0.84,1.5,,,0.12,,,,
Tim Iroegbunam,Everton,Premier League,2024/25,CM,20,1800,40.5,,,75.7,,,,,4.08,,7.1,1.55,54.5,1.67,2.05,6.33,0.9,50.6,,0.16,3.61,0.77,1.38,,,0.11,,,,
Orel Mangala,Everton,Premier League,2025/26,CM,26,1700,40.5,,,76.0,,,,,8.67,,3.59,2.02,64.2,3.97,1.44,6.2,1.34,55.9,,0.09,1.68,2.25,1.84,,,0.07,,,,
Orel Mangala,Everton,Premier League,2024/25,CM,25,1700,40.5,,,77.5,,,,,8.84,,3.66,2.06,65.5,4.05,1.47,6.32,1.37,57.0,,0.09,1.71,2.29,1.88,,,0.07,,,,
Jack Harrison,Everton,Premier League,2025/26,W,28,2700,40.5,,,,,,,,5.57,,,6.5,52.6,0.95,0.61,3.84,,,,0.22,2.58,1.47,,2.59,0.6,0.38,2.2,5.24,3.11,
Jack Harrison,Everton,Premier League,2024/25,W,27,2700,40.5,,,,,,,,5.68,,,6.63,53.7,0.97,0.62,3.92,,,,0.22,2.63,1.5,,2.64,0.61,0.39,2.24,5.34,3.17,
Iliman Ndiaye,Everton,Premier League,2025/26,W,24,2400,40.5,,,,,,,,2.08,,,6.44,39.2,1.36,0.59,4.33,,,,0.16,3.86,2.71,,4.27,0.23,0.16,2.42,3.66,2.46,
Iliman Ndiaye,Everton,Premier League,2024/25,W,23,2400,40.5,,,,,,,,2.0,,,6.18,37.6,1.31,0.57,4.16,,,,0.15,3.71,2.6,,4.1,0.22,0.15,2.32,3.51,2.36,
Jesper Lindstrom,Everton,Premier League,2025/26,W,24,1600,40.5,,,,,,,,4.18,,,5.19,38.2,1.91,1.13,4.7,,,,0.31,4.5,2.86,,3.93,0.44,0.44,2.19,3.21,3.29,
Jesper Lindstrom,Everton,Premier League,2024/25,W,23,1600,40.5,,,,,,,,4.01,,,4.98,36.7,1.83,1.08,4.51,,,,0.3,4.32,2.75,,3.77,0.42,0.42,2.1,3.08,3.16,
Dominic Calvert-Lewin,Everton,Premier League,2025/26,ST,27,2800,40.5,,,76.3,,,,,,,,,,0.79,,1.51,,28.5,,0.08,1.68,1.78,,,0.1,0.42,3.81,8.19,1.48,48.1
Dominic Calvert-Lewin,Everton,Premier League,2024/25,ST,26,2800,40.5,,,77.8,,,,,,,,,,0.81,,1.54,,29.1,,0.08,1.71,1.82,,,0.1,0.43,3.89,8.35,1.51,49.1
Beto,Everton,Premier League,2025/26,ST,27,1500,40.5,,,77.8,,,,,,,,,,1.49,,1.58,,58.9,,0.24,1.93,0.52,,,0.31,0.49,2.82,6.9,0.57,42.7
Beto,Everton,Premier League,2024/25,ST,26,1500,40.5,,,79.4,,,,,,,,,,1.52,,1.61,,60.1,,0.24,1.97,0.53,,,0.32,0.5,2.88,7.04,0.58,43.6
Youssef Chermiti,Everton,Premier League,2025/26,ST,20,800,40.5,,,84.2,,,,,,,,,,0.7,,2.07,,56.1,,0.16,1.79,1.54,,,0.73,0.52,4.12,7.37,1.01,50.3
Youssef Chermiti,Everton,Premier League,2024/25,ST,19,900,40.5,,,77.5,,,,,,,,,,0.64,,1.9,,51.6,,0.15,1.65,1.42,,,0.67,0.48,3.79,6.78,0.93,46.3
Mark Flekken,Brentford,Premier League,2025/26,GK,31,3100,45.8,-0.08,64.9,71.4,47.1,1.77,7.2,12.5,,,,,,,,,,,,,,,,,,,,,,
Mark Flekken,Brentford,Premier League,2024/25,GK,30,3100,45.8,0.0,68.1,75.0,49.5,1.86,10.0,13.12,,,,,,,,,,,,,,,,,,,,,,
Hakon Valdimarsson,Brentford,Premier League,2025/26,GK,23,500,45.8,-0.24,71.9,45.5,47.8,0.63,10.5,14.5,,,,,,,,,,,,,,,,,,,,,,
Hakon Valdimarsson,Brentford,Premier League,2024/25,GK,22,900,45.8,0.0,69.0,43.7,45.9,0.6,10.1,13.92,,,,,,,,,,,,,,,,,,,,,,
Ethan Pinnock,Brentford,Premier League,2025/26,CB,31,3000,45.8,,,80.9,,,,,4.56,388.1,3.8,0.32,56.0,1.94,2.03,6.2,2.09,77.5,73.0,,,,,,,,,,,
Ethan Pinnock,Brentford,Premier League,2024/25,CB,30,3000,45.8,,,84.9,,,,,4.79,407.51,3.99,0.34,58.8,2.04,2.13,6.51,2.19,81.4,76.7,,,,,,,,,,,
Nathan Collins,Brentford,Premier League,2025/26,CB,23,2800,45.8,,,93.4,,,,,2.71,369.5,1.95,1.12,53.4,2.03,1.67,5.23,2.02,55.7,70.1,,,,,,,,,,,
Nathan Collins,Brentford,Premier League,2024/25,CB,22,2800,45.8,,,89.7,,,,,2.6,354.72,1.87,1.08,51.3,1.95,1.6,5.02,1.94,53.5,67.3,,,,,,,,,,,
Ben Mee,Brentford,Premier League,2025/26,CB,35,1500,45.8,,,92.0,,,,,2.81,362.5,1.49,0.72,78.3,2.89,2.46,5.54,0.96,67.7,72.7,,,,,,,,,,,
Ben Mee,Brentford,Premier League,2024/25,CB,34,1500,45.8,,,96.6,,,,,2.95,380.62,1.56,0.76,82.2,3.03,2.58,5.82,1.01,71.1,76.3,,,,,,,,,,,
Sepp van den Berg,Brentford,Premier League,2025/26,CB,23,2000,45.8,,,82.4,,,,,3.14,437.6,1.13,1.13,57.0,3.4,1.28,5.79,1.45,67.5,82.4,,,,,,,,,,,
Sepp van den Berg,Brentford,Premier League,2024/25,CB,22,2000,45.8,,,79.1,,,,,3.01,420.1,1.08,1.08,54.7,3.26,1.23,5.56,1.39,64.8,79.1,,,,,,,,,,,
Rico Henry,Brentford,Premier League,2025/26,FB,27,2400,45.8,,,83.8,,,,,5.09,,4.53,2.76,69.4,2.91,1.53,7.09,,63.6,,0.12,3.4,1.83,1.42,1.93,0.53,,,,,
Rico Henry,Brentford,Premier League,2024/25,FB,26,2400,45.8,,,85.5,,,,,5.19,,4.62,2.82,70.8,2.97,1.56,7.23,,64.9,,0.12,3.47,1.87,1.45,1.97,0.54,,,,,
Mads Roerslev,Brentford,Premier League,2025/26,FB,25,2200,45.8,,,77.6,,,,,5.32,,2.14,1.36,54.7,2.07,2.03,4.2,,40.5,,0.06,2.5,0.85,0.71,2.73,0.42,,,,,
Mads Roerslev,Brentford,Premier League,2024/25,FB,24,2200,45.8,,,79.2,,,,,5.43,,2.18,1.39,55.8,2.11,2.07,4.28,,41.3,,0.06,2.55,0.87,0.72,2.78,0.43,,,,,
Aaron Hickey,Brentford,Premier League,2025/26,FB,22,1800,45.8,,,72.2,,,,,4.89,,2.23,1.86,57.1,1.71,2.0,4.87,,53.8,,0.22,1.26,0.9,2.37,2.38,0.12,,,,,
Aaron Hickey,Brentford,Premier League,2024/25,FB,21,1800,45.8,,,69.3,,,,,4.69,,2.14,1.79,54.8,1.64,1.92,4.68,,51.6,,0.21,1.21,0.86,2.28,2.28,0.12,,,,,
Christian Norgaard,Brentford,Premier League,2025/26,CM,30,2700,45.8,,,92.0,,,,,8.44,,3.45,3.82,49.0,3.67,1.11,7.83,1.27,43.4,,0.07,4.38,1.98,1.02,,,0.09,,,,
Christian Norgaard,Brentford,Premier League,2024/25,CM,29,2700,45.8,,,93.8,,,,,8.61,,3.52,3.9,50.0,3.74,1.13,7.99,1.3,44.3,,0.07,4.47,2.02,1.04,,,0.09,,,,
Mathias Jensen,Brentford,Premier League,2025/26,CM,29,2500,45.8,,,83.9,,,,,4.4,,3.07,3.87,66.2,3.58,1.66,6.95,1.41,41.0,,0.3,1.85,1.83,0.6,,,0.17,,,,
Mathias Jensen,Brentford,Premier League,2024/25,CM,28,2500,45.8,,,85.6,,,,,4.49,,3.13,3.95,67.5,3.65,1.69,7.09,1.44,41.8,,0.31,1.89,1.87,0.61,,,0.17,,,,
Vitaly Janelt,Brentford,Premier League,2025/26,CM,26,2600,45.8,,,86.0,,,,,6.8,,4.08,3.56,74.9,2.86,1.51,6.7,1.81,58.0,,0.14,2.35,2.04,2.0,,,0.15,,,,
Vitaly Janelt,Brentford,Premier League,2024/25,CM,25,2600,45.8,,,87.7,,,,,6.94,,4.16,3.63,76.4,2.92,1.54,6.83,1.85,59.2,,0.14,2.4,2.08,2.04,,,0.15,,,,
Mikkel Damsgaard,Brentford,Premier League,2025/26,CM,24,1900,45.8,,,85.2,,,,,9.67,,6.95,2.35,51.1,3.84,1.94,6.61,1.0,49.8,,0.11,4.4,2.49,1.09,,,0.16,,,,
Mikkel Damsgaard,Brentford,Premier League,2024/25,CM,23,1900,45.8,,,81.8,,,,,9.28,,6.67,2.26,49.1,3.69,1.86,6.35,0.96,47.8,,0.11,4.22,2.39,1.05,,,0.15,,,,
Fabio Carvalho,Brentford,Premier League,2025/26,CM,22,1800,45.8,,,84.1,,,,,7.17,,4.06,1.22,58.9,3.89,1.7,5.26,1.17,55.0,,0.19,4.17,2.11,0.54,,,0.16,,,,
Fabio Carvalho,Brentford,Premier League,2024/25,CM,21,1800,45.8,,,80.7,,,,,6.88,,3.9,1.17,56.5,3.73,1.63,5.05,1.12,52.8,,0.18,4.0,2.03,0.52,,,0.15,,,,
Bryan Mbeumo,Brentford,Premier League,2025/26,W,25,3100,45.8,,,,,,,,2.26,,,3.28,53.9,2.41,0.36,4.63,,,,0.37,3.74,2.69,,5.97,0.95,0.45,2.16,4.56,3.19,
Bryan Mbeumo,Brentford,Premier League,2024/25,W,24,3100,45.8,,,,,,,,2.31,,,3.35,55.0,2.46,0.37,4.72,,,,0.38,3.81,2.74,,6.09,0.97,0.46,2.2,4.65,3.25,
Kevin Schade,Brentford,Premier League,2025/26,W,23,1900,45.8,,,,,,,,5.77,,,5.62,36.9,1.18,0.92,5.74,,,,0.31,3.07,1.08,,6.66,0.3,0.39,1.59,5.65,1.22,
Kevin Schade,Brentford,Premier League,2024/25,W,22,1900,45.8,,,,,,,,5.54,,,5.4,35.4,1.13,0.88,5.51,,,,0.3,2.95,1.04,,6.39,0.29,0.37,1.53,5.42,1.17,
Keane Lewis-Potter,Brentford,Premier League,2025/26,W,24,1800,45.8,,,,,,,,5.44,,,3.29,64.4,2.45,0.52,5.86,,,,0.24,4.74,2.05,,5.33,0.37,0.37,2.32,6.97,2.33,
Keane Lewis-Potter,Brentford,Premier League,2024/25,W,23,1800,45.8,,,,,,,,5.22,,,3.16,61.8,2.35,0.5,5.63,,,,0.23,4.55,1.97,,5.12,0.36,0.36,2.23,6.69,2.24,
Yoane Wissa,Brentford,Premier League,2025/26,ST,28,2800,45.8,,,78.9,,,,,,,,,,0.62,,1.77,,26.0,,0.21,1.73,0.78,,,0.2,0.47,3.54,5.99,1.15,46.1
Yoane Wissa,Brentford,Premier League,2024/25,ST,27,2800,45.8,,,80.5,,,,,,,,,,0.63,,1.81,,26.5,,0.21,1.76,0.8,,,0.2,0.48,3.61,6.11,1.17,47.0
Igor Thiago,Brentford,Premier League,2025/26,ST,23,1600,45.8,,,73.2,,,,,,,,,,1.0,,3.4,,34.4,,0.19,1.54,0.85,,,0.47,0.31,2.48,5.06,1.96,34.0
Igor Thiago,Brentford,Premier League,2024/25,ST,22,1600,45.8,,,70.3,,,,,,,,,,0.96,,3.26,,33.0,,0.18,1.48,0.82,,,0.45,0.3,2.38,4.86,1.88,32.6
Matz Sels,Nottingham Forest,Premier League,2025/26,GK,33,2800,41.0,-0.12,61.3,84.4,43.9,0.81,7.3,13.5,,,,,,,,,,,,,,,,,,,,,,
Matz Sels,Nottingham Forest,Premier League,2024/25,GK,32,2800,41.0,0.0,64.4,88.6,46.1,0.85,10.0,14.18,,,,,,,,,,,,,,,,,,,,,,
Carlos Miguel,Nottingham Forest,Premier League,2025/26,GK,26,800,41.0,0.08,69.3,42.9,51.7,1.28,3.8,15.6,,,,,,,,,,,,,,,,,,,,,,
Carlos Miguel,Nottingham Forest,Premier League,2024/25,GK,25,900,41.0,0.08,70.7,43.8,52.7,1.31,10.0,15.91,,,,,,,,,,,,,,,,,,,,,,
Murillo,Nottingham Forest,Premier League,2025/26,CB,22,3100,41.0,,,87.4,,,,,3.51,399.2,4.67,1.07,75.1,2.7,2.77,7.38,1.18,71.7,62.1,,,,,,,,,,,
Murillo,Nottingham Forest,Premier League,2024/25,CB,21,3100,41.0,,,83.9,,,,,3.37,383.23,4.48,1.03,72.1,2.59,2.66,7.08,1.13,68.8,59.6,,,,,,,,,,,
Nikola Milenkovic,Nottingham Forest,Premier League,2025/26,CB,27,2900,41.0,,,85.6,,,,,5.39,328.4,3.08,1.43,43.6,2.13,1.72,4.94,2.15,54.1,72.3,,,,,,,,,,,
Nikola Milenkovic,Nottingham Forest,Premier League,2024/25,CB,26,2900,41.0,,,87.3,,,,,5.5,334.97,3.14,1.46,44.5,2.17,1.75,5.04,2.19,55.2,73.7,,,,,,,,,,,
Willy Boly,Nottingham Forest,Premier League,2025/26,CB,34,1500,41.0,,,94.0,,,,,5.18,292.4,3.5,0.62,48.6,2.72,1.28,7.16,1.11,71.1,65.4,,,,,,,,,,,
Willy Boly,Nottingham Forest,Premier League,2024/25,CB,33,1500,41.0,,,98.7,,,,,5.44,307.02,3.68,0.65,51.0,2.86,1.34,7.52,1.17,74.7,68.7,,,,,,,,,,,
Morato,Nottingham Forest,Premier League,2025/26,CB,23,1200,41.0,,,75.4,,,,,5.51,315.2,3.86,0.84,65.5,3.46,2.53,7.66,1.28,58.5,56.6,,,,,,,,,,,
Morato,Nottingham Forest,Premier League,2024/25,CB,22,1200,41.0,,,72.4,,,,,5.29,302.59,3.71,0.81,62.9,3.32,2.43,7.35,1.23,56.2,54.3,,,,,,,,,,,
Ola Aina,Nottingham Forest,Premier League,2025/26,FB,28,2600,41.0,,,82.6,,,,,3.88,,4.08,3.74,68.6,1.66,1.35,6.23,,46.3,,0.17,2.67,1.05,1.96,1.78,0.37,,,,,
Ola Aina,Nottingham Forest,Premier League,2024/25,FB,27,2600,41.0,,,84.3,,,,,3.96,,4.16,3.81,70.0,1.69,1.38,6.35,,47.2,,0.17,2.72,1.07,2.0,1.82,0.38,,,,,
Neco Williams,Nottingham Forest,Premier League,2025/26,FB,23,2400,41.0,,,73.7,,,,,6.15,,2.64,1.41,65.3,2.21,1.87,7.54,,59.3,,0.23,1.24,0.99,2.22,2.47,0.47,,,,,
Neco Williams,Nottingham Forest,Premier League,2024/25,FB,22,2400,41.0,,,70.8,,,,,5.9,,2.53,1.35,62.7,2.12,1.8,7.24,,56.9,,0.22,1.19,0.95,2.13,2.37,0.45,,,,,
Harry Toffolo,Nottingham Forest,Premier League,2025/26,FB,29,1500,41.0,,,76.3,,,,,5.5,,2.19,1.04,48.9,2.35,2.17,7.69,,52.9,,0.23,2.66,0.93,0.7,1.14,0.17,,,,,
Harry Toffolo,Nottingham Forest,Premier League,2024/25,FB,28,1500,41.0,,,77.8,,,,,5.61,,2.23,1.06,49.9,2.4,2.21,7.84,,54.0,,0.23,2.71,0.95,0.71,1.16,0.17,,,,,
Alex Moreno,Nottingham Forest,Premier League,2025/26,FB,31,1800,41.0,,,85.3,,,,,5.62,,3.4,3.6,44.5,3.72,2.23,7.72,,45.7,,0.17,1.95,1.45,0.73,1.92,0.27,,,,,
Alex Moreno,Nottingham Forest,Premier League,2024/25,FB,30,1800,41.0,,,89.6,,,,,5.9,,3.57,3.78,46.7,3.91,2.34,8.11,,48.0,,0.18,2.05,1.52,0.77,2.02,0.28,,,,,
Morgan Gibbs-White,Nottingham Forest,Premier League,2025/26,CM,25,3100,41.0,,,89.4,,,,,6.21,,4.27,1.66,66.9,3.66,1.35,7.92,1.39,48.5,,0.25,2.37,1.5,1.73,,,0.1,,,,
Morgan Gibbs-White,Nottingham Forest,Premier League,2024/25,CM,24,3100,41.0,,,91.2,,,,,6.33,,4.36,1.69,68.2,3.73,1.38,8.08,1.42,49.5,,0.26,2.42,1.53,1.76,,,0.1,,,,
Ryan Yates,Nottingham Forest,Premier League,2025/26,CM,27,2400,41.0,,,82.4,,,,,6.39,,3.37,3.38,61.4,3.47,2.19,5.33,1.87,61.9,,0.06,3.78,1.88,0.79,,,0.07,,,,
Ryan Yates,Nottingham Forest,Premier League,2024/25,CM,26,2400,41.0,,,84.0,,,,,6.52,,3.44,3.45,62.6,3.54,2.23,5.44,1.91,63.1,,0.06,3.86,1.92,0.81,,,0.07,,,,
Ibrahim Sangare,Nottingham Forest,Premier League,2025/26,CM,27,2000,41.0,,,79.0,,,,,4.5,,3.88,1.64,69.4,1.97,2.39,7.16,1.99,64.6,,0.2,3.78,2.06,2.44,,,0.24,,,,
Ibrahim Sangare,Nottingham Forest,Premier League,2024/25,CM,26,2000,41.0,,,80.6,,,,,4.59,,3.96,1.67,70.8,2.01,2.44,7.3,2.03,65.9,,0.2,3.86,2.1,2.49,,,0.24,,,,
Elliot Anderson,Nottingham Forest,Premier League,2025/26,CM,22,1900,41.0,,,80.2,,,,,6.14,,5.44,3.34,70.4,3.45,1.58,6.23,1.08,56.9,,0.15,2.74,2.49,2.23,,,0.08,,,,
Elliot Anderson,Nottingham Forest,Premier League,2024/25,CM,21,1900,41.0,,,77.0,,,,,5.89,,5.22,3.21,67.6,3.31,1.52,5.98,1.04,54.6,,0.14,2.63,2.39,2.14,,,0.08,,,,
Nicolas Dominguez,Nottingham Forest,Premier League,2025/26,CM,26,1700,41.0,,,90.7,,,,,8.49,,7.08,1.09,65.4,2.83,1.86,5.49,1.36,47.1,,0.13,4.43,2.34,2.1,,,0.18,,,,
Nicolas Dominguez,Nottingham Forest,Premier League,2024/25,CM,25,1700,41.0,,,92.5,,,,,8.66,,7.22,1.11,66.7,2.89,1.9,5.6,1.39,48.0,,0.13,4.52,2.39,2.14,,,0.18,,,,
James Ward-Prowse,Nottingham Forest,Premier League,2025/26,CM,30,1600,41.0,,,75.3,,,,,8.51,,7.56,3.06,62.6,3.59,1.82,8.37,1.39,53.6,,0.24,3.34,2.48,0.9,,,0.17,,,,
James Ward-Prowse,Nottingham Forest,Premier League,2024/25,CM,29,1600,41.0,,,76.8,,,,,8.68,,7.71,3.12,63.9,3.66,1.86,8.54,1.42,54.7,,0.24,3.41,2.53,0.92,,,0.17,,,,
Callum Hudson-Odoi,Nottingham Forest,Premier League,2025/26,W,24,2700,41.0,,,,,,,,5.15,,,5.51,60.2,2.3,0.64,3.98,,,,0.15,4.76,2.95,,5.08,0.77,0.42,1.79,6.52,2.74,
Callum Hudson-Odoi,Nottingham Forest,Premier League,2024/25,W,23,2700,41.0,,,,,,,,4.94,,,5.29,57.8,2.21,0.61,3.82,,,,0.14,4.57,2.83,,4.88,0.74,0.4,1.72,6.26,2.63,
Anthony Elanga,Nottingham Forest,Premier League,2025/26,W,22,2500,41.0,,,,,,,,3.4,,,3.0,59.2,1.45,0.46,5.65,,,,0.16,3.42,2.26,,5.37,0.99,0.4,1.5,4.13,2.2,
Anthony Elanga,Nottingham Forest,Premier League,2024/25,W,21,2500,41.0,,,,,,,,3.26,,,2.88,56.8,1.39,0.44,5.42,,,,0.15,3.28,2.17,,5.16,0.95,0.38,1.44,3.96,2.11,
Jota Silva,Nottingham Forest,Premier League,2025/26,W,25,1400,41.0,,,,,,,,3.81,,,5.25,52.2,2.2,1.27,5.0,,,,0.35,4.16,1.32,,6.05,0.62,0.27,2.61,7.97,3.2,
Jota Silva,Nottingham Forest,Premier League,2024/25,W,24,1400,41.0,,,,,,,,3.89,,,5.36,53.2,2.24,1.3,5.1,,,,0.36,4.24,1.35,,6.17,0.63,0.28,2.66,8.13,3.26,
Chris Wood,Nottingham Forest,Premier League,2025/26,ST,33,2600,41.0,,,82.1,,,,,,,,,,0.99,,3.66,,57.6,,0.22,3.15,1.69,,,0.25,0.69,4.26,8.81,0.59,32.0
Chris Wood,Nottingham Forest,Premier League,2024/25,ST,32,2600,41.0,,,86.2,,,,,,,,,,1.04,,3.84,,60.5,,0.23,3.31,1.77,,,0.26,0.72,4.47,9.25,0.62,33.6
Taiwo Awoniyi,Nottingham Forest,Premier League,2025/26,ST,27,1500,41.0,,,84.2,,,,,,,,,,0.93,,1.65,,48.8,,0.05,2.05,0.89,,,0.29,0.48,3.51,5.52,1.64,44.4
Taiwo Awoniyi,Nottingham Forest,Premier League,2024/25,ST,26,1500,41.0,,,85.9,,,,,,,,,,0.95,,1.68,,49.8,,0.05,2.09,0.91,,,0.3,0.49,3.58,5.63,1.67,45.3
Mads Hermansen,Leicester City,Premier League,2025/26,GK,24,3200,47.0,-0.08,66.3,53.2,48.1,0.73,8.3,14.5,,,,,,,,,,,,,,,,,,,,,,
Mads Hermansen,Leicester City,Premier League,2024/25,GK,23,3200,47.0,0.0,63.6,51.1,46.2,0.7,10.0,13.92,,,,,,,,,,,,,,,,,,,,,,
Danny Ward,Leicester City,Premier League,2025/26,GK,31,400,47.0,-0.22,69.5,77.4,34.0,1.52,4.8,17.6,,,,,,,,,,,,,,,,,,,,,,
Danny Ward,Leicester City,Premier League,2024/25,GK,30,900,47.0,0.0,73.0,81.3,35.7,1.6,10.0,18.48,,,,,,,,,,,,,,,,,,,,,,
Wout Faes,Leicester City,Premier League,2025/26,CB,26,3100,47.0,,,76.8,,,,,2.36,366.9,3.9,0.46,48.6,2.99,1.13,7.17,2.04,54.1,83.4,,,,,,,,,,,
Wout Faes,Leicester City,Premier League,2024/25,CB,25,3100,47.0,,,78.3,,,,,2.41,374.24,3.98,0.47,49.6,3.05,1.15,7.31,2.08,55.2,85.1,,,,,,,,,,,
Jannik Vestergaard,Leicester City,Premier League,2025/26,CB,32,2500,47.0,,,85.0,,,,,3.09,487.6,2.74,0.26,49.6,3.09,1.81,6.3,2.01,77.3,63.1,,,,,,,,,,,
Jannik Vestergaard,Leicester City,Premier League,2024/25,CB,31,2500,47.0,,,89.2,,,,,3.24,511.98,2.88,0.27,52.1,3.24,1.9,6.62,2.11,81.2,66.3,,,,,,,,,,,
Caleb Okoli,Leicester City,Premier League,2025/26,CB,23,1800,47.0,,,75.8,,,,,3.9,297.8,1.52,0.31,70.0,1.5,1.09,7.32,0.97,55.2,68.9,,,,,,,,,,,
Caleb Okoli,Leicester City,Premier League,2024/25,CB,22,1800,47.0,,,72.8,,,,,3.74,285.89,1.46,0.3,67.2,1.44,1.05,7.03,0.93,53.0,66.1,,,,,,,,,,,
James Justin,Leicester City,Premier League,2025/26,FB,27,2800,47.0,,,73.1,,,,,3.09,,4.39,1.83,67.6,2.52,1.53,4.84,,50.9,,0.06,1.25,0.58,1.99,2.95,0.42,,,,,
James Justin,Leicester City,Premier League,2024/25,FB,26,2800,47.0,,,74.6,,,,,3.15,,4.48,1.87,69.0,2.57,1.56,4.94,,51.9,,0.06,1.27,0.59,2.03,3.01,0.43,,,,,
Victor Kristiansen,Leicester City,Premier League,2025/26,FB,22,2600,47.0,,,71.4,,,,,3.32,,4.32,3.49,59.5,2.05,1.68,7.77,,41.9,,0.1,2.26,1.72,0.61,1.78,0.13,,,,,
Victor Kristiansen,Leicester City,Premier League,2024/25,FB,21,2600,47.0,,,68.5,,,,,3.19,,4.15,3.35,57.1,1.97,1.61,7.46,,40.2,,0.1,2.17,1.65,0.59,1.71,0.12,,,,,
Ricardo Pereira,Leicester City,Premier League,2025/26,FB,31,1600,47.0,,,74.4,,,,,4.21,,4.97,3.48,60.6,3.96,2.33,4.71,,54.2,,0.23,1.12,1.53,1.19,0.7,0.32,,,,,
Ricardo Pereira,Leicester City,Premier League,2024/25,FB,30,1600,47.0,,,78.1,,,,,4.42,,5.22,3.65,63.6,4.16,2.45,4.95,,56.9,,0.24,1.18,1.61,1.25,0.73,0.34,,,,,
Harry Winks,Leicester City,Premier League,2025/26,CM,29,3000,47.0,,,82.1,,,,,9.58,,3.28,1.12,62.4,2.2,1.19,6.29,1.33,50.4,,0.05,3.66,1.32,2.43,,,0.18,,,,
Harry Winks,Leicester City,Premier League,2024/25,CM,28,3000,47.0,,,83.7,,,,,9.77,,3.35,1.14,63.6,2.24,1.21,6.42,1.36,51.4,,0.05,3.73,1.35,2.48,,,0.18,,,,
Wilfred Ndidi,Leicester City,Premier League,2025/26,CM,28,2800,47.0,,,85.0,,,,,5.67,,7.58,1.25,63.2,4.18,1.35,5.62,1.66,45.9,,0.28,2.74,1.85,1.83,,,0.15,,,,
Wilfred Ndidi,Leicester City,Premier League,2024/25,CM,27,2800,47.0,,,86.7,,,,,5.78,,7.73,1.27,64.5,4.26,1.38,5.73,1.69,46.8,,0.29,2.79,1.89,1.87,,,0.15,,,,
Oliver Skipp,Leicester City,Premier League,2025/26,CM,24,2100,47.0,,,80.6,,,,,8.68,,5.33,1.89,52.5,3.08,1.09,5.03,1.79,64.9,,0.19,2.13,1.3,2.49,,,0.14,,,,
Oliver Skipp,Leicester City,Premier League,2024/25,CM,23,2100,47.0,,,77.4,,,,,8.33,,5.12,1.81,50.4,2.96,1.05,4.83,1.72,62.3,,0.18,2.04,1.25,2.39,,,0.13,,,,
Boubakary Soumare,Leicester City,Premier League,2025/26,CM,26,1500,47.0,,,88.1,,,,,4.9,,7.72,2.74,70.6,1.65,1.34,8.38,1.17,61.5,,0.14,2.5,2.46,1.16,,,0.13,,,,
Boubakary Soumare,Leicester City,Premier League,2024/25,CM,25,1500,47.0,,,89.9,,,,,5.0,,7.87,2.79,72.0,1.68,1.37,8.55,1.19,62.7,,0.14,2.55,2.51,1.18,,,0.13,,,,
Facundo Buonanotte,Leicester City,Premier League,2025/26,CM,20,2000,47.0,,,90.8,,,,,6.81,,3.8,3.78,61.5,2.71,1.86,7.82,1.44,55.5,,0.11,2.18,1.3,2.39,,,0.18,,,,
Facundo Buonanotte,Leicester City,Premier League,2024/25,CM,19,1700,47.0,,,83.5,,,,,6.27,,3.5,3.48,56.6,2.49,1.71,7.19,1.32,51.1,,0.1,2.01,1.2,2.2,,,0.17,,,,
Stephy Mavididi,Leicester City,Premier League,2025/26,W,26,2700,47.0,,,,,,,,2.45,,,5.6,63.7,0.82,0.88,3.37,,,,0.21,5.15,1.09,,6.41,0.96,0.2,2.57,4.5,1.56,
Stephy Mavididi,Leicester City,Premier League,2024/25,W,25,2700,47.0,,,,,,,,2.5,,,5.71,65.0,0.84,0.9,3.44,,,,0.21,5.25,1.11,,6.54,0.98,0.2,2.62,4.59,1.59,
Abdul Fatawu,Leicester City,Premier League,2025/26,W,20,2500,47.0,,,,,,,,5.99,,,4.88,60.3,1.38,1.1,3.09,,,,0.38,5.23,1.79,,2.8,0.61,0.31,3.64,5.19,3.22,
Abdul Fatawu,Leicester City,Premier League,2024/25,W,19,2125,47.0,,,,,,,,5.51,,,4.49,55.5,1.27,1.01,2.84,,,,0.35,4.81,1.65,,2.58,0.56,0.29,3.35,4.77,2.96,
Jordan Ayew,Leicester City,Premier League,2025/26,W,33,1800,47.0,,,,,,,,5.1,,,3.18,51.8,2.33,0.61,5.69,,,,0.19,3.78,2.4,,3.46,0.73,0.25,3.73,4.88,2.75,
Jordan Ayew,Leicester City,Premier League,2024/25,W,32,1800,47.0,,,,,,,,5.35,,,3.34,54.4,2.45,0.64,5.97,,,,0.2,3.97,2.52,,3.63,0.77,0.26,3.92,5.12,2.89,
Bobby De Cordova-Reid,Leicester City,Premier League,2025/26,W,32,1400,47.0,,,,,,,,5.99,,,4.46,59.5,2.32,0.97,4.8,,,,0.4,3.04,1.67,,5.38,0.54,0.42,2.18,4.82,3.45,
Bobby De Cordova-Reid,Leicester City,Premier League,2024/25,W,31,1400,47.0,,,,,,,,6.29,,,4.68,62.5,2.44,1.02,5.04,,,,0.42,3.19,1.75,,5.65,0.57,0.44,2.29,5.06,3.62,
Jamie Vardy,Leicester City,Premier League,2025/26,ST,38,2200,47.0,,,84.7,,,,,,,,,,0.84,,2.6,,36.3,,0.1,2.4,0.79,,,0.23,0.55,4.31,4.99,1.23,46.4
Jamie Vardy,Leicester City,Premier League,2024/25,ST,37,2200,47.0,,,88.9,,,,,,,,,,0.88,,2.73,,38.1,,0.11,2.52,0.83,,,0.24,0.58,4.53,5.24,1.29,48.7
Patson Daka,Leicester City,Premier League,2025/26,ST,26,1500,47.0,,,69.8,,,,,,,,,,0.66,,1.72,,27.9,,0.12,3.14,1.86,,,0.19,0.39,2.27,4.2,1.72,31.0
Patson Daka,Leicester City,Premier League,2024/25,ST,25,1500,47.0,,,71.2,,,,,,,,,,0.67,,1.75,,28.5,,0.12,3.2,1.9,,,0.19,0.4,2.32,4.28,1.75,31.6
Odsonne Edouard,Leicester City,Premier League,2025/26,ST,27,1200,47.0,,,78.0,,,,,,,,,,0.99,,2.83,,45.5,,0.16,3.25,1.16,,,0.41,0.52,3.59,6.34,1.27,43.8
Odsonne Edouard,Leicester City,Premier League,2024/25,ST,26,1200,47.0,,,79.6,,,,,,,,,,1.01,,2.89,,46.4,,0.16,3.31,1.18,,,0.42,0.53,3.66,6.47,1.3,44.7
Arijanet Muric,Ipswich Town,Premier League,2025/26,GK,26,3000,44.5,-0.3,75.1,62.9,33.4,1.8,7.4,18.0,,,,,,,,,,,,,,,,,,,,,,
Arijanet Muric,Ipswich Town,Premier League,2024/25,GK,25,3000,44.5,0.0,76.6,64.2,34.1,1.84,10.0,18.36,,,,,,,,,,,,,,,,,,,,,,
Christian Walton,Ipswich Town,Premier League,2025/26,GK,29,600,44.5,0.12,60.7,50.7,39.6,2.24,9.9,16.6,,,,,,,,,,,,,,,,,,,,,,
Christian Walton,Ipswich Town,Premier League,2024/25,GK,28,900,44.5,0.12,61.9,51.7,40.4,2.28,10.1,16.93,,,,,,,,,,,,,,,,,,,,,,
Jacob Greaves,Ipswich Town,Premier League,2025/26,CB,24,3100,44.5,,,92.5,,,,,3.44,373.8,3.32,0.68,73.4,1.54,1.92,4.75,2.08,74.2,78.5,,,,,,,,,,,
Jacob Greaves,Ipswich Town,Premier League,2024/25,CB,23,3100,44.5,,,88.8,,,,,3.3,358.85,3.19,0.65,70.5,1.48,1.84,4.56,2.0,71.2,75.4,,,,,,,,,,,
Luke Woolfenden,Ipswich Town,Premier League,2025/26,CB,26,2500,44.5,,,80.3,,,,,2.37,483.0,1.47,1.25,68.2,3.26,2.84,7.74,0.81,76.8,58.1,,,,,,,,,,,
Luke Woolfenden,Ipswich Town,Premier League,2024/25,CB,25,2500,44.5,,,81.9,,,,,2.42,492.66,1.5,1.27,69.6,3.33,2.9,7.89,0.83,78.3,59.3,,,,,,,,,,,
Dara O'Shea,Ipswich Town,Premier League,2025/26,CB,25,2200,44.5,,,85.9,,,,,5.47,451.7,4.38,1.44,53.5,3.34,1.85,7.34,2.43,59.2,64.6,,,,,,,,,,,
Dara O'Shea,Ipswich Town,Premier League,2024/25,CB,24,2200,44.5,,,87.6,,,,,5.58,460.73,4.47,1.47,54.6,3.41,1.89,7.49,2.48,60.4,65.9,,,,,,,,,,,
Cameron Burgess,Ipswich Town,Premier League,2025/26,CB,29,1500,44.5,,,83.9,,,,,5.68,287.7,4.85,0.76,64.7,2.88,1.3,6.67,1.86,65.1,74.6,,,,,,,,,,,
Cameron Burgess,Ipswich Town,Premier League,2024/25,CB,28,1500,44.5,,,85.6,,,,,5.79,293.45,4.95,0.78,66.0,2.94,1.33,6.8,1.9,66.4,76.1,,,,,,,,,,,
Leif Davis,Ipswich Town,Premier League,2025/26,FB,25,3100,44.5,,,80.8,,,,,4.5,,3.1,1.11,49.5,2.94,1.55,7.64,,53.7,,0.06,1.46,1.37,2.34,1.28,0.4,,,,,
Leif Davis,Ipswich Town,Premier League,2024/25,FB,24,3100,44.5,,,82.4,,,,,4.59,,3.16,1.13,50.5,3.0,1.58,7.79,,54.8,,0.06,1.49,1.4,2.39,1.31,0.41,,,,,
Axel Tuanzebe,Ipswich Town,Premier League,2025/26,FB,27,2600,44.5,,,78.9,,,,,7.34,,5.51,3.79,58.9,2.67,2.33,5.32,,42.9,,0.25,2.34,0.55,1.28,1.44,0.46,,,,,
Axel Tuanzebe,Ipswich Town,Premier League,2024/25,FB,26,2600,44.5,,,80.5,,,,,7.49,,5.62,3.87,60.1,2.72,2.38,5.43,,43.8,,0.26,2.39,0.56,1.31,1.47,0.47,,,,,
Ben Johnson,Ipswich Town,Premier League,2025/26,FB,25,1800,44.5,,,80.8,,,,,4.28,,2.27,3.64,61.9,2.27,1.44,6.1,,63.2,,0.12,3.3,1.87,1.41,2.18,0.24,,,,,
Ben Johnson,Ipswich Town,Premier League,2024/25,FB,24,1800,44.5,,,82.4,,,,,4.37,,2.32,3.71,63.1,2.32,1.47,6.22,,64.5,,0.12,3.37,1.91,1.44,2.22,0.24,,,,,
Sam Morsy,Ipswich Town,Premier League,2025/26,CM,33,3000,44.5,,,90.7,,,,,4.48,,3.8,3.95,47.3,1.89,2.13,7.03,1.57,47.6,,0.09,2.99,1.99,1.28,,,0.16,,,,
Sam Morsy,Ipswich Town,Premier League,2024/25,CM,32,3000,44.5,,,95.2,,,,,4.7,,3.99,4.15,49.7,1.98,2.24,7.38,1.65,50.0,,0.09,3.14,2.09,1.34,,,0.17,,,,
Kalvin Phillips,Ipswich Town,Premier League,2025/26,CM,29,2500,44.5,,,82.9,,,,,8.57,,4.49,1.68,63.7,3.83,2.38,5.9,1.75,44.3,,0.18,4.44,1.54,2.22,,,0.09,,,,
Kalvin Phillips,Ipswich Town,Premier League,2024/25,CM,28,2500,44.5,,,84.6,,,,,8.74,,4.58,1.71,65.0,3.91,2.43,6.02,1.79,45.2,,0.18,4.53,1.57,2.26,,,0.09,,,,
Massimo Luongo,Ipswich Town,Premier League,2025/26,CM,32,1800,44.5,,,78.3,,,,,4.74,,3.76,1.73,63.8,2.44,1.16,5.2,0.88,49.9,,0.18,2.01,0.89,2.42,,,0.12,,,,
Massimo Luongo,Ipswich Town,Premier League,2024/25,CM,31,1800,44.5,,,82.2,,,,,4.98,,3.95,1.82,67.0,2.56,1.22,5.46,0.92,52.4,,0.19,2.11,0.93,2.54,,,0.13,,,,
Jens Cajuste,Ipswich Town,Premier League,2025/26,CM,25,1600,44.5,,,87.7,,,,,9.09,,3.15,1.92,50.7,4.49,1.27,5.39,1.16,64.3,,0.18,3.15,1.63,2.01,,,0.22,,,,
Jens Cajuste,Ipswich Town,Premier League,2024/25,CM,24,1600,44.5,,,89.5,,,,,9.27,,3.21,1.96,51.7,4.58,1.3,5.5,1.18,65.6,,0.18,3.21,1.66,2.05,,,0.22,,,,
Jack Taylor,Ipswich Town,Premier League,2025/26,CM,26,1400,44.5,,,89.3,,,,,9.42,,7.68,2.29,59.6,3.26,1.86,5.58,0.87,49.6,,0.26,3.01,2.48,1.4,,,0.21,,,,
Jack Taylor,Ipswich Town,Premier League,2024/25,CM,25,1400,44.5,,,91.1,,,,,9.61,,7.83,2.34,60.8,3.33,1.9,5.69,0.89,50.6,,0.27,3.07,2.53,1.43,,,0.21,,,,
Omari Hutchinson,Ipswich Town,Premier League,2025/26,W,21,2800,44.5,,,,,,,,5.74,,,5.05,42.3,0.91,1.0,5.8,,,,0.25,4.31,1.21,,6.21,0.2,0.19,2.05,7.97,3.07,
Omari Hutchinson,Ipswich Town,Premier League,2024/25,W,20,2800,44.5,,,,,,,,5.28,,,4.65,38.9,0.84,0.92,5.34,,,,0.23,3.97,1.11,,5.71,0.18,0.17,1.89,7.33,2.82,
Wes Burns,Ipswich Town,Premier League,2025/26,W,30,2200,44.5,,,,,,,,4.48,,,4.93,61.9,1.5,0.99,4.9,,,,0.24,2.99,1.93,,4.48,0.65,0.24,2.11,6.22,2.72,
Wes Burns,Ipswich Town,Premier League,2024/25,W,29,2200,44.5,,,,,,,,4.57,,,5.03,63.1,1.53,1.01,5.0,,,,0.24,3.05,1.97,,4.57,0.66,0.24,2.15,6.34,2.77,
Chiedozie Ogbene,Ipswich Town,Premier League,2025/26,W,27,1900,44.5,,,,,,,,2.61,,,5.32,42.6,1.09,1.22,5.23,,,,0.31,2.84,1.75,,6.88,0.2,0.3,3.47,6.24,1.99,
Chiedozie Ogbene,Ipswich Town,Premier League,2024/25,W,26,1900,44.5,,,,,,,,2.66,,,5.43,43.5,1.11,1.24,5.33,,,,0.32,2.9,1.79,,7.02,0.2,0.31,3.54,6.36,2.03,
Jack Clarke,Ipswich Town,Premier League,2025/26,W,24,1700,44.5,,,,,,,,5.53,,,6.93,42.3,1.2,0.76,3.31,,,,0.18,3.73,2.7,,3.23,0.89,0.42,3.01,5.72,1.33,
Jack Clarke,Ipswich Town,Premier League,2024/25,W,23,1700,44.5,,,,,,,,5.31,,,6.65,40.6,1.15,0.73,3.18,,,,0.17,3.58,2.59,,3.1,0.85,0.4,2.89,5.49,1.28,
Liam Delap,Ipswich Town,Premier League,2025/26,ST,22,2700,44.5,,,69.3,,,,,,,,,,0.56,,3.13,,28.3,,0.09,2.15,0.95,,,0.39,0.37,3.9,4.89,1.3,41.9
Liam Delap,Ipswich Town,Premier League,2024/25,ST,21,2700,44.5,,,66.5,,,,,,,,,,0.54,,3.0,,27.2,,0.09,2.06,0.91,,,0.37,0.36,3.74,4.69,1.25,40.2
Sammie Szmodics,Ipswich Town,Premier League,2025/26,ST,29,2400,44.5,,,71.2,,,,,,,,,,1.0,,2.66,,47.5,,0.23,2.4,0.87,,,0.41,0.56,3.46,7.69,0.97,49.2
Sammie Szmodics,Ipswich Town,Premier League,2024/25,ST,28,2400,44.5,,,72.6,,,,,,,,,,1.02,,2.71,,48.5,,0.23,2.45,0.89,,,0.42,0.57,3.53,7.84,0.99,50.2
George Hirst,Ipswich Town,Premier League,2025/26,ST,26,1200,44.5,,,67.1,,,,,,,,,,1.44,,3.23,,51.9,,0.11,2.56,0.62,,,0.58,0.39,4.29,5.11,1.66,41.9
George Hirst,Ipswich Town,Premier League,2024/25,ST,25,1200,44.5,,,68.4,,,,,,,,,,1.47,,3.29,,52.9,,0.11,2.61,0.63,,,0.59,0.4,4.38,5.21,1.69,42.7
Aaron Ramsdale,Southampton,Premier League,2025/26,GK,26,3100,56.5,0.2,61.4,57.4,27.1,0.51,10.5,17.3,,,,,,,,,,,,,,,,,,,,,,
Aaron Ramsdale,Southampton,Premier League,2024/25,GK,25,3100,56.5,0.2,62.6,58.5,27.6,0.52,10.7,17.65,,,,,,,,,,,,,,,,,,,,,,
Alex McCarthy,Southampton,Premier League,2025/26,GK,35,500,56.5,0.16,73.0,58.2,53.2,2.03,6.9,13.5,,,,,,,,,,,,,,,,,,,,,,
Alex McCarthy,Southampton,Premier League,2024/25,GK,34,900,56.5,0.17,76.7,61.1,55.9,2.13,10.0,14.18,,,,,,,,,,,,,,,,,,,,,,
Jan Bednarek,Southampton,Premier League,2025/26,CB,28,3000,56.5,,,87.1,,,,,3.69,377.3,3.32,1.15,67.8,2.47,1.05,5.18,1.58,57.4,68.3,,,,,,,,,,,
Jan Bednarek,Southampton,Premier League,2024/25,CB,27,3000,56.5,,,88.8,,,,,3.76,384.85,3.39,1.17,69.2,2.52,1.07,5.28,1.61,58.5,69.7,,,,,,,,,,,
Taylor Harwood-Bellis,Southampton,Premier League,2025/26,CB,23,2900,56.5,,,93.3,,,,,3.8,242.7,4.07,0.57,68.3,1.89,1.31,7.05,2.41,68.5,57.7,,,,,,,,,,,
Taylor Harwood-Bellis,Southampton,Premier League,2024/25,CB,22,2900,56.5,,,89.6,,,,,3.65,232.99,3.91,0.55,65.6,1.81,1.26,6.77,2.31,65.8,55.4,,,,,,,,,,,
Jack Stephens,Southampton,Premier League,2025/26,CB,31,2000,56.5,,,91.7,,,,,5.34,381.9,1.26,0.63,61.1,1.9,1.93,4.04,2.22,59.2,64.8,,,,,,,,,,,
Jack Stephens,Southampton,Premier League,2024/25,CB,30,2000,56.5,,,96.3,,,,,5.61,401.0,1.32,0.66,64.2,1.99,2.03,4.24,2.33,62.2,68.0,,,,,,,,,,,
Armel Bella-Kotchap,Southampton,Premier League,2025/26,CB,23,1500,56.5,,,84.4,,,,,5.92,327.3,2.46,0.39,68.7,2.58,2.7,7.06,0.95,55.1,78.9,,,,,,,,,,,
Armel Bella-Kotchap,Southampton,Premier League,2024/25,CB,22,1500,56.5,,,81.0,,,,,5.68,314.21,2.36,0.37,66.0,2.48,2.59,6.78,0.91,52.9,75.7,,,,,,,,,,,
Kyle Walker-Peters,Southampton,Premier League,2025/26,FB,27,3100,56.5,,,75.6,,,,,4.35,,2.06,3.24,48.5,1.95,2.0,7.32,,43.9,,0.13,2.2,0.81,1.03,2.72,0.49,,,,,
Kyle Walker-Peters,Southampton,Premier League,2024/25,FB,26,3100,56.5,,,77.1,,,,,4.44,,2.1,3.3,49.5,1.99,2.04,7.47,,44.8,,0.13,2.24,0.83,1.05,2.77,0.5,,,,,
Yukinari Sugawara,Southampton,Premier League,2025/26,FB,24,2700,56.5,,,79.1,,,,,3.97,,5.03,3.08,45.8,2.34,2.14,7.93,,55.5,,0.21,3.06,1.35,1.0,1.89,0.3,,,,,
Yukinari Sugawara,Southampton,Premier League,2024/25,FB,23,2700,56.5,,,75.9,,,,,3.81,,4.83,2.96,44.0,2.25,2.05,7.61,,53.3,,0.2,2.94,1.3,0.96,1.81,0.29,,,,,
Ryan Manning,Southampton,Premier League,2025/26,FB,28,1600,56.5,,,84.1,,,,,5.9,,5.78,3.33,60.5,2.38,1.51,7.35,,59.6,,0.11,3.18,0.83,0.77,2.91,0.14,,,,,
Ryan Manning,Southampton,Premier League,2024/25,FB,27,1600,56.5,,,85.8,,,,,6.02,,5.9,3.4,61.7,2.43,1.54,7.5,,60.8,,0.11,3.24,0.85,0.79,2.97,0.14,,,,,
Flynn Downes,Southampton,Premier League,2025/26,CM,26,2900,56.5,,,85.5,,,,,8.56,,5.19,1.1,64.2,4.09,2.48,5.59,1.97,52.3,,0.15,1.93,1.0,1.71,,,0.05,,,,
Flynn Downes,Southampton,Premier League,2024/25,CM,25,2900,56.5,,,87.2,,,,,8.73,,5.29,1.12,65.5,4.17,2.53,5.7,2.01,53.3,,0.15,1.97,1.02,1.74,,,0.05,,,,
Will Smallbone,Southampton,Premier League,2025/26,CM,25,2500,56.5,,,88.9,,,,,7.17,,6.83,3.14,69.2,2.57,1.31,6.76,0.88,51.0,,0.19,3.53,1.49,0.58,,,0.1,,,,
Will Smallbone,Southampton,Premier League,2024/25,CM,24,2500,56.5,,,90.7,,,,,7.31,,6.97,3.2,70.6,2.62,1.34,6.9,0.9,52.0,,0.19,3.6,1.52,0.59,,,0.1,,,,
Joe Aribo,Southampton,Premier League,2025/26,CM,28,2200,56.5,,,88.4,,,,,8.18,,5.33,1.86,52.6,4.01,1.81,6.18,1.23,52.7,,0.22,2.46,2.29,0.7,,,0.09,,,,
Joe Aribo,Southampton,Premier League,2024/25,CM,27,2200,56.5,,,90.2,,,,,8.34,,5.44,1.9,53.7,4.09,1.85,6.3,1.25,53.8,,0.22,2.51,2.34,0.71,,,0.09,,,,
Mateus Fernandes,Southampton,Premier League,2025/26,CM,20,1900,56.5,,,83.1,,,,,7.89,,3.04,3.26,49.7,3.85,2.11,6.98,1.98,43.0,,0.09,2.4,1.06,0.87,,,0.06,,,,
Mateus Fernandes,Southampton,Premier League,2024/25,CM,19,1615,56.5,,,76.5,,,,,7.26,,2.8,3.0,45.7,3.54,1.94,6.42,1.82,39.6,,0.08,2.21,0.98,0.8,,,0.06,,,,
Adam Lallana,Southampton,Premier League,2025/26,CM,36,1200,56.5,,,80.0,,,,,9.28,,7.34,1.07,73.2,4.28,1.03,7.27,1.12,40.6,,0.11,4.08,0.84,2.0,,,0.21,,,,
Adam Lallana,Southampton,Premier League,2024/25,CM,35,1200,56.5,,,84.0,,,,,9.74,,7.71,1.12,76.9,4.49,1.08,7.63,1.18,42.6,,0.12,4.28,0.88,2.1,,,0.22,,,,
Ben Brereton Diaz,Southampton,Premier League,2025/26,W,25,2400,56.5,,,,,,,,3.22,,,5.0,35.4,2.46,0.59,5.03,,,,0.36,5.3,1.64,,4.36,0.24,0.35,3.45,7.17,1.24,
Ben Brereton Diaz,Southampton,Premier League,2024/25,W,24,2400,56.5,,,,,,,,3.28,,,5.1,36.1,2.51,0.6,5.13,,,,0.37,5.41,1.67,,4.45,0.24,0.36,3.52,7.31,1.26,
Ryan Fraser,Southampton,Premier League,2025/26,W,31,1800,56.5,,,,,,,,5.09,,,4.59,44.6,0.95,0.45,3.28,,,,0.4,4.88,2.44,,2.75,0.94,0.39,2.74,7.6,2.91,
Ryan Fraser,Southampton,Premier League,2024/25,W,30,1800,56.5,,,,,,,,5.34,,,4.82,46.8,1.0,0.47,3.44,,,,0.42,5.12,2.56,,2.89,0.99,0.41,2.88,7.98,3.06,
Maxwel Cornet,Southampton,Premier League,2025/26,W,28,1500,56.5,,,,,,,,3.81,,,4.75,38.3,1.76,0.41,3.22,,,,0.18,4.75,2.69,,5.75,0.55,0.28,2.87,4.62,2.55,
Maxwel Cornet,Southampton,Premier League,2024/25,W,27,1500,56.5,,,,,,,,3.89,,,4.84,39.1,1.8,0.42,3.28,,,,0.18,4.84,2.74,,5.87,0.56,0.29,2.93,4.71,2.6,
Tyler Dibling,Southampton,Premier League,2025/26,W,19,1400,56.5,,,,,,,,5.74,,,5.98,50.6,1.45,0.75,4.37,,,,0.21,3.11,2.3,,5.47,0.92,0.28,2.04,3.53,3.06,
Tyler Dibling,Southampton,Premier League,2024/25,W,18,1190,56.5,,,,,,,,5.28,,,5.5,46.6,1.33,0.69,4.02,,,,0.19,2.86,2.12,,5.03,0.85,0.26,1.88,3.25,2.82,
Cameron Archer,Southampton,Premier League,2025/26,ST,23,2500,56.5,,,78.3,,,,,,,,,,0.9,,3.22,,31.2,,0.09,1.96,1.87,,,0.43,0.34,2.98,8.92,1.24,37.4
Cameron Archer,Southampton,Premier League,2024/25,ST,22,2500,56.5,,,75.2,,,,,,,,,,0.86,,3.09,,30.0,,0.09,1.88,1.8,,,0.41,0.33,2.86,8.56,1.19,35.9
Adam Armstrong,Southampton,Premier League,2025/26,ST,28,2100,56.5,,,82.8,,,,,,,,,,1.27,,3.95,,53.6,,0.16,2.68,0.62,,,0.17,0.32,2.66,8.28,0.77,52.2
Adam Armstrong,Southampton,Premier League,2024/25,ST,27,2100,56.5,,,84.5,,,,,,,,,,1.3,,4.03,,54.7,,0.16,2.73,0.63,,,0.17,0.33,2.71,8.45,0.79,53.2
Paul Onuachu,Southampton,Premier League,2025/26,ST,30,1000,56.5,,,84.2,,,,,,,,,,1.29,,2.22,,26.3,,0.13,2.21,1.17,,,0.5,0.31,2.04,8.74,1.62,46.9
Paul Onuachu,Southampton,Premier League,2024/25,ST,29,1000,56.5,,,85.9,,,,,,,,,,1.32,,2.26,,26.8,,0.13,2.25,1.19,,,0.51,0.32,2.08,8.91,1.65,47.8
Alexander Nübel,VfB Stuttgart,Bundesliga,2025/26,GK,28,2464,58.0,0.04,75.2,78.8,46.1,1.48,10.1,12.6,,,,,,,,,,,,,,,,,,,,,,
Alexander Nübel,VfB Stuttgart,Bundesliga,2024/25,GK,27,2464,58.0,0.04,76.7,80.4,47.0,1.51,10.3,12.85,,,,,,,,,,,,,,,,,,,,,,
Fabian Bredlow,VfB Stuttgart,Bundesliga,2025/26,GK,29,1707,58.0,-0.02,64.9,78.3,39.2,1.61,6.1,18.0,,,,,,,,,,,,,,,,,,,,,,
Fabian Bredlow,VfB Stuttgart,Bundesliga,2024/25,GK,28,1707,58.0,0.0,66.2,79.9,40.0,1.64,10.0,18.36,,,,,,,,,,,,,,,,,,,,,,
Jeff Chabot,VfB Stuttgart,Bundesliga,2025/26,CB,26,3054,58.0,,,80.6,,,,,4.81,267.7,2.63,0.68,55.8,1.24,1.8,6.67,1.28,59.3,69.7,,,,,,,,,,,
Jeff Chabot,VfB Stuttgart,Bundesliga,2024/25,CB,25,3054,58.0,,,82.2,,,,,4.91,273.05,2.68,0.69,56.9,1.26,1.84,6.8,1.31,60.5,71.1,,,,,,,,,,,
Anthony Rouault,VfB Stuttgart,Bundesliga,2025/26,CB,23,2948,58.0,,,85.1,,,,,5.92,408.2,2.83,1.04,59.1,2.42,1.19,4.16,1.08,60.8,78.9,,,,,,,,,,,
Anthony Rouault,VfB Stuttgart,Bundesliga,2024/25,CB,22,2948,58.0,,,81.7,,,,,5.68,391.87,2.72,1.0,56.7,2.32,1.14,3.99,1.04,58.4,75.7,,,,,,,,,,,
Dan-Axel Zagadou,VfB Stuttgart,Bundesliga,2025/26,CB,25,2810,58.0,,,76.7,,,,,2.05,271.1,3.65,1.01,79.0,1.5,2.29,4.4,1.1,64.8,71.5,,,,,,,,,,,
Dan-Axel Zagadou,VfB Stuttgart,Bundesliga,2024/25,CB,24,2810,58.0,,,78.2,,,,,2.09,276.52,3.72,1.03,80.6,1.53,2.34,4.49,1.12,66.1,72.9,,,,,,,,,,,
Leonidas Stergiou,VfB Stuttgart,Bundesliga,2025/26,CB,22,1019,58.0,,,77.6,,,,,5.24,437.3,1.88,0.87,66.7,1.83,1.89,6.16,2.16,62.6,78.2,,,,,,,,,,,
Leonidas Stergiou,VfB Stuttgart,Bundesliga,2024/25,CB,21,1019,58.0,,,74.5,,,,,5.03,419.81,1.8,0.84,64.0,1.76,1.81,5.91,2.07,60.1,75.1,,,,,,,,,,,
Maximilian Mittelstädt,VfB Stuttgart,Bundesliga,2025/26,FB,27,2017,58.0,,,81.0,,,,,5.96,,2.62,3.87,59.8,1.81,1.26,4.73,,51.3,,0.22,3.48,1.23,1.74,1.63,0.1,,,,,
Maximilian Mittelstädt,VfB Stuttgart,Bundesliga,2024/25,FB,26,2017,58.0,,,82.6,,,,,6.08,,2.67,3.95,61.0,1.85,1.29,4.82,,52.3,,0.22,3.55,1.25,1.77,1.66,0.1,,,,,
Josha Vagnoman,VfB Stuttgart,Bundesliga,2025/26,FB,24,2724,58.0,,,78.2,,,,,5.75,,4.36,3.81,59.8,3.37,1.64,6.13,,62.7,,0.11,1.96,1.79,1.91,2.88,0.42,,,,,
Josha Vagnoman,VfB Stuttgart,Bundesliga,2024/25,FB,23,2724,58.0,,,75.1,,,,,5.52,,4.19,3.66,57.4,3.24,1.57,5.88,,60.2,,0.11,1.88,1.72,1.83,2.76,0.4,,,,,
Pascal Stenzel,VfB Stuttgart,Bundesliga,2025/26,FB,28,1382,58.0,,,80.2,,,,,4.15,,4.07,1.81,68.3,2.5,1.74,4.74,,50.8,,0.06,1.83,1.23,2.0,3.1,0.12,,,,,
Pascal Stenzel,VfB Stuttgart,Bundesliga,2024/25,FB,27,1382,58.0,,,81.8,,,,,4.23,,4.15,1.85,69.7,2.55,1.77,4.83,,51.8,,0.06,1.87,1.25,2.04,3.16,0.12,,,,,
Angelo Stiller,VfB Stuttgart,Bundesliga,2025/26,CM,23,2120,58.0,,,83.8,,,,,4.1,,6.29,2.91,62.3,3.41,1.26,7.08,1.33,47.0,,0.06,2.19,1.95,2.22,,,0.1,,,,
Angelo Stiller,VfB Stuttgart,Bundesliga,2024/25,CM,22,2120,58.0,,,80.4,,,,,3.94,,6.04,2.79,59.8,3.27,1.21,6.8,1.28,45.1,,0.06,2.1,1.87,2.13,,,0.1,,,,
Atakan Karazor,VfB Stuttgart,Bundesliga,2025/26,CM,28,3197,58.0,,,79.8,,,,,4.52,,4.65,1.4,59.9,3.16,1.6,8.04,0.84,42.2,,0.21,4.41,1.6,1.32,,,0.08,,,,
Atakan Karazor,VfB Stuttgart,Bundesliga,2024/25,CM,27,3197,58.0,,,81.4,,,,,4.61,,4.74,1.43,61.1,3.22,1.63,8.2,0.86,43.0,,0.21,4.5,1.63,1.35,,,0.08,,,,
Enzo Millot,VfB Stuttgart,Bundesliga,2025/26,CM,22,1833,58.0,,,84.9,,,,,6.71,,3.75,2.03,55.9,3.39,1.94,8.04,1.04,53.7,,0.24,2.71,1.67,2.48,,,0.06,,,,
Enzo Millot,VfB Stuttgart,Bundesliga,2024/25,CM,21,1833,58.0,,,81.5,,,,,6.44,,3.6,1.95,53.7,3.25,1.86,7.72,1.0,51.6,,0.23,2.6,1.6,2.38,,,0.06,,,,
Fabian Rieder,VfB Stuttgart,Bundesliga,2025/26,CM,22,1979,58.0,,,78.6,,,,,4.79,,5.21,2.38,47.8,3.98,2.37,6.85,0.94,60.8,,0.19,1.86,2.45,1.72,,,0.08,,,,
Fabian Rieder,VfB Stuttgart,Bundesliga,2024/25,CM,21,1979,58.0,,,75.5,,,,,4.6,,5.0,2.28,45.9,3.82,2.28,6.58,0.9,58.4,,0.18,1.79,2.35,1.65,,,0.08,,,,
Chris Führich,VfB Stuttgart,Bundesliga,2025/26,W,26,2841,58.0,,,,,,,,2.76,,,3.58,51.4,0.77,0.57,5.32,,,,0.21,4.62,2.34,,5.36,1.07,0.43,2.33,4.93,2.5,
Chris Führich,VfB Stuttgart,Bundesliga,2024/25,W,25,2841,58.0,,,,,,,,2.82,,,3.65,52.4,0.79,0.58,5.43,,,,0.21,4.71,2.39,,5.47,1.09,0.44,2.38,5.03,2.55,
Jamie Leweling,VfB Stuttgart,Bundesliga,2025/26,W,23,2192,58.0,,,,,,,,2.59,,,4.96,65.0,1.6,1.04,4.37,,,,0.25,4.96,1.62,,5.93,0.59,0.43,2.07,4.19,2.35,
Jamie Leweling,VfB Stuttgart,Bundesliga,2024/25,W,22,2192,58.0,,,,,,,,2.49,,,4.76,62.4,1.54,1.0,4.2,,,,0.24,4.76,1.56,,5.69,0.57,0.41,1.99,4.02,2.26,
Justin Diehl,VfB Stuttgart,Bundesliga,2025/26,W,20,1572,58.0,,,,,,,,3.52,,,6.65,51.8,1.8,0.65,5.89,,,,0.2,3.65,2.43,,4.59,0.41,0.44,3.21,4.64,3.47,
Justin Diehl,VfB Stuttgart,Bundesliga,2024/25,W,19,1336,58.0,,,,,,,,3.24,,,6.12,47.7,1.66,0.6,5.42,,,,0.18,3.36,2.24,,4.22,0.38,0.4,2.95,4.27,3.19,
Deniz Undav,VfB Stuttgart,Bundesliga,2025/26,ST,28,2159,58.0,,,63.1,,,,,,,,,,1.19,,2.18,,46.4,,0.19,2.32,1.48,,,0.78,0.73,4.25,6.1,1.2,43.8
Deniz Undav,VfB Stuttgart,Bundesliga,2024/25,ST,27,2159,58.0,,,64.4,,,,,,,,,,1.21,,2.22,,47.3,,0.19,2.37,1.51,,,0.8,0.74,4.33,6.22,1.22,44.7
Ermedin Demirovic,VfB Stuttgart,Bundesliga,2025/26,ST,26,1128,58.0,,,60.7,,,,,,,,,,1.5,,3.34,,42.9,,0.19,3.02,1.81,,,0.58,0.73,4.2,5.52,0.6,52.2
Ermedin Demirovic,VfB Stuttgart,Bundesliga,2024/25,ST,25,1128,58.0,,,61.9,,,,,,,,,,1.53,,3.41,,43.8,,0.19,3.08,1.85,,,0.59,0.74,4.28,5.63,0.61,53.2
El Bilal Toure,VfB Stuttgart,Bundesliga,2025/26,ST,23,1170,58.0,,,75.9,,,,,,,,,,1.03,,1.79,,46.1,,0.19,3.31,0.57,,,0.42,0.52,2.7,7.49,0.94,47.7
El Bilal Toure,VfB Stuttgart,Bundesliga,2024/25,ST,22,1170,58.0,,,72.9,,,,,,,,,,0.99,,1.72,,44.3,,0.18,3.18,0.55,,,0.4,0.5,2.59,7.19,0.9,45.8
Peter Gulacsi,RB Leipzig,Bundesliga,2025/26,GK,34,3118,55.0,0.18,63.6,68.5,45.2,1.27,9.1,15.0,,,,,,,,,,,,,,,,,,,,,,
Peter Gulacsi,RB Leipzig,Bundesliga,2024/25,GK,33,3118,55.0,0.19,66.8,71.9,47.5,1.33,10.0,15.75,,,,,,,,,,,,,,,,,,,,,,
Maarten Vandevoordt,RB Leipzig,Bundesliga,2025/26,GK,22,3188,55.0,-0.2,69.2,70.1,36.4,0.52,10.2,17.4,,,,,,,,,,,,,,,,,,,,,,
Maarten Vandevoordt,RB Leipzig,Bundesliga,2024/25,GK,21,3188,55.0,0.0,66.4,67.3,34.9,0.5,10.0,16.7,,,,,,,,,,,,,,,,,,,,,,
Willi Orban,RB Leipzig,Bundesliga,2025/26,CB,32,3038,55.0,,,77.7,,,,,3.77,286.4,4.14,1.46,62.7,1.5,2.27,4.7,1.58,64.7,64.7,,,,,,,,,,,
Willi Orban,RB Leipzig,Bundesliga,2024/25,CB,31,3038,55.0,,,81.6,,,,,3.96,300.72,4.35,1.53,65.8,1.58,2.38,4.94,1.66,67.9,67.9,,,,,,,,,,,
Castello Lukeba,RB Leipzig,Bundesliga,2025/26,CB,22,3142,55.0,,,81.1,,,,,3.18,374.8,1.6,1.75,61.9,1.02,2.3,6.72,2.46,73.2,74.9,,,,,,,,,,,
Castello Lukeba,RB Leipzig,Bundesliga,2024/25,CB,21,3142,55.0,,,77.9,,,,,3.05,359.81,1.54,1.68,59.4,0.98,2.21,6.45,2.36,70.3,71.9,,,,,,,,,,,
Lutsharel Geertruida,RB Leipzig,Bundesliga,2025/26,CB,24,1972,55.0,,,88.2,,,,,2.92,400.5,2.49,0.79,57.5,2.51,2.15,6.38,1.21,56.9,72.5,,,,,,,,,,,
Lutsharel Geertruida,RB Leipzig,Bundesliga,2024/25,CB,23,1972,55.0,,,84.7,,,,,2.8,384.48,2.39,0.76,55.2,2.41,2.06,6.12,1.16,54.6,69.6,,,,,,,,,,,
El Chadaille Bitshiabu,RB Leipzig,Bundesliga,2025/26,CB,19,961,55.0,,,80.3,,,,,3.76,344.9,4.8,0.64,58.9,2.49,1.26,4.46,1.81,74.4,70.6,,,,,,,,,,,
El Chadaille Bitshiabu,RB Leipzig,Bundesliga,2024/25,CB,18,900,55.0,,,73.9,,,,,3.46,317.31,4.42,0.59,54.2,2.29,1.16,4.1,1.67,68.4,65.0,,,,,,,,,,,
David Raum,RB Leipzig,Bundesliga,2025/26,FB,26,1916,55.0,,,84.5,,,,,5.99,,2.35,2.35,44.2,3.43,2.29,6.67,,64.2,,0.22,2.01,1.95,1.46,3.89,0.59,,,,,
David Raum,RB Leipzig,Bundesliga,2024/25,FB,25,1916,55.0,,,86.2,,,,,6.11,,2.4,2.4,45.1,3.5,2.34,6.8,,65.5,,0.22,2.05,1.99,1.49,3.97,0.6,,,,,
Benjamin Henrichs,RB Leipzig,Bundesliga,2025/26,FB,27,3082,55.0,,,78.2,,,,,5.69,,3.75,3.18,68.2,1.72,1.35,4.58,,54.0,,0.12,3.08,0.82,1.57,3.47,0.54,,,,,
Benjamin Henrichs,RB Leipzig,Bundesliga,2024/25,FB,26,3082,55.0,,,79.8,,,,,5.8,,3.83,3.24,69.6,1.75,1.38,4.67,,55.1,,0.12,3.14,0.84,1.6,3.54,0.55,,,,,
Amadou Haidara,RB Leipzig,Bundesliga,2025/26,CM,26,1706,55.0,,,76.8,,,,,4.23,,6.98,1.09,48.5,2.09,1.81,6.55,1.25,63.7,,0.18,2.89,1.99,1.8,,,0.1,,,,
Amadou Haidara,RB Leipzig,Bundesliga,2024/25,CM,25,1706,55.0,,,78.3,,,,,4.31,,7.12,1.11,49.5,2.13,1.85,6.68,1.27,65.0,,0.18,2.95,2.03,1.84,,,0.1,,,,
Kevin Kampl,RB Leipzig,Bundesliga,2025/26,CM,34,3012,55.0,,,82.3,,,,,6.04,,3.13,3.38,56.1,2.61,2.43,8.42,0.92,57.1,,0.2,1.96,1.51,0.7,,,0.07,,,,
Kevin Kampl,RB Leipzig,Bundesliga,2024/25,CM,33,3012,55.0,,,86.4,,,,,6.34,,3.29,3.55,58.9,2.74,2.55,8.84,0.97,60.0,,0.21,2.06,1.59,0.73,,,0.07,,,,
Nicolas Seiwald,RB Leipzig,Bundesliga,2025/26,CM,23,3030,55.0,,,89.2,,,,,8.12,,3.85,1.23,64.2,3.93,1.08,6.33,1.99,59.7,,0.18,1.68,1.27,2.44,,,0.14,,,,
Nicolas Seiwald,RB Leipzig,Bundesliga,2024/25,CM,22,3030,55.0,,,85.6,,,,,7.8,,3.7,1.18,61.6,3.77,1.04,6.08,1.91,57.3,,0.17,1.61,1.22,2.34,,,0.13,,,,
Xaver Schlager,RB Leipzig,Bundesliga,2025/26,CM,27,1640,55.0,,,79.9,,,,,4.74,,3.01,3.25,70.8,1.86,1.19,6.0,1.01,56.5,,0.2,2.12,1.17,2.24,,,0.03,,,,
Xaver Schlager,RB Leipzig,Bundesliga,2024/25,CM,26,1640,55.0,,,81.5,,,,,4.83,,3.07,3.31,72.2,1.9,1.21,6.12,1.03,57.6,,0.2,2.16,1.19,2.28,,,0.03,,,,
Arthur Vermeeren,RB Leipzig,Bundesliga,2025/26,CM,19,905,55.0,,,79.0,,,,,4.63,,3.45,2.05,46.9,2.62,1.54,7.37,1.34,45.5,,0.12,3.87,1.8,0.53,,,0.04,,,,
Arthur Vermeeren,RB Leipzig,Bundesliga,2024/25,CM,18,900,55.0,,,72.7,,,,,4.26,,3.17,1.89,43.1,2.41,1.42,6.78,1.23,41.9,,0.11,3.56,1.66,0.49,,,0.04,,,,
Xavi Simons,RB Leipzig,Bundesliga,2025/26,W,21,977,55.0,,,,,,,,3.71,,,6.39,65.0,1.39,1.4,3.97,,,,0.33,4.48,2.28,,3.16,0.43,0.37,2.1,5.57,1.27,
Xavi Simons,RB Leipzig,Bundesliga,2024/25,W,20,977,55.0,,,,,,,,3.41,,,5.88,59.8,1.28,1.29,3.65,,,,0.3,4.12,2.1,,2.91,0.4,0.34,1.93,5.12,1.17,
Christoph Baumgartner,RB Leipzig,Bundesliga,2025/26,W,25,1316,55.0,,,,,,,,2.4,,,5.42,51.3,1.8,1.27,5.16,,,,0.28,4.15,2.54,,5.65,0.49,0.23,2.15,6.98,2.75,
Christoph Baumgartner,RB Leipzig,Bundesliga,2024/25,W,24,1316,55.0,,,,,,,,2.45,,,5.53,52.3,1.84,1.3,5.26,,,,0.29,4.23,2.59,,5.76,0.5,0.23,2.19,7.12,2.81,
Antonio Nusa,RB Leipzig,Bundesliga,2025/26,W,19,2649,55.0,,,,,,,,5.81,,,4.02,47.8,0.68,0.59,4.3,,,,0.23,4.98,1.85,,4.56,0.97,0.42,2.3,5.92,2.72,
Antonio Nusa,RB Leipzig,Bundesliga,2024/25,W,18,2251,55.0,,,,,,,,5.35,,,3.7,44.0,0.63,0.54,3.96,,,,0.21,4.58,1.7,,4.2,0.89,0.39,2.12,5.45,2.5,
Lois Openda,RB Leipzig,Bundesliga,2025/26,ST,24,2326,55.0,,,75.0,,,,,,,,,,1.1,,3.44,,43.2,,0.07,2.21,1.5,,,0.63,0.71,3.61,6.25,1.8,46.7
Lois Openda,RB Leipzig,Bundesliga,2024/25,ST,23,2326,55.0,,,72.0,,,,,,,,,,1.06,,3.3,,41.5,,0.07,2.12,1.44,,,0.6,0.68,3.47,6.0,1.73,44.8
Benjamin Sesko,RB Leipzig,Bundesliga,2025/26,ST,21,2240,55.0,,,65.6,,,,,,,,,,1.27,,2.62,,56.2,,0.12,2.61,0.67,,,0.46,0.35,3.51,5.93,0.84,38.1
Benjamin Sesko,RB Leipzig,Bundesliga,2024/25,ST,20,2240,55.0,,,60.4,,,,,,,,,,1.17,,2.41,,51.7,,0.11,2.4,0.62,,,0.42,0.32,3.23,5.46,0.77,35.1
Yussuf Poulsen,RB Leipzig,Bundesliga,2025/26,ST,30,3080,55.0,,,60.1,,,,,,,,,,0.64,,2.3,,39.5,,0.19,2.12,1.01,,,0.54,0.31,4.36,5.07,1.8,51.6
Yussuf Poulsen,RB Leipzig,Bundesliga,2024/25,ST,29,3080,55.0,,,61.3,,,,,,,,,,0.65,,2.35,,40.3,,0.19,2.16,1.03,,,0.55,0.32,4.45,5.17,1.84,52.6
Kevin Trapp,Eintracht Frankfurt,Bundesliga,2025/26,GK,34,1388,49.5,-0.1,60.0,72.1,44.3,0.87,9.0,15.1,,,,,,,,,,,,,,,,,,,,,,
Kevin Trapp,Eintracht Frankfurt,Bundesliga,2024/25,GK,33,1388,49.5,0.0,63.0,75.7,46.5,0.91,10.0,15.86,,,,,,,,,,,,,,,,,,,,,,
Kaua Santos,Eintracht Frankfurt,Bundesliga,2025/26,GK,21,2277,49.5,-0.25,70.5,75.1,54.7,1.61,6.5,14.8,,,,,,,,,,,,,,,,,,,,,,
Kaua Santos,Eintracht Frankfurt,Bundesliga,2024/25,GK,20,2277,49.5,0.0,64.9,69.1,50.3,1.48,10.0,13.62,,,,,,,,,,,,,,,,,,,,,,
Robin Koch,Eintracht Frankfurt,Bundesliga,2025/26,CB,28,2384,49.5,,,91.7,,,,,3.01,204.1,5.05,1.02,72.0,2.26,2.16,6.57,1.5,55.9,70.9,,,,,,,,,,,
Robin Koch,Eintracht Frankfurt,Bundesliga,2024/25,CB,27,2384,49.5,,,93.5,,,,,3.07,208.18,5.15,1.04,73.4,2.31,2.2,6.7,1.53,57.0,72.3,,,,,,,,,,,
Tuta,Eintracht Frankfurt,Bundesliga,2025/26,CB,25,1517,49.5,,,89.1,,,,,4.74,445.2,3.65,0.77,54.0,2.43,2.42,4.13,1.3,70.8,77.7,,,,,,,,,,,
Tuta,Eintracht Frankfurt,Bundesliga,2024/25,CB,24,1517,49.5,,,90.9,,,,,4.83,454.1,3.72,0.79,55.1,2.48,2.47,4.21,1.33,72.2,79.3,,,,,,,,,,,
Arthur Theate,Eintracht Frankfurt,Bundesliga,2025/26,CB,24,2092,49.5,,,90.9,,,,,4.06,447.3,3.94,0.88,72.6,1.38,1.54,6.73,2.3,61.6,62.5,,,,,,,,,,,
Arthur Theate,Eintracht Frankfurt,Bundesliga,2024/25,CB,23,2092,49.5,,,87.3,,,,,3.9,429.41,3.78,0.84,69.7,1.32,1.48,6.46,2.21,59.1,60.0,,,,,,,,,,,
Aurele Amenda,Eintracht Frankfurt,Bundesliga,2025/26,CB,21,2307,49.5,,,82.4,,,,,3.6,309.9,5.8,1.01,55.6,2.38,1.55,6.79,1.4,56.7,68.5,,,,,,,,,,,
Aurele Amenda,Eintracht Frankfurt,Bundesliga,2024/25,CB,20,2307,49.5,,,75.8,,,,,3.31,285.11,5.34,0.93,51.2,2.19,1.43,6.25,1.29,52.2,63.0,,,,,,,,,,,
Rasmus Kristensen,Eintracht Frankfurt,Bundesliga,2025/26,FB,27,2563,49.5,,,71.4,,,,,5.64,,3.81,2.27,60.7,2.2,1.06,7.11,,65.0,,0.17,3.14,1.56,1.14,2.28,0.28,,,,,
Rasmus Kristensen,Eintracht Frankfurt,Bundesliga,2024/25,FB,26,2563,49.5,,,72.8,,,,,5.75,,3.89,2.32,61.9,2.24,1.08,7.25,,66.3,,0.17,3.2,1.59,1.16,2.33,0.29,,,,,
Niels Nkounkou,Eintracht Frankfurt,Bundesliga,2025/26,FB,24,1924,49.5,,,77.3,,,,,5.05,,2.48,3.37,65.5,2.86,1.66,4.88,,56.1,,0.18,3.08,0.88,1.84,1.09,0.22,,,,,
Niels Nkounkou,Eintracht Frankfurt,Bundesliga,2024/25,FB,23,1924,49.5,,,74.2,,,,,4.85,,2.38,3.24,62.9,2.75,1.59,4.68,,53.9,,0.17,2.96,0.84,1.77,1.05,0.21,,,,,
Timothy Chandler,Eintracht Frankfurt,Bundesliga,2025/26,FB,34,2283,49.5,,,87.1,,,,,4.49,,3.72,3.41,51.9,2.8,1.37,4.84,,52.5,,0.13,2.63,1.65,1.86,2.59,0.47,,,,,
Timothy Chandler,Eintracht Frankfurt,Bundesliga,2024/25,FB,33,2283,49.5,,,91.5,,,,,4.71,,3.91,3.58,54.5,2.94,1.44,5.08,,55.1,,0.14,2.76,1.73,1.95,2.72,0.49,,,,,
Ellyes Skhiri,Eintracht Frankfurt,Bundesliga,2025/26,CM,29,2385,49.5,,,84.2,,,,,7.47,,3.8,3.5,49.1,1.69,1.26,7.85,2.0,60.3,,0.07,3.82,2.0,0.93,,,0.14,,,,
Ellyes Skhiri,Eintracht Frankfurt,Bundesliga,2024/25,CM,28,2385,49.5,,,85.9,,,,,7.62,,3.88,3.57,50.1,1.72,1.29,8.01,2.04,61.5,,0.07,3.9,2.04,0.95,,,0.14,,,,
Hugo Larsson,Eintracht Frankfurt,Bundesliga,2025/26,CM,20,2109,49.5,,,77.4,,,,,7.55,,3.7,2.75,55.8,2.06,2.48,8.17,1.08,52.4,,0.19,3.15,1.29,1.1,,,0.11,,,,
Hugo Larsson,Eintracht Frankfurt,Bundesliga,2024/25,CM,19,1792,49.5,,,71.2,,,,,6.95,,3.4,2.53,51.3,1.9,2.28,7.52,0.99,48.2,,0.17,2.9,1.19,1.01,,,0.1,,,,
Mario Götze,Eintracht Frankfurt,Bundesliga,2025/26,CM,32,2278,49.5,,,76.3,,,,,5.55,,5.88,3.5,60.8,3.42,2.24,5.3,1.97,56.1,,0.12,3.91,1.74,1.72,,,0.09,,,,
Mario Götze,Eintracht Frankfurt,Bundesliga,2024/25,CM,31,2278,49.5,,,80.1,,,,,5.83,,6.17,3.68,63.8,3.59,2.35,5.57,2.07,58.9,,0.13,4.11,1.83,1.81,,,0.09,,,,
Mahmoud Dahoud,Eintracht Frankfurt,Bundesliga,2025/26,CM,28,2643,49.5,,,83.8,,,,,7.84,,5.01,1.32,71.0,3.58,1.78,6.22,0.99,63.4,,0.15,1.89,2.21,1.6,,,0.08,,,,
Mahmoud Dahoud,Eintracht Frankfurt,Bundesliga,2024/25,CM,27,2643,49.5,,,85.5,,,,,8.0,,5.11,1.35,72.4,3.65,1.82,6.34,1.01,64.7,,0.15,1.93,2.25,1.63,,,0.08,,,,
Fares Chaibi,Eintracht Frankfurt,Bundesliga,2025/26,W,22,1723,49.5,,,,,,,,3.21,,,3.5,53.8,0.84,1.44,3.46,,,,0.34,5.18,1.9,,6.18,0.89,0.25,3.19,4.0,2.33,
Fares Chaibi,Eintracht Frankfurt,Bundesliga,2024/25,W,21,1723,49.5,,,,,,,,3.08,,,3.36,51.6,0.81,1.38,3.32,,,,0.33,4.97,1.82,,5.93,0.85,0.24,3.06,3.84,2.24,
Ansgar Knauff,Eintracht Frankfurt,Bundesliga,2025/26,W,22,2182,49.5,,,,,,,,5.07,,,5.6,54.4,1.5,1.13,3.87,,,,0.26,4.98,2.15,,6.21,1.16,0.4,1.56,3.18,2.04,
Ansgar Knauff,Eintracht Frankfurt,Bundesliga,2024/25,W,21,2182,49.5,,,,,,,,4.87,,,5.38,52.2,1.44,1.08,3.72,,,,0.25,4.78,2.06,,5.96,1.11,0.38,1.5,3.05,1.96,
Eric Junior Dina Ebimbe,Eintracht Frankfurt,Bundesliga,2025/26,W,24,2778,49.5,,,,,,,,3.36,,,4.86,50.4,1.14,1.49,4.04,,,,0.31,3.72,2.55,,3.79,0.66,0.22,2.41,5.75,1.36,
Eric Junior Dina Ebimbe,Eintracht Frankfurt,Bundesliga,2024/25,W,23,2778,49.5,,,,,,,,3.23,,,4.67,48.4,1.09,1.43,3.88,,,,0.3,3.57,2.45,,3.64,0.63,0.21,2.31,5.52,1.31,
Omar Marmoush,Eintracht Frankfurt,Bundesliga,2025/26,ST,25,2317,49.5,,,77.3,,,,,,,,,,1.31,,3.3,,46.2,,0.08,1.6,1.92,,,0.78,0.56,2.71,4.49,1.13,39.8
Omar Marmoush,Eintracht Frankfurt,Bundesliga,2024/25,ST,24,2317,49.5,,,78.8,,,,,,,,,,1.34,,3.37,,47.1,,0.08,1.63,1.96,,,0.8,0.57,2.76,4.58,1.15,40.6
Hugo Ekitike,Eintracht Frankfurt,Bundesliga,2025/26,ST,22,3166,49.5,,,67.9,,,,,,,,,,0.55,,2.67,,46.7,,0.23,2.49,0.64,,,0.34,0.66,2.88,7.98,1.19,38.2
Hugo Ekitike,Eintracht Frankfurt,Bundesliga,2024/25,ST,21,3166,49.5,,,65.2,,,,,,,,,,0.53,,2.56,,44.8,,0.22,2.39,0.61,,,0.33,0.63,2.76,7.66,1.14,36.7
Igor Matanovic,Eintracht Frankfurt,Bundesliga,2025/26,ST,21,1952,49.5,,,74.6,,,,,,,,,,1.07,,2.3,,48.4,,0.22,2.36,1.82,,,0.42,0.55,4.26,5.88,1.65,48.1
Igor Matanovic,Eintracht Frankfurt,Bundesliga,2024/25,ST,20,1952,49.5,,,68.6,,,,,,,,,,0.98,,2.12,,44.5,,0.2,2.17,1.67,,,0.39,0.51,3.92,5.41,1.52,44.3
Oliver Baumann,Hoffenheim,Bundesliga,2025/26,GK,34,1597,49.0,-0.05,65.8,72.7,41.3,1.6,10.4,15.7,,,,,,,,,,,,,,,,,,,,,,
Oliver Baumann,Hoffenheim,Bundesliga,2024/25,GK,33,1597,49.0,0.0,69.1,76.3,43.4,1.68,10.9,16.48,,,,,,,,,,,,,,,,,,,,,,
Luca Philipp,Hoffenheim,Bundesliga,2025/26,GK,24,1286,49.0,-0.21,61.9,72.5,54.7,1.62,6.3,12.9,,,,,,,,,,,,,,,,,,,,,,
Luca Philipp,Hoffenheim,Bundesliga,2024/25,GK,23,1286,49.0,0.0,59.4,69.6,52.5,1.56,10.0,12.38,,,,,,,,,,,,,,,,,,,,,,
Ozan Kabak,Hoffenheim,Bundesliga,2025/26,CB,24,2885,49.0,,,81.8,,,,,2.16,209.7,4.71,1.71,65.6,1.3,2.34,4.49,2.4,61.4,67.9,,,,,,,,,,,
Ozan Kabak,Hoffenheim,Bundesliga,2024/25,CB,23,2885,49.0,,,78.5,,,,,2.07,201.31,4.52,1.64,63.0,1.25,2.25,4.31,2.3,58.9,65.2,,,,,,,,,,,
Kevin Akpoguma,Hoffenheim,Bundesliga,2025/26,CB,29,2025,49.0,,,85.1,,,,,4.03,327.4,3.7,1.34,64.2,1.03,1.5,4.38,1.62,61.2,78.0,,,,,,,,,,,
Kevin Akpoguma,Hoffenheim,Bundesliga,2024/25,CB,28,2025,49.0,,,86.8,,,,,4.11,333.95,3.77,1.37,65.5,1.05,1.53,4.47,1.65,62.4,79.6,,,,,,,,,,,
Stanley Nsoki,Hoffenheim,Bundesliga,2025/26,CB,25,909,49.0,,,85.1,,,,,3.06,363.9,5.87,1.37,56.8,1.1,1.72,5.83,2.08,70.5,67.6,,,,,,,,,,,
Stanley Nsoki,Hoffenheim,Bundesliga,2024/25,CB,24,909,49.0,,,86.8,,,,,3.12,371.18,5.99,1.4,57.9,1.12,1.75,5.95,2.12,71.9,69.0,,,,,,,,,,,
Anton Stach,Hoffenheim,Bundesliga,2025/26,CB,26,1792,49.0,,,75.5,,,,,5.79,227.5,1.59,0.97,54.5,2.38,1.62,6.71,2.38,72.5,74.7,,,,,,,,,,,
Anton Stach,Hoffenheim,Bundesliga,2024/25,CB,25,1792,49.0,,,77.0,,,,,5.91,232.05,1.62,0.99,55.6,2.43,1.65,6.84,2.43,74.0,76.2,,,,,,,,,,,
Pavel Kaderabek,Hoffenheim,Bundesliga,2025/26,FB,32,1055,49.0,,,78.6,,,,,4.51,,3.38,3.89,56.4,2.85,2.3,6.54,,46.6,,0.19,2.54,1.59,2.5,2.6,0.5,,,,,
Pavel Kaderabek,Hoffenheim,Bundesliga,2024/25,FB,31,1055,49.0,,,82.5,,,,,4.74,,3.55,4.08,59.2,2.99,2.42,6.87,,48.9,,0.2,2.67,1.67,2.62,2.73,0.53,,,,,
Alexander Prass,Hoffenheim,Bundesliga,2025/26,FB,23,2783,49.0,,,87.5,,,,,4.19,,2.62,2.22,49.5,2.2,2.4,6.89,,43.0,,0.09,1.99,1.58,0.95,3.11,0.24,,,,,
Alexander Prass,Hoffenheim,Bundesliga,2024/25,FB,22,2783,49.0,,,84.0,,,,,4.02,,2.52,2.13,47.5,2.11,2.3,6.61,,41.3,,0.09,1.91,1.52,0.91,2.99,0.23,,,,,
Valentin Gendrey,Hoffenheim,Bundesliga,2025/26,FB,24,3024,49.0,,,84.5,,,,,4.16,,4.14,2.22,53.3,2.01,1.72,5.11,,63.3,,0.13,3.46,1.95,2.41,2.04,0.37,,,,,
Valentin Gendrey,Hoffenheim,Bundesliga,2024/25,FB,23,3024,49.0,,,81.1,,,,,3.99,,3.97,2.13,51.2,1.93,1.65,4.91,,60.8,,0.12,3.32,1.87,2.31,1.96,0.36,,,,,
Florian Grillitsch,Hoffenheim,Bundesliga,2025/26,CM,29,1912,49.0,,,83.0,,,,,7.19,,4.65,1.13,66.5,1.75,2.16,5.02,1.46,63.2,,0.17,3.26,1.21,1.84,,,0.04,,,,
Florian Grillitsch,Hoffenheim,Bundesliga,2024/25,CM,28,1912,49.0,,,84.7,,,,,7.33,,4.74,1.15,67.8,1.79,2.2,5.12,1.49,64.5,,0.17,3.33,1.23,1.88,,,0.04,,,,
Grischa Prömel,Hoffenheim,Bundesliga,2025/26,CM,29,2466,49.0,,,79.3,,,,,5.43,,6.07,1.15,64.6,2.08,2.11,8.4,0.84,63.0,,0.23,2.93,1.91,2.01,,,0.1,,,,
Grischa Prömel,Hoffenheim,Bundesliga,2024/25,CM,28,2466,49.0,,,80.9,,,,,5.54,,6.19,1.17,65.9,2.12,2.15,8.57,0.86,64.3,,0.23,2.99,1.95,2.05,,,0.1,,,,
Dennis Geiger,Hoffenheim,Bundesliga,2025/26,CM,26,2511,49.0,,,82.4,,,,,8.68,,6.7,3.41,71.3,1.52,1.85,5.43,1.98,47.1,,0.09,4.26,2.5,1.29,,,0.13,,,,
Dennis Geiger,Hoffenheim,Bundesliga,2024/25,CM,25,2511,49.0,,,84.0,,,,,8.85,,6.83,3.48,72.7,1.55,1.89,5.54,2.02,48.0,,0.09,4.35,2.55,1.32,,,0.13,,,,
Tom Bischof,Hoffenheim,Bundesliga,2025/26,CM,19,3025,49.0,,,87.1,,,,,5.65,,5.59,2.83,66.6,1.54,1.51,6.18,1.61,44.8,,0.23,1.9,1.66,1.05,,,0.09,,,,
Tom Bischof,Hoffenheim,Bundesliga,2024/25,CM,18,2571,49.0,,,80.1,,,,,5.2,,5.14,2.6,61.3,1.42,1.39,5.69,1.48,41.2,,0.21,1.75,1.53,0.97,,,0.08,,,,
Andrej Kramaric,Hoffenheim,Bundesliga,2025/26,W,33,2460,49.0,,,,,,,,3.04,,,3.99,48.1,2.41,0.8,5.17,,,,0.25,2.76,2.36,,3.7,0.31,0.4,2.84,3.74,1.59,
Andrej Kramaric,Hoffenheim,Bundesliga,2024/25,W,32,2460,49.0,,,,,,,,3.19,,,4.19,50.5,2.53,0.84,5.43,,,,0.26,2.9,2.48,,3.89,0.33,0.42,2.98,3.93,1.67,
Marius Bülter,Hoffenheim,Bundesliga,2025/26,W,31,2272,49.0,,,,,,,,3.24,,,5.81,62.4,1.09,1.11,3.66,,,,0.16,2.85,2.65,,5.51,0.42,0.36,2.11,4.62,1.29,
Marius Bülter,Hoffenheim,Bundesliga,2024/25,W,30,2272,49.0,,,,,,,,3.4,,,6.1,65.5,1.14,1.17,3.84,,,,0.17,2.99,2.78,,5.79,0.44,0.38,2.22,4.85,1.35,
Jacob Bruun Larsen,Hoffenheim,Bundesliga,2025/26,W,26,1427,49.0,,,,,,,,5.05,,,6.3,60.0,2.07,1.03,4.58,,,,0.35,3.62,2.07,,6.79,0.63,0.29,2.9,6.65,2.7,
Jacob Bruun Larsen,Hoffenheim,Bundesliga,2024/25,W,25,1427,49.0,,,,,,,,5.15,,,6.43,61.2,2.11,1.05,4.67,,,,0.36,3.69,2.11,,6.93,0.64,0.3,2.96,6.78,2.75,
Ihlas Bebou,Hoffenheim,Bundesliga,2025/26,ST,30,3110,49.0,,,73.6,,,,,,,,,,0.95,,3.3,,48.4,,0.08,3.21,1.16,,,0.49,0.36,4.16,4.81,1.58,53.1
Ihlas Bebou,Hoffenheim,Bundesliga,2024/25,ST,29,3110,49.0,,,75.1,,,,,,,,,,0.97,,3.37,,49.4,,0.08,3.27,1.18,,,0.5,0.37,4.24,4.91,1.61,54.2
Adam Hlozek,Hoffenheim,Bundesliga,2025/26,ST,22,1027,49.0,,,76.3,,,,,,,,,,0.84,,1.59,,46.6,,0.21,2.95,1.09,,,0.55,0.53,3.53,4.23,1.62,44.1
Adam Hlozek,Hoffenheim,Bundesliga,2024/25,ST,21,1027,49.0,,,73.2,,,,,,,,,,0.81,,1.53,,44.7,,0.2,2.83,1.05,,,0.53,0.51,3.39,4.06,1.56,42.3
Haris Tabakovic,Hoffenheim,Bundesliga,2025/26,ST,30,1061,49.0,,,72.8,,,,,,,,,,1.39,,2.25,,46.8,,0.11,1.86,0.7,,,0.78,0.57,2.62,7.94,1.59,52.9
Haris Tabakovic,Hoffenheim,Bundesliga,2024/25,ST,29,1061,49.0,,,74.3,,,,,,,,,,1.42,,2.29,,47.7,,0.11,1.9,0.71,,,0.8,0.58,2.67,8.1,1.62,54.0
Max Moerstedt,Hoffenheim,Bundesliga,2025/26,ST,18,2637,49.0,,,63.6,,,,,,,,,,0.72,,2.96,,51.5,,0.16,2.81,1.02,,,0.52,0.73,4.31,6.73,1.31,42.5
Max Moerstedt,Hoffenheim,Bundesliga,2024/25,ST,17,2241,49.0,,,58.5,,,,,,,,,,0.66,,2.72,,47.4,,0.15,2.59,0.94,,,0.48,0.67,3.97,6.19,1.21,39.1
Kevin Müller,Heidenheim,Bundesliga,2025/26,GK,33,814,42.0,0.23,79.6,74.3,48.0,1.35,6.4,13.4,,,,,,,,,,,,,,,,,,,,,,
Kevin Müller,Heidenheim,Bundesliga,2024/25,GK,32,900,42.0,0.24,83.6,78.0,50.4,1.42,10.0,14.07,,,,,,,,,,,,,,,,,,,,,,
Frank Feller,Heidenheim,Bundesliga,2025/26,GK,21,2686,42.0,-0.06,65.5,83.7,48.1,0.73,10.3,14.5,,,,,,,,,,,,,,,,,,,,,,
Frank Feller,Heidenheim,Bundesliga,2024/25,GK,20,2686,42.0,0.0,60.3,77.0,44.3,0.67,10.0,13.34,,,,,,,,,,,,,,,,,,,,,,
Patrick Mainka,Heidenheim,Bundesliga,2025/26,CB,30,864,42.0,,,79.1,,,,,2.27,348.5,3.51,1.51,76.2,1.49,1.07,5.54,1.81,70.1,75.5,,,,,,,,,,,
Patrick Mainka,Heidenheim,Bundesliga,2024/25,CB,29,900,42.0,,,80.7,,,,,2.32,355.47,3.58,1.54,77.7,1.52,1.09,5.65,1.85,71.5,77.0,,,,,,,,,,,
Benedikt Gimber,Heidenheim,Bundesliga,2025/26,CB,27,1373,42.0,,,83.6,,,,,3.16,403.9,4.79,0.98,67.9,2.35,1.48,5.06,1.21,68.2,64.4,,,,,,,,,,,
Benedikt Gimber,Heidenheim,Bundesliga,2024/25,CB,26,1373,42.0,,,85.3,,,,,3.22,411.98,4.89,1.0,69.3,2.4,1.51,5.16,1.23,69.6,65.7,,,,,,,,,,,
Tim Siersleben,Heidenheim,Bundesliga,2025/26,CB,24,2030,42.0,,,79.7,,,,,4.23,347.9,4.81,0.76,70.4,2.11,1.07,5.21,1.96,62.6,70.5,,,,,,,,,,,
Tim Siersleben,Heidenheim,Bundesliga,2024/25,CB,23,2030,42.0,,,76.5,,,,,4.06,333.98,4.62,0.73,67.6,2.03,1.03,5.0,1.88,60.1,67.7,,,,,,,,,,,
Jonas Föhrenbach,Heidenheim,Bundesliga,2025/26,FB,29,2505,42.0,,,74.3,,,,,3.9,,2.43,3.64,41.7,2.33,1.62,6.09,,46.4,,0.13,2.1,1.06,1.58,2.39,0.29,,,,,
Jonas Föhrenbach,Heidenheim,Bundesliga,2024/25,FB,28,2505,42.0,,,75.8,,,,,3.98,,2.48,3.71,42.5,2.38,1.65,6.21,,47.3,,0.13,2.14,1.08,1.61,2.44,0.3,,,,,
Marnon Busch,Heidenheim,Bundesliga,2025/26,FB,30,2152,42.0,,,83.0,,,,,3.76,,4.02,2.17,66.2,1.88,2.14,6.67,,52.0,,0.18,3.34,1.99,0.68,2.81,0.38,,,,,
Marnon Busch,Heidenheim,Bundesliga,2024/25,FB,29,2152,42.0,,,84.7,,,,,3.84,,4.1,2.21,67.5,1.92,2.18,6.8,,53.0,,0.18,3.41,2.03,0.69,2.87,0.39,,,,,
Omar Traore,Heidenheim,Bundesliga,2025/26,FB,26,2163,42.0,,,83.3,,,,,5.99,,4.74,3.39,61.1,2.29,1.36,5.46,,51.7,,0.11,3.32,1.1,0.88,3.09,0.24,,,,,
Omar Traore,Heidenheim,Bundesliga,2024/25,FB,25,2163,42.0,,,85.0,,,,,6.11,,4.83,3.46,62.3,2.34,1.39,5.57,,52.7,,0.11,3.39,1.12,0.9,3.15,0.24,,,,,
Lennard Maloney,Heidenheim,Bundesliga,2025/26,CM,25,2271,42.0,,,85.8,,,,,7.81,,3.81,1.8,54.4,1.61,2.3,7.97,0.82,53.8,,0.12,4.15,1.59,2.11,,,0.06,,,,
Lennard Maloney,Heidenheim,Bundesliga,2024/25,CM,24,2271,42.0,,,87.5,,,,,7.97,,3.89,1.84,55.5,1.64,2.35,8.13,0.84,54.9,,0.12,4.23,1.62,2.15,,,0.06,,,,
Jan Schöppner,Heidenheim,Bundesliga,2025/26,CM,25,3192,42.0,,,87.5,,,,,6.5,,5.74,2.64,52.7,3.55,2.45,7.57,1.39,44.2,,0.13,1.96,1.36,1.26,,,0.1,,,,
Jan Schöppner,Heidenheim,Bundesliga,2024/25,CM,24,3192,42.0,,,89.2,,,,,6.63,,5.85,2.69,53.8,3.62,2.5,7.72,1.42,45.1,,0.13,2.0,1.39,1.29,,,0.1,,,,
Norman Theuerkauf,Heidenheim,Bundesliga,2025/26,CM,37,2242,42.0,,,84.6,,,,,4.29,,6.39,1.08,73.4,3.17,2.15,6.65,1.81,45.8,,0.19,2.96,2.36,1.58,,,0.04,,,,
Norman Theuerkauf,Heidenheim,Bundesliga,2024/25,CM,36,2242,42.0,,,88.8,,,,,4.5,,6.71,1.13,77.1,3.33,2.26,6.98,1.9,48.1,,0.2,3.11,2.48,1.66,,,0.04,,,,
Luka Janes,Heidenheim,Bundesliga,2025/26,CM,21,1418,42.0,,,84.2,,,,,6.42,,3.03,2.22,61.5,1.53,1.79,6.1,1.97,40.4,,0.15,2.62,1.85,1.83,,,0.02,,,,
Luka Janes,Heidenheim,Bundesliga,2024/25,CM,20,1418,42.0,,,77.5,,,,,5.91,,2.79,2.04,56.6,1.41,1.65,5.61,1.81,37.2,,0.14,2.41,1.7,1.68,,,0.02,,,,
Paul Wanner,Heidenheim,Bundesliga,2025/26,W,19,2563,42.0,,,,,,,,3.07,,,6.26,53.2,1.31,1.07,5.97,,,,0.33,2.82,1.67,,3.96,0.5,0.39,1.69,3.6,1.99,
Paul Wanner,Heidenheim,Bundesliga,2024/25,W,18,2178,42.0,,,,,,,,2.82,,,5.76,48.9,1.21,0.98,5.49,,,,0.3,2.59,1.54,,3.64,0.46,0.36,1.55,3.31,1.83,
Leo Scienza,Heidenheim,Bundesliga,2025/26,W,26,1130,42.0,,,,,,,,2.69,,,3.04,41.4,2.07,1.07,5.57,,,,0.32,4.78,1.78,,5.76,0.39,0.35,1.69,4.52,2.25,
Leo Scienza,Heidenheim,Bundesliga,2024/25,W,25,1130,42.0,,,,,,,,2.74,,,3.1,42.2,2.11,1.09,5.68,,,,0.33,4.88,1.82,,5.88,0.4,0.36,1.72,4.61,2.29,
Adrian Beck,Heidenheim,Bundesliga,2025/26,W,27,2963,42.0,,,,,,,,3.12,,,5.74,63.1,0.86,1.35,3.05,,,,0.2,5.2,2.18,,4.36,0.49,0.43,2.88,5.27,2.36,
Adrian Beck,Heidenheim,Bundesliga,2024/25,W,26,2963,42.0,,,,,,,,3.18,,,5.85,64.4,0.88,1.38,3.11,,,,0.2,5.3,2.22,,4.45,0.5,0.44,2.94,5.38,2.41,
Sirlord Conteh,Heidenheim,Bundesliga,2025/26,W,28,1390,42.0,,,,,,,,5.59,,,4.56,60.9,0.78,1.49,5.17,,,,0.29,3.69,2.36,,4.2,0.75,0.38,1.65,3.65,1.83,
Sirlord Conteh,Heidenheim,Bundesliga,2024/25,W,27,1390,42.0,,,,,,,,5.7,,,4.65,62.1,0.8,1.52,5.27,,,,0.3,3.76,2.41,,4.28,0.77,0.39,1.68,3.72,1.87,
Marvin Pieringer,Heidenheim,Bundesliga,2025/26,ST,25,2216,42.0,,,60.6,,,,,,,,,,0.86,,2.48,,54.2,,0.24,2.29,1.66,,,0.8,0.33,3.37,5.36,0.91,51.8
Marvin Pieringer,Heidenheim,Bundesliga,2024/25,ST,24,2216,42.0,,,61.8,,,,,,,,,,0.88,,2.53,,55.3,,0.24,2.34,1.69,,,0.82,0.34,3.44,5.47,0.93,52.8
Mikkel Kaufmann,Heidenheim,Bundesliga,2025/26,ST,23,2337,42.0,,,63.1,,,,,,,,,,0.82,,2.98,,50.5,,0.21,2.93,0.62,,,0.58,0.52,3.86,4.34,1.57,48.2
Mikkel Kaufmann,Heidenheim,Bundesliga,2024/25,ST,22,2337,42.0,,,60.6,,,,,,,,,,0.79,,2.86,,48.5,,0.2,2.81,0.6,,,0.56,0.5,3.71,4.17,1.51,46.3
Maximilian Breunig,Heidenheim,Bundesliga,2025/26,ST,24,1236,42.0,,,70.2,,,,,,,,,,1.1,,2.61,,37.6,,0.07,2.36,1.34,,,0.25,0.35,4.39,7.05,0.65,43.9
Maximilian Breunig,Heidenheim,Bundesliga,2024/25,ST,23,1236,42.0,,,67.4,,,,,,,,,,1.06,,2.51,,36.1,,0.07,2.27,1.29,,,0.24,0.34,4.21,6.77,0.62,42.1
Michael Zetterer,Werder Bremen,Bundesliga,2025/26,GK,29,2128,46.5,0.3,60.2,73.3,49.5,1.95,8.0,18.0,,,,,,,,,,,,,,,,,,,,,,
Michael Zetterer,Werder Bremen,Bundesliga,2024/25,GK,28,2128,46.5,0.31,61.4,74.8,50.5,1.99,10.0,18.36,,,,,,,,,,,,,,,,,,,,,,
Mio Backhaus,Werder Bremen,Bundesliga,2025/26,GK,20,1794,46.5,0.1,63.4,72.6,33.5,1.1,7.4,12.4,,,,,,,,,,,,,,,,,,,,,,
Mio Backhaus,Werder Bremen,Bundesliga,2024/25,GK,19,1524,46.5,0.09,58.3,66.8,30.8,1.01,10.0,11.41,,,,,,,,,,,,,,,,,,,,,,
Marco Friedl,Werder Bremen,Bundesliga,2025/26,CB,26,2580,46.5,,,79.7,,,,,3.2,395.7,3.13,1.92,71.6,1.99,1.93,5.6,1.2,55.1,67.9,,,,,,,,,,,
Marco Friedl,Werder Bremen,Bundesliga,2024/25,CB,25,2580,46.5,,,81.3,,,,,3.26,403.61,3.19,1.96,73.0,2.03,1.97,5.71,1.22,56.2,69.3,,,,,,,,,,,
Niklas Stark,Werder Bremen,Bundesliga,2025/26,CB,29,2356,46.5,,,88.7,,,,,3.32,283.7,5.17,1.79,79.2,1.27,1.48,7.32,1.3,61.3,79.3,,,,,,,,,,,
Niklas Stark,Werder Bremen,Bundesliga,2024/25,CB,28,2356,46.5,,,90.5,,,,,3.39,289.37,5.27,1.83,80.8,1.3,1.51,7.47,1.33,62.5,80.9,,,,,,,,,,,
Milos Veljkovic,Werder Bremen,Bundesliga,2025/26,CB,29,2107,46.5,,,80.0,,,,,4.78,322.8,4.09,0.86,61.3,2.63,1.59,4.4,1.85,66.8,70.9,,,,,,,,,,,
Milos Veljkovic,Werder Bremen,Bundesliga,2024/25,CB,28,2107,46.5,,,81.6,,,,,4.88,329.26,4.17,0.88,62.5,2.68,1.62,4.49,1.89,68.1,72.3,,,,,,,,,,,
Anthony Jung,Werder Bremen,Bundesliga,2025/26,CB,33,3053,46.5,,,75.5,,,,,4.91,435.7,2.44,1.7,74.9,1.14,2.27,6.78,2.01,57.8,66.1,,,,,,,,,,,
Anthony Jung,Werder Bremen,Bundesliga,2024/25,CB,32,3053,46.5,,,79.3,,,,,5.16,457.49,2.56,1.78,78.6,1.2,2.38,7.12,2.11,60.7,69.4,,,,,,,,,,,
Mitchell Weiser,Werder Bremen,Bundesliga,2025/26,FB,30,1834,46.5,,,87.8,,,,,4.92,,3.52,2.5,60.8,2.59,2.19,5.58,,53.4,,0.18,2.93,1.9,0.65,3.76,0.55,,,,,
Mitchell Weiser,Werder Bremen,Bundesliga,2024/25,FB,29,1834,46.5,,,89.6,,,,,5.02,,3.59,2.55,62.0,2.64,2.23,5.69,,54.5,,0.18,2.99,1.94,0.66,3.84,0.56,,,,,
Felix Agu,Werder Bremen,Bundesliga,2025/26,FB,25,1148,46.5,,,81.0,,,,,5.25,,3.94,3.11,49.9,3.09,1.16,4.8,,58.7,,0.07,2.0,1.73,0.83,3.9,0.21,,,,,
Felix Agu,Werder Bremen,Bundesliga,2024/25,FB,24,1148,46.5,,,82.6,,,,,5.36,,4.02,3.17,50.9,3.15,1.18,4.9,,59.9,,0.07,2.04,1.76,0.85,3.98,0.21,,,,,
Derrick Köhn,Werder Bremen,Bundesliga,2025/26,FB,26,3085,46.5,,,83.9,,,,,5.35,,3.03,2.75,43.1,2.33,2.44,4.85,,43.5,,0.17,2.65,1.42,1.28,1.07,0.57,,,,,
Derrick Köhn,Werder Bremen,Bundesliga,2024/25,FB,25,3085,46.5,,,85.6,,,,,5.46,,3.09,2.81,44.0,2.38,2.49,4.95,,44.4,,0.17,2.7,1.45,1.31,1.09,0.58,,,,,
Senne Lynen,Werder Bremen,Bundesliga,2025/26,CM,25,2077,46.5,,,85.8,,,,,6.26,,3.18,1.17,66.3,1.56,1.51,5.44,1.76,63.2,,0.21,3.06,1.39,0.7,,,0.06,,,,
Senne Lynen,Werder Bremen,Bundesliga,2024/25,CM,24,2077,46.5,,,87.5,,,,,6.39,,3.24,1.19,67.6,1.59,1.54,5.55,1.8,64.5,,0.21,3.12,1.42,0.71,,,0.06,,,,
Jens Stage,Werder Bremen,Bundesliga,2025/26,CM,28,1799,46.5,,,87.0,,,,,7.15,,5.63,1.47,56.9,3.34,2.32,6.8,1.32,40.1,,0.16,2.49,1.52,1.42,,,0.09,,,,
Jens Stage,Werder Bremen,Bundesliga,2024/25,CM,27,1799,46.5,,,88.7,,,,,7.29,,5.74,1.5,58.0,3.41,2.37,6.94,1.35,40.9,,0.16,2.54,1.55,1.45,,,0.09,,,,
Romano Schmid,Werder Bremen,Bundesliga,2025/26,CM,25,1679,46.5,,,88.1,,,,,4.93,,4.83,1.81,52.9,3.66,1.79,7.56,1.52,55.3,,0.2,3.93,0.91,0.7,,,0.05,,,,
Romano Schmid,Werder Bremen,Bundesliga,2024/25,CM,24,1679,46.5,,,89.9,,,,,5.03,,4.93,1.85,54.0,3.73,1.83,7.71,1.55,56.4,,0.2,4.01,0.93,0.71,,,0.05,,,,
Leonardo Bittencourt,Werder Bremen,Bundesliga,2025/26,CM,31,1267,46.5,,,79.5,,,,,7.07,,3.54,1.21,48.5,2.26,1.27,7.77,1.41,50.5,,0.22,3.35,2.18,1.91,,,0.07,,,,
Leonardo Bittencourt,Werder Bremen,Bundesliga,2024/25,CM,30,1267,46.5,,,83.5,,,,,7.42,,3.72,1.27,50.9,2.37,1.33,8.16,1.48,53.0,,0.23,3.52,2.29,2.01,,,0.07,,,,
Marco Grüll,Werder Bremen,Bundesliga,2025/26,W,26,1364,46.5,,,,,,,,3.16,,,3.67,44.3,1.74,1.37,5.86,,,,0.23,3.96,2.52,,7.65,0.74,0.32,2.57,6.68,1.47,
Marco Grüll,Werder Bremen,Bundesliga,2024/25,W,25,1364,46.5,,,,,,,,3.22,,,3.74,45.2,1.77,1.4,5.98,,,,0.23,4.04,2.57,,7.8,0.75,0.33,2.62,6.81,1.5,
Justin Njinmah,Werder Bremen,Bundesliga,2025/26,W,24,1599,46.5,,,,,,,,2.33,,,4.95,61.0,1.08,0.77,4.61,,,,0.34,4.02,2.37,,5.08,0.45,0.39,2.49,5.74,1.08,
Justin Njinmah,Werder Bremen,Bundesliga,2024/25,W,23,1599,46.5,,,,,,,,2.24,,,4.75,58.6,1.04,0.74,4.43,,,,0.33,3.86,2.28,,4.88,0.43,0.37,2.39,5.51,1.04,
Olivier Deman,Werder Bremen,Bundesliga,2025/26,W,24,2673,46.5,,,,,,,,4.17,,,6.96,53.6,1.38,0.72,4.28,,,,0.3,3.99,2.37,,4.34,0.96,0.32,2.52,5.29,2.89,
Olivier Deman,Werder Bremen,Bundesliga,2024/25,W,23,2673,46.5,,,,,,,,4.0,,,6.68,51.5,1.32,0.69,4.11,,,,0.29,3.83,2.28,,4.17,0.92,0.31,2.42,5.08,2.77,
Marvin Ducksch,Werder Bremen,Bundesliga,2025/26,ST,30,1813,46.5,,,64.7,,,,,,,,,,1.21,,2.2,,55.4,,0.14,3.49,1.66,,,0.55,0.45,4.5,5.39,1.72,44.0
Marvin Ducksch,Werder Bremen,Bundesliga,2024/25,ST,29,1813,46.5,,,66.0,,,,,,,,,,1.23,,2.24,,56.5,,0.14,3.56,1.69,,,0.56,0.46,4.59,5.5,1.75,44.9
Keke Topp,Werder Bremen,Bundesliga,2025/26,ST,20,2553,46.5,,,66.5,,,,,,,,,,1.36,,2.03,,36.5,,0.12,2.06,1.31,,,0.37,0.38,2.78,4.83,1.56,39.1
Keke Topp,Werder Bremen,Bundesliga,2024/25,ST,19,2170,46.5,,,61.2,,,,,,,,,,1.25,,1.87,,33.6,,0.11,1.9,1.21,,,0.34,0.35,2.56,4.44,1.44,36.0
Noah Atubolu,SC Freiburg,Bundesliga,2025/26,GK,22,1190,48.0,-0.21,75.0,73.2,31.5,1.05,8.9,16.2,,,,,,,,,,,,,,,,,,,,,,
Noah Atubolu,SC Freiburg,Bundesliga,2024/25,GK,21,1190,48.0,0.0,72.0,70.3,30.2,1.01,10.0,15.55,,,,,,,,,,,,,,,,,,,,,,
Florian Müller,SC Freiburg,Bundesliga,2025/26,GK,27,1343,48.0,-0.13,74.2,81.6,49.0,1.85,7.4,15.5,,,,,,,,,,,,,,,,,,,,,,
Florian Müller,SC Freiburg,Bundesliga,2024/25,GK,26,1343,48.0,0.0,75.7,83.2,50.0,1.89,10.0,15.81,,,,,,,,,,,,,,,,,,,,,,
Matthias Ginter,SC Freiburg,Bundesliga,2025/26,CB,31,1900,48.0,,,85.7,,,,,3.5,218.9,5.08,1.65,62.1,2.5,2.04,7.07,1.68,64.8,71.6,,,,,,,,,,,
Matthias Ginter,SC Freiburg,Bundesliga,2024/25,CB,30,1900,48.0,,,90.0,,,,,3.68,229.85,5.33,1.73,65.2,2.62,2.14,7.42,1.76,68.0,75.2,,,,,,,,,,,
Philipp Lienhart,SC Freiburg,Bundesliga,2025/26,CB,28,1181,48.0,,,87.4,,,,,3.83,366.0,3.11,0.59,66.0,1.44,1.64,4.74,1.4,71.6,66.8,,,,,,,,,,,
Philipp Lienhart,SC Freiburg,Bundesliga,2024/25,CB,27,1181,48.0,,,89.1,,,,,3.91,373.32,3.17,0.6,67.3,1.47,1.67,4.83,1.43,73.0,68.1,,,,,,,,,,,
Max Rosenfelder,SC Freiburg,Bundesliga,2025/26,CB,21,3167,48.0,,,77.2,,,,,5.41,397.1,5.52,1.64,51.4,2.25,2.26,4.06,2.39,58.2,69.1,,,,,,,,,,,
Max Rosenfelder,SC Freiburg,Bundesliga,2024/25,CB,20,3167,48.0,,,71.0,,,,,4.98,365.33,5.08,1.51,47.3,2.07,2.08,3.74,2.2,53.5,63.6,,,,,,,,,,,
Kenneth Schmidt,SC Freiburg,Bundesliga,2025/26,CB,22,2552,48.0,,,78.4,,,,,4.75,233.0,4.42,0.74,78.0,1.55,1.98,4.88,1.56,73.1,63.3,,,,,,,,,,,
Kenneth Schmidt,SC Freiburg,Bundesliga,2024/25,CB,21,2552,48.0,,,75.3,,,,,4.56,223.68,4.24,0.71,74.9,1.49,1.9,4.68,1.5,70.2,60.8,,,,,,,,,,,
Christian Günter,SC Freiburg,Bundesliga,2025/26,FB,31,2423,48.0,,,71.6,,,,,3.38,,2.23,2.03,55.6,2.39,1.01,5.53,,61.5,,0.18,2.95,1.86,1.36,2.78,0.16,,,,,
Christian Günter,SC Freiburg,Bundesliga,2024/25,FB,30,2423,48.0,,,75.2,,,,,3.55,,2.34,2.13,58.4,2.51,1.06,5.81,,64.6,,0.19,3.1,1.95,1.43,2.92,0.17,,,,,
Lukas Kübler,SC Freiburg,Bundesliga,2025/26,FB,32,1341,48.0,,,71.9,,,,,4.47,,3.15,2.25,66.2,2.78,2.02,4.71,,55.3,,0.15,1.96,0.93,2.11,3.44,0.38,,,,,
Lukas Kübler,SC Freiburg,Bundesliga,2024/25,FB,31,1341,48.0,,,75.5,,,,,4.69,,3.31,2.36,69.5,2.92,2.12,4.95,,58.1,,0.16,2.06,0.98,2.22,3.61,0.4,,,,,
Jordy Makengo,SC Freiburg,Bundesliga,2025/26,FB,23,1472,48.0,,,77.4,,,,,5.75,,2.26,3.65,62.6,2.68,1.58,7.39,,43.5,,0.14,2.94,1.68,0.8,1.3,0.26,,,,,
Jordy Makengo,SC Freiburg,Bundesliga,2024/25,FB,22,1472,48.0,,,74.3,,,,,5.52,,2.17,3.5,60.1,2.57,1.52,7.09,,41.8,,0.13,2.82,1.61,0.77,1.25,0.25,,,,,
Maximilian Eggestein,SC Freiburg,Bundesliga,2025/26,CM,28,1934,48.0,,,89.1,,,,,4.13,,6.5,3.12,51.2,3.02,1.28,6.57,1.58,59.6,,0.1,3.3,2.03,1.07,,,0.1,,,,
Maximilian Eggestein,SC Freiburg,Bundesliga,2024/25,CM,27,1934,48.0,,,90.9,,,,,4.21,,6.63,3.18,52.2,3.08,1.31,6.7,1.61,60.8,,0.1,3.37,2.07,1.09,,,0.1,,,,
Nicolas Höfler,SC Freiburg,Bundesliga,2025/26,CM,34,1780,48.0,,,89.7,,,,,8.93,,3.53,3.33,70.8,2.92,1.55,7.73,1.72,63.9,,0.07,3.0,1.81,1.56,,,0.08,,,,
Nicolas Höfler,SC Freiburg,Bundesliga,2024/25,CM,33,1780,48.0,,,94.2,,,,,9.38,,3.71,3.5,74.3,3.07,1.63,8.12,1.81,67.1,,0.07,3.15,1.9,1.64,,,0.08,,,,
Patrick Osterhage,SC Freiburg,Bundesliga,2025/26,CM,25,1098,48.0,,,86.8,,,,,6.53,,5.0,2.57,57.5,3.25,1.12,7.15,1.54,46.9,,0.06,2.29,0.87,0.62,,,0.02,,,,
Patrick Osterhage,SC Freiburg,Bundesliga,2024/25,CM,24,1098,48.0,,,88.5,,,,,6.66,,5.1,2.62,58.6,3.31,1.14,7.29,1.57,47.8,,0.06,2.34,0.89,0.63,,,0.02,,,,
Merlin Röhl,SC Freiburg,Bundesliga,2025/26,CM,22,2069,48.0,,,83.8,,,,,7.82,,5.57,2.62,54.3,2.59,2.43,5.95,1.09,63.1,,0.23,4.42,1.06,1.15,,,0.03,,,,
Merlin Röhl,SC Freiburg,Bundesliga,2024/25,CM,21,2069,48.0,,,80.4,,,,,7.51,,5.35,2.52,52.1,2.49,2.33,5.71,1.05,60.6,,0.22,4.24,1.02,1.1,,,0.03,,,,
Vincenzo Grifo,SC Freiburg,Bundesliga,2025/26,W,31,1275,48.0,,,,,,,,2.66,,,5.81,57.7,2.07,1.22,3.5,,,,0.27,3.43,1.94,,3.6,0.41,0.29,2.98,5.96,3.38,
Vincenzo Grifo,SC Freiburg,Bundesliga,2024/25,W,30,1275,48.0,,,,,,,,2.79,,,6.1,60.6,2.17,1.28,3.68,,,,0.28,3.6,2.04,,3.78,0.43,0.3,3.13,6.26,3.55,
Ritsu Doan,SC Freiburg,Bundesliga,2025/26,W,26,1900,48.0,,,,,,,,4.51,,,6.9,46.6,0.61,1.36,3.5,,,,0.17,5.2,1.92,,5.62,0.44,0.37,2.17,4.72,2.24,
Ritsu Doan,SC Freiburg,Bundesliga,2024/25,W,25,1900,48.0,,,,,,,,4.6,,,7.04,47.5,0.62,1.39,3.57,,,,0.17,5.3,1.96,,5.73,0.45,0.38,2.21,4.81,2.28,
Noah Weißhaupt,SC Freiburg,Bundesliga,2025/26,W,23,1221,48.0,,,,,,,,3.46,,,3.18,40.3,2.42,0.54,5.41,,,,0.28,2.85,1.32,,7.29,0.94,0.42,2.98,3.01,3.3,
Noah Weißhaupt,SC Freiburg,Bundesliga,2024/25,W,22,1221,48.0,,,,,,,,3.32,,,3.05,38.7,2.32,0.52,5.19,,,,0.27,2.74,1.27,,7.0,0.9,0.4,2.86,2.89,3.17,
Eren Dinkci,SC Freiburg,Bundesliga,2025/26,W,23,2517,48.0,,,,,,,,2.21,,,5.69,43.0,0.59,0.9,5.63,,,,0.2,5.25,1.93,,5.86,1.08,0.22,2.14,6.3,1.56,
Eren Dinkci,SC Freiburg,Bundesliga,2024/25,W,22,2517,48.0,,,,,,,,2.12,,,5.46,41.3,0.57,0.86,5.4,,,,0.19,5.04,1.85,,5.63,1.04,0.21,2.05,6.05,1.5,
Michael Gregoritsch,SC Freiburg,Bundesliga,2025/26,ST,30,2072,48.0,,,71.8,,,,,,,,,,1.4,,1.89,,49.1,,0.11,2.75,1.2,,,0.66,0.46,3.61,4.8,1.24,35.2
Michael Gregoritsch,SC Freiburg,Bundesliga,2024/25,ST,29,2072,48.0,,,73.2,,,,,,,,,,1.43,,1.93,,50.1,,0.11,2.81,1.22,,,0.67,0.47,3.68,4.9,1.26,35.9
Chukwubuike Adamu,SC Freiburg,Bundesliga,2025/26,ST,23,1804,48.0,,,75.2,,,,,,,,,,0.71,,2.12,,50.9,,0.19,1.52,1.0,,,0.64,0.38,4.36,6.17,1.06,35.5
Chukwubuike Adamu,SC Freiburg,Bundesliga,2024/25,ST,22,1804,48.0,,,72.2,,,,,,,,,,0.68,,2.04,,48.9,,0.18,1.46,0.96,,,0.61,0.36,4.19,5.92,1.02,34.1
Lucas Höler,SC Freiburg,Bundesliga,2025/26,ST,30,1775,48.0,,,68.3,,,,,,,,,,1.08,,3.0,,42.0,,0.06,1.96,1.77,,,0.48,0.51,4.42,4.57,1.84,54.5
Lucas Höler,SC Freiburg,Bundesliga,2024/25,ST,29,1775,48.0,,,69.7,,,,,,,,,,1.1,,3.06,,42.8,,0.06,2.0,1.81,,,0.49,0.52,4.51,4.66,1.88,55.6
Finn Dahmen,FC Augsburg,Bundesliga,2025/26,GK,26,2870,44.5,-0.21,76.4,66.5,44.2,1.37,11.7,13.4,,,,,,,,,,,,,,,,,,,,,,
Finn Dahmen,FC Augsburg,Bundesliga,2024/25,GK,25,2870,44.5,0.0,77.9,67.8,45.1,1.4,11.9,13.67,,,,,,,,,,,,,,,,,,,,,,
Nediljko Labrovic,FC Augsburg,Bundesliga,2025/26,GK,25,1869,44.5,0.3,78.5,72.9,50.8,1.15,7.1,13.4,,,,,,,,,,,,,,,,,,,,,,
Nediljko Labrovic,FC Augsburg,Bundesliga,2024/25,GK,24,1869,44.5,0.31,80.1,74.4,51.8,1.17,10.0,13.67,,,,,,,,,,,,,,,,,,,,,,
Jeffrey Gouweleeuw,FC Augsburg,Bundesliga,2025/26,CB,33,1630,44.5,,,77.3,,,,,5.08,227.2,1.98,1.17,59.4,1.24,1.54,6.7,1.68,64.3,77.0,,,,,,,,,,,
Jeffrey Gouweleeuw,FC Augsburg,Bundesliga,2024/25,CB,32,1630,44.5,,,81.2,,,,,5.33,238.56,2.08,1.23,62.4,1.3,1.62,7.04,1.76,67.5,80.9,,,,,,,,,,,
Keven Schlotterbeck,FC Augsburg,Bundesliga,2025/26,CB,27,1170,44.5,,,77.7,,,,,4.74,406.6,4.64,0.56,75.1,1.66,1.14,4.87,1.53,65.3,73.5,,,,,,,,,,,
Keven Schlotterbeck,FC Augsburg,Bundesliga,2024/25,CB,26,1170,44.5,,,79.3,,,,,4.83,414.73,4.73,0.57,76.6,1.69,1.16,4.97,1.56,66.6,75.0,,,,,,,,,,,
Reece Oxford,FC Augsburg,Bundesliga,2025/26,CB,26,1865,44.5,,,88.9,,,,,2.7,438.0,5.35,1.33,66.5,1.19,1.15,6.78,1.18,56.2,75.6,,,,,,,,,,,
Reece Oxford,FC Augsburg,Bundesliga,2024/25,CB,25,1865,44.5,,,90.7,,,,,2.75,446.76,5.46,1.36,67.8,1.21,1.17,6.92,1.2,57.3,77.1,,,,,,,,,,,
Maximilian Bauer,FC Augsburg,Bundesliga,2025/26,CB,24,1710,44.5,,,77.2,,,,,5.29,293.1,4.34,1.47,67.5,1.52,2.22,4.08,1.1,73.0,68.9,,,,,,,,,,,
Maximilian Bauer,FC Augsburg,Bundesliga,2024/25,CB,23,1710,44.5,,,74.1,,,,,5.08,281.38,4.17,1.41,64.8,1.46,2.13,3.92,1.06,70.1,66.1,,,,,,,,,,,
Dimitrios Giannoulis,FC Augsburg,Bundesliga,2025/26,FB,29,1327,44.5,,,87.0,,,,,3.2,,3.3,3.81,54.9,2.27,1.64,5.56,,46.9,,0.07,3.19,1.93,0.75,3.17,0.55,,,,,
Dimitrios Giannoulis,FC Augsburg,Bundesliga,2024/25,FB,28,1327,44.5,,,88.7,,,,,3.26,,3.37,3.89,56.0,2.32,1.67,5.67,,47.8,,0.07,3.25,1.97,0.77,3.23,0.56,,,,,
Mads Pedersen,FC Augsburg,Bundesliga,2025/26,FB,28,2626,44.5,,,75.3,,,,,4.65,,2.18,2.88,44.1,1.9,2.33,6.08,,60.1,,0.23,1.57,1.67,0.99,1.84,0.42,,,,,
Mads Pedersen,FC Augsburg,Bundesliga,2024/25,FB,27,2626,44.5,,,76.8,,,,,4.74,,2.22,2.94,45.0,1.94,2.38,6.2,,61.3,,0.23,1.6,1.7,1.01,1.88,0.43,,,,,
Marius Wolf,FC Augsburg,Bundesliga,2025/26,FB,29,879,44.5,,,78.7,,,,,6.65,,3.17,2.76,49.6,1.94,2.34,6.84,,64.8,,0.25,3.06,1.3,1.59,1.54,0.13,,,,,
Marius Wolf,FC Augsburg,Bundesliga,2024/25,FB,28,900,44.5,,,80.3,,,,,6.78,,3.23,2.82,50.6,1.98,2.39,6.98,,66.1,,0.26,3.12,1.33,1.62,1.57,0.13,,,,,
Elvis Rexhbecaj,FC Augsburg,Bundesliga,2025/26,CM,27,2968,44.5,,,78.6,,,,,6.67,,5.95,2.98,67.9,3.87,1.86,8.93,1.27,63.4,,0.17,2.2,1.07,1.0,,,0.07,,,,
Elvis Rexhbecaj,FC Augsburg,Bundesliga,2024/25,CM,26,2968,44.5,,,80.2,,,,,6.8,,6.07,3.04,69.3,3.95,1.9,9.11,1.3,64.7,,0.17,2.24,1.09,1.02,,,0.07,,,,
Arne Maier,FC Augsburg,Bundesliga,2025/26,CM,26,1511,44.5,,,75.4,,,,,7.5,,5.25,3.37,61.9,1.97,2.48,8.53,1.39,47.7,,0.17,3.92,1.99,2.33,,,0.04,,,,
Arne Maier,FC Augsburg,Bundesliga,2024/25,CM,25,1511,44.5,,,76.9,,,,,7.65,,5.36,3.44,63.1,2.01,2.53,8.7,1.42,48.7,,0.17,4.0,2.03,2.38,,,0.04,,,,
Kristijan Jakic,FC Augsburg,Bundesliga,2025/26,CM,27,2808,44.5,,,80.0,,,,,7.07,,4.36,3.02,50.3,3.51,2.3,5.24,0.98,57.6,,0.06,3.3,0.83,1.46,,,0.02,,,,
Kristijan Jakic,FC Augsburg,Bundesliga,2024/25,CM,26,2808,44.5,,,81.6,,,,,7.21,,4.45,3.08,51.3,3.58,2.35,5.34,1.0,58.8,,0.06,3.37,0.85,1.49,,,0.02,,,,
Frank Onyeka,FC Augsburg,Bundesliga,2025/26,CM,27,1380,44.5,,,89.1,,,,,5.98,,4.21,1.25,49.1,1.89,2.42,8.17,1.95,56.2,,0.22,4.08,2.43,1.25,,,0.12,,,,
Frank Onyeka,FC Augsburg,Bundesliga,2024/25,CM,26,1380,44.5,,,90.9,,,,,6.1,,4.29,1.27,50.1,1.93,2.47,8.33,1.99,57.3,,0.22,4.16,2.48,1.27,,,0.12,,,,
Ruben Vargas,FC Augsburg,Bundesliga,2025/26,W,26,1513,44.5,,,,,,,,4.94,,,4.51,60.4,0.5,1.2,4.72,,,,0.26,5.17,1.32,,6.33,1.07,0.36,2.73,4.43,1.74,
Ruben Vargas,FC Augsburg,Bundesliga,2024/25,W,25,1513,44.5,,,,,,,,5.04,,,4.6,61.6,0.51,1.22,4.81,,,,0.27,5.27,1.35,,6.46,1.09,0.37,2.78,4.52,1.77,
Fredrik Jensen,FC Augsburg,Bundesliga,2025/26,W,27,3124,44.5,,,,,,,,4.98,,,3.56,63.4,0.84,1.39,3.27,,,,0.27,5.26,2.77,,5.83,0.94,0.16,3.44,3.88,1.59,
Fredrik Jensen,FC Augsburg,Bundesliga,2024/25,W,26,3124,44.5,,,,,,,,5.08,,,3.63,64.7,0.86,1.42,3.34,,,,0.28,5.37,2.83,,5.95,0.96,0.16,3.51,3.96,1.62,
Alexis Claude-Maurice,FC Augsburg,Bundesliga,2025/26,W,26,2175,44.5,,,,,,,,4.93,,,4.54,40.0,1.49,0.88,4.64,,,,0.2,3.25,2.59,,3.54,0.39,0.28,1.64,4.03,3.42,
Alexis Claude-Maurice,FC Augsburg,Bundesliga,2024/25,W,25,2175,44.5,,,,,,,,5.03,,,4.63,40.8,1.52,0.9,4.73,,,,0.2,3.31,2.64,,3.61,0.4,0.29,1.67,4.11,3.49,
Phillip Tietz,FC Augsburg,Bundesliga,2025/26,ST,27,2763,44.5,,,65.2,,,,,,,,,,0.66,,3.28,,46.3,,0.21,1.57,0.53,,,0.41,0.69,3.66,4.9,0.66,50.2
Phillip Tietz,FC Augsburg,Bundesliga,2024/25,ST,26,2763,44.5,,,66.5,,,,,,,,,,0.67,,3.35,,47.2,,0.21,1.6,0.54,,,0.42,0.7,3.73,5.0,0.67,51.2
Samuel Essende,FC Augsburg,Bundesliga,2025/26,ST,27,1107,44.5,,,63.3,,,,,,,,,,0.71,,1.7,,50.3,,0.15,1.56,1.91,,,0.29,0.57,4.3,6.38,1.83,36.9
Samuel Essende,FC Augsburg,Bundesliga,2024/25,ST,26,1107,44.5,,,64.6,,,,,,,,,,0.72,,1.73,,51.3,,0.15,1.59,1.95,,,0.3,0.58,4.39,6.51,1.87,37.6
Steve Mounie,FC Augsburg,Bundesliga,2025/26,ST,30,1578,44.5,,,71.0,,,,,,,,,,0.59,,1.51,,51.5,,0.11,1.69,1.09,,,0.23,0.5,3.61,6.16,1.24,53.5
Steve Mounie,FC Augsburg,Bundesliga,2024/25,ST,29,1578,44.5,,,72.4,,,,,,,,,,0.6,,1.54,,52.5,,0.11,1.72,1.11,,,0.23,0.51,3.68,6.28,1.26,54.6
Kamil Grabara,VfL Wolfsburg,Bundesliga,2025/26,GK,26,2767,47.5,-0.16,60.5,68.4,37.3,0.66,10.6,13.9,,,,,,,,,,,,,,,,,,,,,,
Kamil Grabara,VfL Wolfsburg,Bundesliga,2024/25,GK,25,2767,47.5,0.0,61.7,69.8,38.0,0.67,10.8,14.18,,,,,,,,,,,,,,,,,,,,,,
Pavao Pervan,VfL Wolfsburg,Bundesliga,2025/26,GK,37,2428,47.5,0.03,77.9,70.3,46.0,1.28,6.3,14.3,,,,,,,,,,,,,,,,,,,,,,
Pavao Pervan,VfL Wolfsburg,Bundesliga,2024/25,GK,36,2428,47.5,0.03,81.8,73.8,48.3,1.34,10.0,15.02,,,,,,,,,,,,,,,,,,,,,,
Cedric Zesiger,VfL Wolfsburg,Bundesliga,2025/26,CB,26,1564,47.5,,,82.6,,,,,3.05,316.3,2.52,0.9,51.8,2.5,2.0,4.3,1.52,65.8,79.4,,,,,,,,,,,
Cedric Zesiger,VfL Wolfsburg,Bundesliga,2024/25,CB,25,1564,47.5,,,84.3,,,,,3.11,322.63,2.57,0.92,52.8,2.55,2.04,4.39,1.55,67.1,81.0,,,,,,,,,,,
Sebastiaan Bornauw,VfL Wolfsburg,Bundesliga,2025/26,CB,25,1731,47.5,,,84.4,,,,,5.36,404.6,3.38,1.3,76.0,1.95,2.32,5.67,1.12,73.1,74.3,,,,,,,,,,,
Sebastiaan Bornauw,VfL Wolfsburg,Bundesliga,2024/25,CB,24,1731,47.5,,,86.1,,,,,5.47,412.69,3.45,1.33,77.5,1.99,2.37,5.78,1.14,74.6,75.8,,,,,,,,,,,
Konstantinos Koulierakis,VfL Wolfsburg,Bundesliga,2025/26,CB,21,2856,47.5,,,84.7,,,,,4.07,342.9,5.92,0.72,78.5,1.9,2.42,4.59,1.32,58.9,60.9,,,,,,,,,,,
Konstantinos Koulierakis,VfL Wolfsburg,Bundesliga,2024/25,CB,20,2856,47.5,,,77.9,,,,,3.74,315.47,5.45,0.66,72.2,1.75,2.23,4.22,1.21,54.2,56.0,,,,,,,,,,,
Denis Vavro,VfL Wolfsburg,Bundesliga,2025/26,CB,28,1120,47.5,,,91.8,,,,,3.74,449.3,4.32,1.75,57.7,2.82,2.37,4.23,1.58,62.9,66.5,,,,,,,,,,,
Denis Vavro,VfL Wolfsburg,Bundesliga,2024/25,CB,27,1120,47.5,,,93.6,,,,,3.81,458.29,4.41,1.79,58.9,2.88,2.42,4.31,1.61,64.2,67.8,,,,,,,,,,,
Joakim Maehle,VfL Wolfsburg,Bundesliga,2025/26,FB,27,1931,47.5,,,80.6,,,,,6.13,,2.45,1.78,57.5,3.43,1.15,4.82,,59.6,,0.15,3.33,0.82,1.9,2.7,0.49,,,,,
Joakim Maehle,VfL Wolfsburg,Bundesliga,2024/25,FB,26,1931,47.5,,,82.2,,,,,6.25,,2.5,1.82,58.6,3.5,1.17,4.92,,60.8,,0.15,3.4,0.84,1.94,2.75,0.5,,,,,
Ridle Baku,VfL Wolfsburg,Bundesliga,2025/26,FB,26,2993,47.5,,,80.3,,,,,4.89,,3.21,1.93,60.4,2.3,1.59,7.14,,41.2,,0.23,3.26,1.17,1.81,2.85,0.45,,,,,
Ridle Baku,VfL Wolfsburg,Bundesliga,2024/25,FB,25,2993,47.5,,,81.9,,,,,4.99,,3.27,1.97,61.6,2.35,1.62,7.28,,42.0,,0.23,3.33,1.19,1.85,2.91,0.46,,,,,
Kilian Fischer,VfL Wolfsburg,Bundesliga,2025/26,FB,24,2746,47.5,,,75.5,,,,,4.12,,4.09,2.73,66.1,1.77,2.46,5.83,,46.7,,0.23,3.29,0.83,2.13,1.29,0.51,,,,,
Kilian Fischer,VfL Wolfsburg,Bundesliga,2024/25,FB,23,2746,47.5,,,72.5,,,,,3.96,,3.93,2.62,63.5,1.7,2.36,5.6,,44.8,,0.22,3.16,0.8,2.04,1.24,0.49,,,,,
Maximilian Arnold,VfL Wolfsburg,Bundesliga,2025/26,CM,30,2507,47.5,,,82.3,,,,,6.58,,3.22,1.93,68.7,1.66,2.06,6.61,1.74,53.1,,0.07,2.83,2.35,1.31,,,0.1,,,,
Maximilian Arnold,VfL Wolfsburg,Bundesliga,2024/25,CM,29,2507,47.5,,,83.9,,,,,6.71,,3.28,1.97,70.1,1.69,2.1,6.74,1.77,54.2,,0.07,2.89,2.4,1.34,,,0.1,,,,
Mattias Svanberg,VfL Wolfsburg,Bundesliga,2025/26,CM,26,3129,47.5,,,81.8,,,,,8.59,,4.1,2.76,69.7,2.76,1.95,5.5,0.84,49.3,,0.09,4.0,2.22,1.0,,,0.02,,,,
Mattias Svanberg,VfL Wolfsburg,Bundesliga,2024/25,CM,25,3129,47.5,,,83.4,,,,,8.76,,4.18,2.82,71.1,2.82,1.99,5.61,0.86,50.3,,0.09,4.08,2.26,1.02,,,0.02,,,,
Lovro Majer,VfL Wolfsburg,Bundesliga,2025/26,CM,27,2627,47.5,,,88.4,,,,,7.74,,4.14,2.72,56.6,1.91,1.86,8.86,1.83,56.2,,0.22,3.26,1.39,0.83,,,0.04,,,,
Lovro Majer,VfL Wolfsburg,Bundesliga,2024/25,CM,26,2627,47.5,,,90.2,,,,,7.89,,4.22,2.77,57.7,1.95,1.9,9.04,1.87,57.3,,0.22,3.33,1.42,0.85,,,0.04,,,,
Aster Vranckx,VfL Wolfsburg,Bundesliga,2025/26,CM,22,1646,47.5,,,75.1,,,,,8.56,,5.4,2.62,45.3,2.13,2.21,6.22,1.96,56.1,,0.13,1.56,2.13,2.04,,,0.05,,,,
Aster Vranckx,VfL Wolfsburg,Bundesliga,2024/25,CM,21,1646,47.5,,,72.1,,,,,8.22,,5.18,2.52,43.5,2.04,2.12,5.97,1.88,53.9,,0.12,1.5,2.04,1.96,,,0.05,,,,
Patrick Wimmer,VfL Wolfsburg,Bundesliga,2025/26,W,23,2535,47.5,,,,,,,,2.03,,,5.34,55.6,2.18,1.06,4.78,,,,0.32,3.88,2.74,,5.6,0.55,0.42,1.94,4.21,3.5,
Patrick Wimmer,VfL Wolfsburg,Bundesliga,2024/25,W,22,2535,47.5,,,,,,,,1.95,,,5.13,53.4,2.09,1.02,4.59,,,,0.31,3.72,2.63,,5.38,0.53,0.4,1.86,4.04,3.36,
Jakub Kaminski,VfL Wolfsburg,Bundesliga,2025/26,W,22,1242,47.5,,,,,,,,2.75,,,5.61,63.8,0.61,1.36,5.43,,,,0.22,3.33,1.43,,6.28,0.66,0.29,2.15,4.11,2.29,
Jakub Kaminski,VfL Wolfsburg,Bundesliga,2024/25,W,21,1242,47.5,,,,,,,,2.64,,,5.39,61.2,0.59,1.31,5.21,,,,0.21,3.2,1.37,,6.03,0.63,0.28,2.06,3.95,2.2,
Tiago Tomas,VfL Wolfsburg,Bundesliga,2025/26,W,22,2109,47.5,,,,,,,,4.83,,,3.14,49.7,1.95,0.72,4.6,,,,0.29,4.47,1.34,,5.09,1.01,0.35,3.49,4.04,2.43,
Tiago Tomas,VfL Wolfsburg,Bundesliga,2024/25,W,21,2109,47.5,,,,,,,,4.64,,,3.01,47.7,1.87,0.69,4.42,,,,0.28,4.29,1.29,,4.89,0.97,0.34,3.35,3.88,2.33,
Salih Özcan,VfL Wolfsburg,Bundesliga,2025/26,CM,27,2268,47.5,,,76.5,,,,,4.64,,6.23,1.65,67.9,1.96,2.02,6.34,0.91,48.9,,0.22,4.02,2.29,0.86,,,0.09,,,,
Salih Özcan,VfL Wolfsburg,Bundesliga,2024/25,CM,26,2268,47.5,,,78.0,,,,,4.73,,6.35,1.68,69.3,2.0,2.06,6.47,0.93,49.9,,0.22,4.1,2.34,0.88,,,0.09,,,,
Jonas Wind,VfL Wolfsburg,Bundesliga,2025/26,ST,26,2057,47.5,,,71.6,,,,,,,,,,0.62,,1.89,,46.6,,0.07,1.61,1.45,,,0.48,0.51,4.27,6.34,1.43,42.4
Jonas Wind,VfL Wolfsburg,Bundesliga,2024/25,ST,25,2057,47.5,,,73.0,,,,,,,,,,0.63,,1.93,,47.5,,0.07,1.64,1.48,,,0.49,0.52,4.36,6.47,1.46,43.2
Mohamed Amoura,VfL Wolfsburg,Bundesliga,2025/26,ST,24,2363,47.5,,,79.7,,,,,,,,,,0.58,,1.86,,59.8,,0.12,3.47,1.84,,,0.72,0.56,3.33,4.6,0.71,52.4
Mohamed Amoura,VfL Wolfsburg,Bundesliga,2024/25,ST,23,2363,47.5,,,76.5,,,,,,,,,,0.56,,1.79,,57.4,,0.12,3.33,1.77,,,0.69,0.54,3.2,4.42,0.68,50.3
Kevin Behrens,VfL Wolfsburg,Bundesliga,2025/26,ST,34,2162,47.5,,,69.8,,,,,,,,,,1.13,,2.73,,41.8,,0.2,1.84,1.65,,,0.25,0.62,2.85,4.02,1.65,47.7
Kevin Behrens,VfL Wolfsburg,Bundesliga,2024/25,ST,33,2162,47.5,,,73.3,,,,,,,,,,1.19,,2.87,,43.9,,0.21,1.93,1.73,,,0.26,0.65,2.99,4.22,1.73,50.1
Jonas Omlin,Borussia Monchengladbach,Bundesliga,2025/26,GK,31,2452,50.0,0.0,69.5,65.1,43.3,1.96,11.6,17.4,,,,,,,,,,,,,,,,,,,,,,
Jonas Omlin,Borussia Monchengladbach,Bundesliga,2024/25,GK,30,2452,50.0,0.0,73.0,68.4,45.5,2.06,12.2,18.27,,,,,,,,,,,,,,,,,,,,,,
Moritz Nicolas,Borussia Monchengladbach,Bundesliga,2025/26,GK,27,2975,50.0,-0.17,73.5,77.5,36.2,1.89,6.1,12.8,,,,,,,,,,,,,,,,,,,,,,
Moritz Nicolas,Borussia Monchengladbach,Bundesliga,2024/25,GK,26,2975,50.0,0.0,75.0,79.0,36.9,1.93,10.0,13.06,,,,,,,,,,,,,,,,,,,,,,
Ko Itakura,Borussia Monchengladbach,Bundesliga,2025/26,CB,28,2371,50.0,,,83.6,,,,,3.22,216.3,1.71,1.92,63.7,2.04,1.79,5.52,2.03,57.7,79.9,,,,,,,,,,,
Ko Itakura,Borussia Monchengladbach,Bundesliga,2024/25,CB,27,2371,50.0,,,85.3,,,,,3.28,220.63,1.74,1.96,65.0,2.08,1.83,5.63,2.07,58.9,81.5,,,,,,,,,,,
Nico Elvedi,Borussia Monchengladbach,Bundesliga,2025/26,CB,28,2807,50.0,,,81.1,,,,,2.75,437.0,5.63,1.11,56.9,2.45,1.2,6.57,1.88,58.4,67.3,,,,,,,,,,,
Nico Elvedi,Borussia Monchengladbach,Bundesliga,2024/25,CB,27,2807,50.0,,,82.7,,,,,2.81,445.74,5.74,1.13,58.0,2.5,1.22,6.7,1.92,59.6,68.6,,,,,,,,,,,
Marvin Friedrich,Borussia Monchengladbach,Bundesliga,2025/26,CB,29,953,50.0,,,81.4,,,,,4.56,392.8,4.3,1.39,51.4,1.22,2.25,4.17,1.17,63.9,62.5,,,,,,,,,,,
Marvin Friedrich,Borussia Monchengladbach,Bundesliga,2024/25,CB,28,953,50.0,,,83.0,,,,,4.65,400.66,4.39,1.42,52.4,1.24,2.29,4.25,1.19,65.2,63.8,,,,,,,,,,,
Fabio Chiarodia,Borussia Monchengladbach,Bundesliga,2025/26,CB,19,1835,50.0,,,83.1,,,,,2.61,373.8,4.34,0.95,69.8,2.32,1.4,6.12,1.21,71.6,62.1,,,,,,,,,,,
Fabio Chiarodia,Borussia Monchengladbach,Bundesliga,2024/25,CB,18,1559,50.0,,,76.5,,,,,2.4,343.9,3.99,0.87,64.2,2.13,1.29,5.63,1.11,65.9,57.1,,,,,,,,,,,
Luca Netz,Borussia Monchengladbach,Bundesliga,2025/26,FB,21,1282,50.0,,,84.0,,,,,6.33,,3.07,3.93,44.8,2.6,2.37,6.56,,45.9,,0.11,3.07,1.5,1.72,2.23,0.34,,,,,
Luca Netz,Borussia Monchengladbach,Bundesliga,2024/25,FB,20,1282,50.0,,,77.3,,,,,5.82,,2.82,3.62,41.2,2.39,2.18,6.04,,42.2,,0.1,2.82,1.38,1.58,2.05,0.31,,,,,
Joe Scally,Borussia Monchengladbach,Bundesliga,2025/26,FB,22,852,50.0,,,72.7,,,,,3.36,,4.17,2.78,47.7,1.96,2.48,5.39,,42.5,,0.18,3.31,1.97,1.84,1.3,0.33,,,,,
Joe Scally,Borussia Monchengladbach,Bundesliga,2024/25,FB,21,900,50.0,,,69.8,,,,,3.23,,4.0,2.67,45.8,1.88,2.38,5.17,,40.8,,0.17,3.18,1.89,1.77,1.25,0.32,,,,,
Stefan Lainer,Borussia Monchengladbach,Bundesliga,2025/26,FB,32,1515,50.0,,,77.7,,,,,3.46,,4.67,3.63,44.2,2.79,1.49,7.18,,46.7,,0.22,3.2,1.3,1.85,1.03,0.58,,,,,
Stefan Lainer,Borussia Monchengladbach,Bundesliga,2024/25,FB,31,1515,50.0,,,81.6,,,,,3.63,,4.9,3.81,46.4,2.93,1.56,7.54,,49.0,,0.23,3.36,1.37,1.94,1.08,0.61,,,,,
Julian Weigl,Borussia Monchengladbach,Bundesliga,2025/26,CM,29,1180,50.0,,,87.5,,,,,7.45,,4.69,2.2,71.6,1.92,1.2,7.91,1.98,61.1,,0.12,1.84,1.48,1.41,,,0.07,,,,
Julian Weigl,Borussia Monchengladbach,Bundesliga,2024/25,CM,28,1180,50.0,,,89.2,,,,,7.6,,4.78,2.24,73.0,1.96,1.22,8.07,2.02,62.3,,0.12,1.88,1.51,1.44,,,0.07,,,,
Rocco Reitz,Borussia Monchengladbach,Bundesliga,2025/26,CM,22,1224,50.0,,,80.7,,,,,5.79,,5.74,1.07,70.2,3.93,1.2,8.68,0.94,50.3,,0.17,3.91,1.95,0.86,,,0.07,,,,
Rocco Reitz,Borussia Monchengladbach,Bundesliga,2024/25,CM,21,1224,50.0,,,77.5,,,,,5.56,,5.51,1.03,67.4,3.77,1.15,8.33,0.9,48.3,,0.16,3.75,1.87,0.83,,,0.07,,,,
Philipp Sander,Borussia Monchengladbach,Bundesliga,2025/26,CM,26,988,50.0,,,86.2,,,,,7.62,,6.82,1.56,71.2,2.8,2.03,7.47,1.32,58.2,,0.18,1.54,2.28,1.55,,,0.03,,,,
Philipp Sander,Borussia Monchengladbach,Bundesliga,2024/25,CM,25,988,50.0,,,87.9,,,,,7.77,,6.96,1.59,72.6,2.86,2.07,7.62,1.35,59.4,,0.18,1.57,2.33,1.58,,,0.03,,,,
Florian Neuhaus,Borussia Monchengladbach,Bundesliga,2025/26,CM,27,2773,50.0,,,89.8,,,,,4.27,,3.63,2.61,70.5,3.63,2.3,5.3,1.39,46.0,,0.19,2.65,2.23,1.62,,,0.06,,,,
Florian Neuhaus,Borussia Monchengladbach,Bundesliga,2024/25,CM,26,2773,50.0,,,91.6,,,,,4.36,,3.7,2.66,71.9,3.7,2.35,5.41,1.42,46.9,,0.19,2.7,2.27,1.65,,,0.06,,,,
Franck Honorat,Borussia Monchengladbach,Bundesliga,2025/26,W,28,1939,50.0,,,,,,,,5.43,,,4.79,60.0,1.49,1.15,3.31,,,,0.19,4.43,1.21,,5.3,0.67,0.17,2.31,3.94,2.12,
Franck Honorat,Borussia Monchengladbach,Bundesliga,2024/25,W,27,1939,50.0,,,,,,,,5.54,,,4.89,61.2,1.52,1.17,3.38,,,,0.19,4.52,1.23,,5.41,0.68,0.17,2.36,4.02,2.16,
Robin Hack,Borussia Monchengladbach,Bundesliga,2025/26,W,26,3082,50.0,,,,,,,,3.82,,,5.62,54.1,2.13,1.34,4.0,,,,0.32,4.88,2.49,,7.45,0.99,0.31,3.43,5.55,1.85,
Robin Hack,Borussia Monchengladbach,Bundesliga,2024/25,W,25,3082,50.0,,,,,,,,3.9,,,5.73,55.2,2.17,1.37,4.08,,,,0.33,4.98,2.54,,7.6,1.01,0.32,3.5,5.66,1.89,
Nathan Ngoumou,Borussia Monchengladbach,Bundesliga,2025/26,W,24,2737,50.0,,,,,,,,5.2,,,5.53,48.9,0.71,1.4,4.48,,,,0.22,3.86,1.67,,3.01,1.04,0.36,1.69,5.64,2.37,
Nathan Ngoumou,Borussia Monchengladbach,Bundesliga,2024/25,W,23,2737,50.0,,,,,,,,4.99,,,5.31,46.9,0.68,1.34,4.3,,,,0.21,3.71,1.6,,2.89,1.0,0.35,1.62,5.41,2.28,
Kevin Stöger,Borussia Monchengladbach,Bundesliga,2025/26,W,31,2476,50.0,,,,,,,,2.43,,,5.87,59.5,2.17,1.09,5.32,,,,0.27,3.06,2.67,,5.29,0.71,0.18,3.36,4.57,2.04,
Kevin Stöger,Borussia Monchengladbach,Bundesliga,2024/25,W,30,2476,50.0,,,,,,,,2.55,,,6.16,62.5,2.28,1.14,5.59,,,,0.28,3.21,2.8,,5.55,0.75,0.19,3.53,4.8,2.14,
Alassane Plea,Borussia Monchengladbach,Bundesliga,2025/26,ST,31,2865,50.0,,,78.4,,,,,,,,,,0.63,,2.96,,58.4,,0.22,2.47,1.26,,,0.55,0.37,3.5,4.19,0.77,45.6
Alassane Plea,Borussia Monchengladbach,Bundesliga,2024/25,ST,30,2865,50.0,,,82.3,,,,,,,,,,0.66,,3.11,,61.3,,0.23,2.59,1.32,,,0.58,0.39,3.68,4.4,0.81,47.9
Tim Kleindienst,Borussia Monchengladbach,Bundesliga,2025/26,ST,29,2386,50.0,,,68.0,,,,,,,,,,0.64,,3.11,,45.5,,0.17,2.89,0.87,,,0.38,0.63,3.71,7.53,1.01,41.4
Tim Kleindienst,Borussia Monchengladbach,Bundesliga,2024/25,ST,28,2386,50.0,,,69.4,,,,,,,,,,0.65,,3.17,,46.4,,0.17,2.95,0.89,,,0.39,0.64,3.78,7.68,1.03,42.2
Tomas Cvancara,Borussia Monchengladbach,Bundesliga,2025/26,ST,24,2898,50.0,,,65.8,,,,,,,,,,1.15,,3.46,,58.4,,0.18,1.9,1.44,,,0.6,0.45,3.9,6.85,1.02,52.2
Tomas Cvancara,Borussia Monchengladbach,Bundesliga,2024/25,ST,23,2898,50.0,,,63.2,,,,,,,,,,1.1,,3.32,,56.1,,0.17,1.82,1.38,,,0.58,0.43,3.74,6.58,0.98,50.1
Frederik Rønnow,Union Berlin,Bundesliga,2025/26,GK,32,1528,41.5,0.05,73.9,71.4,32.9,1.2,7.3,15.4,,,,,,,,,,,,,,,,,,,,,,
Frederik Rønnow,Union Berlin,Bundesliga,2024/25,GK,31,1528,41.5,0.05,77.6,75.0,34.5,1.26,10.0,16.17,,,,,,,,,,,,,,,,,,,,,,
Alexander Schwolow,Union Berlin,Bundesliga,2025/26,GK,32,2509,41.5,0.17,77.9,75.7,51.9,1.34,3.1,12.6,,,,,,,,,,,,,,,,,,,,,,
Alexander Schwolow,Union Berlin,Bundesliga,2024/25,GK,31,2509,41.5,0.18,81.8,79.5,54.5,1.41,10.0,13.23,,,,,,,,,,,,,,,,,,,,,,
Kevin Vogt,Union Berlin,Bundesliga,2025/26,CB,33,2360,41.5,,,77.5,,,,,4.68,250.0,4.88,0.74,58.6,1.5,2.26,6.42,1.44,70.1,60.6,,,,,,,,,,,
Kevin Vogt,Union Berlin,Bundesliga,2024/25,CB,32,2360,41.5,,,81.4,,,,,4.91,262.5,5.12,0.78,61.5,1.58,2.37,6.74,1.51,73.6,63.6,,,,,,,,,,,
Danilho Doekhi,Union Berlin,Bundesliga,2025/26,CB,26,2653,41.5,,,76.7,,,,,5.47,384.9,5.39,1.61,66.8,1.48,2.18,6.8,1.43,68.3,78.5,,,,,,,,,,,
Danilho Doekhi,Union Berlin,Bundesliga,2024/25,CB,25,2653,41.5,,,78.2,,,,,5.58,392.6,5.5,1.64,68.1,1.51,2.22,6.94,1.46,69.7,80.1,,,,,,,,,,,
Diogo Leite,Union Berlin,Bundesliga,2025/26,CB,26,2387,41.5,,,82.1,,,,,5.15,371.3,5.85,0.58,72.3,1.41,2.3,7.01,1.66,59.5,72.7,,,,,,,,,,,
Diogo Leite,Union Berlin,Bundesliga,2024/25,CB,25,2387,41.5,,,83.7,,,,,5.25,378.73,5.97,0.59,73.7,1.44,2.35,7.15,1.69,60.7,74.2,,,,,,,,,,,
Leopold Querfeld,Union Berlin,Bundesliga,2025/26,CB,21,2306,41.5,,,87.8,,,,,4.19,350.8,4.99,1.95,58.8,1.35,2.02,4.65,1.26,65.3,67.5,,,,,,,,,,,
Leopold Querfeld,Union Berlin,Bundesliga,2024/25,CB,20,2306,41.5,,,80.8,,,,,3.85,322.74,4.59,1.79,54.1,1.24,1.86,4.28,1.16,60.1,62.1,,,,,,,,,,,
Christopher Trimmel,Union Berlin,Bundesliga,2025/26,FB,38,2555,41.5,,,70.1,,,,,4.87,,2.12,3.84,57.9,3.05,1.94,7.03,,59.7,,0.11,2.03,1.03,2.19,3.79,0.25,,,,,
Christopher Trimmel,Union Berlin,Bundesliga,2024/25,FB,37,2555,41.5,,,73.6,,,,,5.11,,2.23,4.03,60.8,3.2,2.04,7.38,,62.7,,0.12,2.13,1.08,2.3,3.98,0.26,,,,,
Josip Juranovic,Union Berlin,Bundesliga,2025/26,FB,29,3053,41.5,,,73.3,,,,,3.27,,3.25,2.76,42.8,1.94,1.32,5.5,,45.5,,0.12,3.07,1.25,0.94,2.61,0.28,,,,,
Josip Juranovic,Union Berlin,Bundesliga,2024/25,FB,28,3053,41.5,,,74.8,,,,,3.34,,3.31,2.82,43.7,1.98,1.35,5.61,,46.4,,0.12,3.13,1.27,0.96,2.66,0.29,,,,,
Tom Rothe,Union Berlin,Bundesliga,2025/26,FB,20,2972,41.5,,,72.1,,,,,4.38,,3.93,2.1,47.3,1.58,2.33,5.64,,42.8,,0.14,2.62,1.85,1.8,3.76,0.5,,,,,
Tom Rothe,Union Berlin,Bundesliga,2024/25,FB,19,2526,41.5,,,66.3,,,,,4.03,,3.62,1.93,43.5,1.45,2.14,5.19,,39.4,,0.13,2.41,1.7,1.66,3.46,0.46,,,,,
Jerome Roussillon,Union Berlin,Bundesliga,2025/26,FB,32,1850,41.5,,,76.7,,,,,6.21,,2.13,2.61,45.8,2.53,2.42,5.0,,53.4,,0.16,2.07,2.08,2.14,3.69,0.58,,,,,
Jerome Roussillon,Union Berlin,Bundesliga,2024/25,FB,31,1850,41.5,,,80.5,,,,,6.52,,2.24,2.74,48.1,2.66,2.54,5.25,,56.1,,0.17,2.17,2.18,2.25,3.87,0.61,,,,,
Rani Khedira,Union Berlin,Bundesliga,2025/26,CM,31,830,41.5,,,87.5,,,,,5.03,,6.51,3.07,67.2,2.59,2.23,5.29,1.62,40.6,,0.09,3.39,1.16,1.87,,,0.1,,,,
Rani Khedira,Union Berlin,Bundesliga,2024/25,CM,30,900,41.5,,,91.9,,,,,5.28,,6.84,3.22,70.6,2.72,2.34,5.55,1.7,42.6,,0.09,3.56,1.22,1.96,,,0.11,,,,
Lucas Tousart,Union Berlin,Bundesliga,2025/26,CM,27,2158,41.5,,,87.3,,,,,8.55,,4.8,2.02,57.1,2.29,1.58,5.47,0.81,58.0,,0.06,2.03,1.23,0.64,,,0.02,,,,
Lucas Tousart,Union Berlin,Bundesliga,2024/25,CM,26,2158,41.5,,,89.0,,,,,8.72,,4.9,2.06,58.2,2.34,1.61,5.58,0.83,59.2,,0.06,2.07,1.25,0.65,,,0.02,,,,
Andras Schäfer,Union Berlin,Bundesliga,2025/26,CM,25,1059,41.5,,,76.6,,,,,7.93,,3.35,1.75,68.0,2.59,1.59,7.64,1.37,53.3,,0.17,3.6,0.92,2.36,,,0.12,,,,
Andras Schäfer,Union Berlin,Bundesliga,2024/25,CM,24,1059,41.5,,,78.1,,,,,8.09,,3.42,1.79,69.4,2.64,1.62,7.79,1.4,54.4,,0.17,3.67,0.94,2.41,,,0.12,,,,
Janik Haberer,Union Berlin,Bundesliga,2025/26,CM,30,1358,41.5,,,79.5,,,,,8.43,,6.47,3.41,64.4,3.89,1.02,8.5,0.97,41.0,,0.21,4.05,1.3,1.77,,,0.12,,,,
Janik Haberer,Union Berlin,Bundesliga,2024/25,CM,29,1358,41.5,,,81.1,,,,,8.6,,6.6,3.48,65.7,3.97,1.04,8.67,0.99,41.8,,0.21,4.13,1.33,1.81,,,0.12,,,,
Benedict Hollerbach,Union Berlin,Bundesliga,2025/26,W,23,3145,41.5,,,,,,,,4.58,,,4.65,48.6,0.94,1.33,3.58,,,,0.26,5.34,1.29,,7.52,0.46,0.33,2.11,5.99,2.28,
Benedict Hollerbach,Union Berlin,Bundesliga,2024/25,W,22,3145,41.5,,,,,,,,4.4,,,4.46,46.7,0.9,1.28,3.44,,,,0.25,5.13,1.24,,7.22,0.44,0.32,2.03,5.75,2.19,
Woo-yeong Jeong,Union Berlin,Bundesliga,2025/26,W,25,3123,41.5,,,,,,,,2.39,,,3.27,47.3,1.16,0.63,4.97,,,,0.32,5.3,1.88,,5.75,0.39,0.41,3.49,4.85,2.81,
Woo-yeong Jeong,Union Berlin,Bundesliga,2024/25,W,24,3123,41.5,,,,,,,,2.44,,,3.34,48.2,1.18,0.64,5.07,,,,0.33,5.41,1.92,,5.87,0.4,0.42,3.56,4.95,2.87,
Tim Skarke,Union Berlin,Bundesliga,2025/26,W,28,1085,41.5,,,,,,,,3.27,,,4.46,54.1,0.99,0.72,5.22,,,,0.21,3.85,1.01,,5.92,0.69,0.42,2.73,4.22,2.07,
Tim Skarke,Union Berlin,Bundesliga,2024/25,W,27,1085,41.5,,,,,,,,3.34,,,4.55,55.2,1.01,0.73,5.32,,,,0.21,3.93,1.03,,6.04,0.7,0.43,2.78,4.3,2.11,
Kevin Volland,Union Berlin,Bundesliga,2025/26,ST,32,2272,41.5,,,72.1,,,,,,,,,,1.04,,1.78,,44.0,,0.11,2.6,0.76,,,0.72,0.37,3.97,5.85,1.76,52.6
Kevin Volland,Union Berlin,Bundesliga,2024/25,ST,31,2272,41.5,,,75.7,,,,,,,,,,1.09,,1.87,,46.2,,0.12,2.73,0.8,,,0.76,0.39,4.17,6.14,1.85,55.2
Jordan Siebatcheu,Union Berlin,Bundesliga,2025/26,ST,28,1878,41.5,,,75.4,,,,,,,,,,1.39,,2.02,,56.2,,0.18,3.13,1.37,,,0.22,0.67,3.75,7.57,0.82,49.5
Jordan Siebatcheu,Union Berlin,Bundesliga,2024/25,ST,27,1878,41.5,,,76.9,,,,,,,,,,1.42,,2.06,,57.3,,0.18,3.19,1.4,,,0.22,0.68,3.83,7.72,0.84,50.5
Yorbe Vertessen,Union Berlin,Bundesliga,2025/26,ST,24,3010,41.5,,,70.2,,,,,,,,,,1.35,,2.83,,54.3,,0.2,2.08,1.2,,,0.5,0.54,4.05,4.89,1.1,42.3
Yorbe Vertessen,Union Berlin,Bundesliga,2024/25,ST,23,3010,41.5,,,67.4,,,,,,,,,,1.3,,2.72,,52.1,,0.19,2.0,1.15,,,0.48,0.52,3.89,4.69,1.06,40.6
Patrick Drewes,VfL Bochum,Bundesliga,2025/26,GK,32,1479,42.0,0.23,62.8,68.2,44.2,1.63,10.8,12.9,,,,,,,,,,,,,,,,,,,,,,
Patrick Drewes,VfL Bochum,Bundesliga,2024/25,GK,31,1479,42.0,0.24,65.9,71.6,46.4,1.71,11.3,13.55,,,,,,,,,,,,,,,,,,,,,,
Manuel Riemann,VfL Bochum,Bundesliga,2025/26,GK,36,2780,42.0,0.36,60.8,80.2,35.8,1.03,5.1,16.0,,,,,,,,,,,,,,,,,,,,,,
Manuel Riemann,VfL Bochum,Bundesliga,2024/25,GK,35,2780,42.0,0.38,63.8,84.2,37.6,1.08,10.0,16.8,,,,,,,,,,,,,,,,,,,,,,
Ivan Ordets,VfL Bochum,Bundesliga,2025/26,CB,32,2921,42.0,,,90.4,,,,,3.45,317.4,3.55,0.57,79.4,1.65,2.06,5.82,2.24,71.7,65.3,,,,,,,,,,,
Ivan Ordets,VfL Bochum,Bundesliga,2024/25,CB,31,2921,42.0,,,94.9,,,,,3.62,333.27,3.73,0.6,83.4,1.73,2.16,6.11,2.35,75.3,68.6,,,,,,,,,,,
Erhan Masovic,VfL Bochum,Bundesliga,2025/26,CB,26,3029,42.0,,,84.7,,,,,3.51,294.6,4.14,1.85,52.3,1.5,2.46,4.78,1.61,71.3,66.9,,,,,,,,,,,
Erhan Masovic,VfL Bochum,Bundesliga,2024/25,CB,25,3029,42.0,,,86.4,,,,,3.58,300.49,4.22,1.89,53.3,1.53,2.51,4.88,1.64,72.7,68.2,,,,,,,,,,,
Tim Oermann,VfL Bochum,Bundesliga,2025/26,CB,21,2774,42.0,,,90.1,,,,,2.03,420.5,3.48,0.84,65.4,1.56,1.23,4.55,1.9,71.3,73.2,,,,,,,,,,,
Tim Oermann,VfL Bochum,Bundesliga,2024/25,CB,20,2774,42.0,,,82.9,,,,,1.87,386.86,3.2,0.77,60.2,1.44,1.13,4.19,1.75,65.6,67.3,,,,,,,,,,,
Jakov Medic,VfL Bochum,Bundesliga,2025/26,CB,26,2498,42.0,,,88.8,,,,,4.88,320.4,3.65,0.82,54.8,2.67,1.03,4.15,1.86,58.2,72.6,,,,,,,,,,,
Jakov Medic,VfL Bochum,Bundesliga,2024/25,CB,25,2498,42.0,,,90.6,,,,,4.98,326.81,3.72,0.84,55.9,2.72,1.05,4.23,1.9,59.4,74.1,,,,,,,,,,,
Maximilian Wittek,VfL Bochum,Bundesliga,2025/26,FB,29,960,42.0,,,79.3,,,,,4.62,,3.91,3.92,61.8,3.14,2.42,5.15,,51.8,,0.23,1.79,1.03,2.34,3.64,0.4,,,,,
Maximilian Wittek,VfL Bochum,Bundesliga,2024/25,FB,28,960,42.0,,,80.9,,,,,4.71,,3.99,4.0,63.0,3.2,2.47,5.25,,52.8,,0.23,1.83,1.05,2.39,3.71,0.41,,,,,
Felix Passlack,VfL Bochum,Bundesliga,2025/26,FB,26,2772,42.0,,,84.8,,,,,3.73,,2.79,3.15,50.3,2.41,1.89,5.19,,42.7,,0.08,3.16,1.64,2.09,3.17,0.29,,,,,
Felix Passlack,VfL Bochum,Bundesliga,2024/25,FB,25,2772,42.0,,,86.5,,,,,3.8,,2.85,3.21,51.3,2.46,1.93,5.29,,43.6,,0.08,3.22,1.67,2.13,3.23,0.3,,,,,
Cristian Gamboa,VfL Bochum,Bundesliga,2025/26,FB,35,1628,42.0,,,80.9,,,,,3.71,,3.8,3.75,55.9,3.0,1.14,6.48,,53.5,,0.15,3.32,1.76,2.15,3.63,0.55,,,,,
Cristian Gamboa,VfL Bochum,Bundesliga,2024/25,FB,34,1628,42.0,,,84.9,,,,,3.9,,3.99,3.94,58.7,3.15,1.2,6.8,,56.2,,0.16,3.49,1.85,2.26,3.81,0.58,,,,,
Anthony Losilla,VfL Bochum,Bundesliga,2025/26,CM,38,804,42.0,,,75.7,,,,,6.65,,6.21,1.57,68.7,2.45,1.88,7.97,1.71,57.4,,0.2,3.45,1.69,1.24,,,0.14,,,,
Anthony Losilla,VfL Bochum,Bundesliga,2024/25,CM,37,900,42.0,,,79.5,,,,,6.98,,6.52,1.65,72.1,2.57,1.97,8.37,1.8,60.3,,0.21,3.62,1.77,1.3,,,0.15,,,,
Matus Bero,VfL Bochum,Bundesliga,2025/26,CM,29,1200,42.0,,,84.0,,,,,6.72,,3.02,1.64,67.3,1.52,1.78,7.08,1.25,45.1,,0.1,3.8,2.35,0.67,,,0.08,,,,
Matus Bero,VfL Bochum,Bundesliga,2024/25,CM,28,1200,42.0,,,85.7,,,,,6.85,,3.08,1.67,68.6,1.55,1.82,7.22,1.27,46.0,,0.1,3.88,2.4,0.68,,,0.08,,,,
Lukas Daschner,VfL Bochum,Bundesliga,2025/26,CM,26,2093,42.0,,,83.0,,,,,6.82,,6.97,2.53,56.9,2.01,1.83,7.23,1.01,54.0,,0.07,2.78,1.8,1.02,,,0.07,,,,
Lukas Daschner,VfL Bochum,Bundesliga,2024/25,CM,25,2093,42.0,,,84.7,,,,,6.96,,7.11,2.58,58.0,2.05,1.87,7.37,1.03,55.1,,0.07,2.84,1.84,1.04,,,0.07,,,,
Ibrahima Sissoko,VfL Bochum,Bundesliga,2025/26,CM,27,2781,42.0,,,87.8,,,,,7.3,,4.79,2.87,66.0,1.9,1.32,6.6,1.21,53.8,,0.11,2.53,2.0,1.97,,,0.05,,,,
Ibrahima Sissoko,VfL Bochum,Bundesliga,2024/25,CM,26,2781,42.0,,,89.6,,,,,7.45,,4.89,2.93,67.3,1.94,1.35,6.73,1.23,54.9,,0.11,2.58,2.04,2.01,,,0.05,,,,
Philipp Hofmann,VfL Bochum,Bundesliga,2025/26,ST,31,1013,42.0,,,64.4,,,,,,,,,,1.48,,2.27,,38.6,,0.24,2.37,0.6,,,0.22,0.38,4.43,4.36,0.62,35.1
Philipp Hofmann,VfL Bochum,Bundesliga,2024/25,ST,30,1013,42.0,,,67.6,,,,,,,,,,1.55,,2.38,,40.5,,0.25,2.49,0.63,,,0.23,0.4,4.65,4.58,0.65,36.9
Moritz Broschinski,VfL Bochum,Bundesliga,2025/26,ST,24,2934,42.0,,,78.6,,,,,,,,,,1.01,,3.07,,39.4,,0.15,1.52,1.78,,,0.32,0.44,4.43,7.09,1.28,36.1
Moritz Broschinski,VfL Bochum,Bundesliga,2024/25,ST,23,2934,42.0,,,75.5,,,,,,,,,,0.97,,2.95,,37.8,,0.14,1.46,1.71,,,0.31,0.42,4.25,6.81,1.23,34.7
Gerrit Holtmann,VfL Bochum,Bundesliga,2025/26,W,29,1748,42.0,,,,,,,,4.68,,,4.6,46.9,0.53,1.2,5.76,,,,0.28,3.58,1.36,,3.43,0.79,0.33,2.81,6.9,2.01,
Gerrit Holtmann,VfL Bochum,Bundesliga,2024/25,W,28,1748,42.0,,,,,,,,4.77,,,4.69,47.8,0.54,1.22,5.88,,,,0.29,3.65,1.39,,3.5,0.81,0.34,2.87,7.04,2.05,
Koji Miyoshi,VfL Bochum,Bundesliga,2025/26,W,27,3090,42.0,,,,,,,,3.04,,,5.3,63.2,0.64,0.79,5.84,,,,0.22,5.39,1.19,,3.97,1.02,0.42,2.05,5.43,2.02,
Koji Miyoshi,VfL Bochum,Bundesliga,2024/25,W,26,3090,42.0,,,,,,,,3.1,,,5.41,64.5,0.65,0.81,5.96,,,,0.22,5.5,1.21,,4.05,1.04,0.43,2.09,5.54,2.06,
Aliou Balde,VfL Bochum,Bundesliga,2025/26,W,22,1855,42.0,,,,,,,,5.84,,,6.03,59.2,1.67,0.53,3.35,,,,0.31,4.22,1.83,,5.82,0.36,0.41,2.89,6.86,2.15,
Aliou Balde,VfL Bochum,Bundesliga,2024/25,W,21,1855,42.0,,,,,,,,5.61,,,5.79,56.8,1.6,0.51,3.22,,,,0.3,4.05,1.76,,5.59,0.35,0.39,2.77,6.59,2.06,
Dani de Wit,VfL Bochum,Bundesliga,2025/26,CM,26,1702,42.0,,,75.1,,,,,8.16,,3.37,1.62,65.2,3.55,1.11,8.73,1.37,48.8,,0.1,2.45,2.42,1.53,,,0.11,,,,
Dani de Wit,VfL Bochum,Bundesliga,2024/25,CM,25,1702,42.0,,,76.6,,,,,8.32,,3.44,1.65,66.5,3.62,1.13,8.9,1.4,49.8,,0.1,2.5,2.47,1.56,,,0.11,,,,
Myron Boadu,VfL Bochum,Bundesliga,2025/26,ST,24,3149,42.0,,,64.1,,,,,,,,,,0.66,,2.74,,47.5,,0.09,2.97,1.81,,,0.35,0.43,4.39,7.64,0.8,48.7
Myron Boadu,VfL Bochum,Bundesliga,2024/25,ST,23,3149,42.0,,,61.5,,,,,,,,,,0.63,,2.63,,45.6,,0.09,2.85,1.74,,,0.34,0.41,4.21,7.33,0.77,46.8
Nikola Vasilj,FC St. Pauli,Bundesliga,2025/26,GK,29,1236,46.0,-0.22,61.6,84.1,42.3,0.51,10.7,17.7,,,,,,,,,,,,,,,,,,,,,,
Nikola Vasilj,FC St. Pauli,Bundesliga,2024/25,GK,28,1236,46.0,0.0,62.8,85.8,43.1,0.52,10.9,18.05,,,,,,,,,,,,,,,,,,,,,,
Sascha Burchert,FC St. Pauli,Bundesliga,2025/26,GK,35,2775,46.0,-0.04,66.3,83.0,52.0,1.65,5.5,13.1,,,,,,,,,,,,,,,,,,,,,,
Sascha Burchert,FC St. Pauli,Bundesliga,2024/25,GK,34,2775,46.0,0.0,69.6,87.2,54.6,1.73,10.0,13.76,,,,,,,,,,,,,,,,,,,,,,
Eric Smith,FC St. Pauli,Bundesliga,2025/26,CB,28,2893,46.0,,,79.8,,,,,2.89,344.2,1.74,1.7,64.3,2.08,1.75,5.38,2.03,58.5,79.5,,,,,,,,,,,
Eric Smith,FC St. Pauli,Bundesliga,2024/25,CB,27,2893,46.0,,,81.4,,,,,2.95,351.08,1.77,1.73,65.6,2.12,1.79,5.49,2.07,59.7,81.1,,,,,,,,,,,
Karol Mets,FC St. Pauli,Bundesliga,2025/26,CB,32,2922,46.0,,,82.8,,,,,4.76,203.0,2.45,1.37,59.8,2.23,1.39,5.92,1.36,64.4,72.3,,,,,,,,,,,
Karol Mets,FC St. Pauli,Bundesliga,2024/25,CB,31,2922,46.0,,,86.9,,,,,5.0,213.15,2.57,1.44,62.8,2.34,1.46,6.22,1.43,67.6,75.9,,,,,,,,,,,
Hauke Wahl,FC St. Pauli,Bundesliga,2025/26,CB,30,2298,46.0,,,78.1,,,,,3.7,304.8,4.88,1.05,62.0,1.9,1.86,7.43,2.03,71.3,74.4,,,,,,,,,,,
Hauke Wahl,FC St. Pauli,Bundesliga,2024/25,CB,29,2298,46.0,,,79.7,,,,,3.77,310.9,4.98,1.07,63.2,1.94,1.9,7.58,2.07,72.7,75.9,,,,,,,,,,,
David Nemeth,FC St. Pauli,Bundesliga,2025/26,CB,23,1765,46.0,,,84.4,,,,,5.43,249.0,5.1,1.61,64.2,1.02,1.63,4.47,2.34,67.6,70.7,,,,,,,,,,,
David Nemeth,FC St. Pauli,Bundesliga,2024/25,CB,22,1765,46.0,,,81.0,,,,,5.21,239.04,4.9,1.55,61.6,0.98,1.56,4.29,2.25,64.9,67.9,,,,,,,,,,,
Philipp Treu,FC St. Pauli,Bundesliga,2025/26,FB,24,2093,46.0,,,77.2,,,,,5.76,,4.44,1.65,58.9,2.4,1.5,5.58,,63.3,,0.21,2.1,1.59,1.64,2.43,0.38,,,,,
Philipp Treu,FC St. Pauli,Bundesliga,2024/25,FB,23,2093,46.0,,,74.1,,,,,5.53,,4.26,1.58,56.5,2.3,1.44,5.36,,60.8,,0.2,2.02,1.53,1.57,2.33,0.36,,,,,
Manolis Saliakas,FC St. Pauli,Bundesliga,2025/26,FB,28,1855,46.0,,,80.9,,,,,5.31,,3.62,3.12,48.5,2.15,1.77,6.82,,42.0,,0.12,2.32,1.29,1.86,3.94,0.32,,,,,
Manolis Saliakas,FC St. Pauli,Bundesliga,2024/25,FB,27,1855,46.0,,,82.5,,,,,5.42,,3.69,3.18,49.5,2.19,1.81,6.96,,42.8,,0.12,2.37,1.32,1.9,4.02,0.33,,,,,
Fin Stevens,FC St. Pauli,Bundesliga,2025/26,FB,21,1973,46.0,,,86.7,,,,,4.69,,3.21,3.03,42.4,2.19,1.47,6.46,,55.1,,0.14,3.41,2.02,1.78,3.72,0.46,,,,,
Fin Stevens,FC St. Pauli,Bundesliga,2024/25,FB,20,1973,46.0,,,79.8,,,,,4.31,,2.95,2.79,39.0,2.01,1.35,5.94,,50.7,,0.13,3.14,1.86,1.64,3.42,0.42,,,,,
Jackson Irvine,FC St. Pauli,Bundesliga,2025/26,CM,31,2419,46.0,,,89.5,,,,,6.07,,3.09,1.46,66.8,3.16,2.41,7.8,0.9,44.2,,0.14,4.09,1.42,1.67,,,0.06,,,,
Jackson Irvine,FC St. Pauli,Bundesliga,2024/25,CM,30,2419,46.0,,,94.0,,,,,6.37,,3.24,1.53,70.1,3.32,2.53,8.19,0.95,46.4,,0.15,4.29,1.49,1.75,,,0.06,,,,
Carlo Boukhalfa,FC St. Pauli,Bundesliga,2025/26,CM,25,1221,46.0,,,82.9,,,,,8.98,,5.47,1.26,47.5,3.83,1.58,5.92,1.69,51.1,,0.24,2.92,0.89,2.04,,,0.03,,,,
Carlo Boukhalfa,FC St. Pauli,Bundesliga,2024/25,CM,24,1221,46.0,,,84.6,,,,,9.16,,5.58,1.29,48.5,3.91,1.61,6.04,1.72,52.1,,0.24,2.98,0.91,2.08,,,0.03,,,,
Connor Metcalfe,FC St. Pauli,Bundesliga,2025/26,CM,25,1317,46.0,,,79.9,,,,,6.38,,5.16,3.44,53.2,2.61,2.45,7.79,1.01,54.9,,0.22,1.59,1.93,2.22,,,0.04,,,,
Connor Metcalfe,FC St. Pauli,Bundesliga,2024/25,CM,24,1317,46.0,,,81.5,,,,,6.51,,5.26,3.51,54.3,2.66,2.5,7.95,1.03,56.0,,0.22,1.62,1.97,2.26,,,0.04,,,,
Robert Wagner,FC St. Pauli,Bundesliga,2025/26,CM,21,3110,46.0,,,78.4,,,,,4.45,,4.65,1.77,49.7,1.53,1.78,8.03,0.96,47.2,,0.18,3.1,2.35,1.46,,,0.08,,,,
Robert Wagner,FC St. Pauli,Bundesliga,2024/25,CM,20,3110,46.0,,,72.1,,,,,4.09,,4.28,1.63,45.7,1.41,1.64,7.39,0.88,43.4,,0.17,2.85,2.16,1.34,,,0.07,,,,
Oladapo Afolayan,FC St. Pauli,Bundesliga,2025/26,W,27,2991,46.0,,,,,,,,2.03,,,3.92,47.3,1.62,0.89,3.49,,,,0.33,5.34,1.74,,5.15,0.96,0.15,2.45,3.04,1.93,
Oladapo Afolayan,FC St. Pauli,Bundesliga,2024/25,W,26,2991,46.0,,,,,,,,2.07,,,4.0,48.2,1.65,0.91,3.56,,,,0.34,5.45,1.77,,5.25,0.98,0.15,2.5,3.1,1.97,
Elias Saad,FC St. Pauli,Bundesliga,2025/26,W,25,2396,46.0,,,,,,,,3.09,,,5.78,55.3,1.04,0.69,3.21,,,,0.19,2.74,1.96,,7.0,0.42,0.4,2.75,5.07,2.62,
Elias Saad,FC St. Pauli,Bundesliga,2024/25,W,24,2396,46.0,,,,,,,,3.15,,,5.9,56.4,1.06,0.7,3.27,,,,0.19,2.79,2.0,,7.14,0.43,0.41,2.81,5.17,2.67,
Danel Sinani,FC St. Pauli,Bundesliga,2025/26,W,27,1252,46.0,,,,,,,,2.74,,,5.14,41.2,1.93,1.23,3.7,,,,0.27,3.32,1.48,,3.1,0.44,0.34,2.75,3.75,1.26,
Danel Sinani,FC St. Pauli,Bundesliga,2024/25,W,26,1252,46.0,,,,,,,,2.79,,,5.24,42.0,1.97,1.25,3.77,,,,0.28,3.39,1.51,,3.16,0.45,0.35,2.81,3.83,1.29,
Johannes Eggestein,FC St. Pauli,Bundesliga,2025/26,ST,26,2821,46.0,,,75.0,,,,,,,,,,1.04,,2.28,,44.3,,0.19,1.56,0.62,,,0.36,0.41,3.34,5.99,0.72,50.7
Johannes Eggestein,FC St. Pauli,Bundesliga,2024/25,ST,25,2821,46.0,,,76.5,,,,,,,,,,1.06,,2.33,,45.2,,0.19,1.59,0.63,,,0.37,0.42,3.41,6.11,0.73,51.7
Morgan Guilavogui,FC St. Pauli,Bundesliga,2025/26,ST,26,1543,46.0,,,68.9,,,,,,,,,,1.27,,2.42,,38.0,,0.2,2.0,1.66,,,0.22,0.4,4.18,7.31,1.61,51.3
Morgan Guilavogui,FC St. Pauli,Bundesliga,2024/25,ST,25,1543,46.0,,,70.3,,,,,,,,,,1.3,,2.47,,38.8,,0.2,2.04,1.69,,,0.22,0.41,4.26,7.46,1.64,52.3
Andreas Albers,FC St. Pauli,Bundesliga,2025/26,ST,34,2934,46.0,,,71.0,,,,,,,,,,0.86,,2.1,,58.4,,0.08,2.96,1.62,,,0.49,0.63,2.92,7.84,0.68,42.8
Andreas Albers,FC St. Pauli,Bundesliga,2024/25,ST,33,2934,46.0,,,74.5,,,,,,,,,,0.9,,2.21,,61.3,,0.08,3.11,1.7,,,0.51,0.66,3.07,8.23,0.71,44.9
Timon Weiner,Holstein Kiel,Bundesliga,2025/26,GK,26,1013,44.0,0.3,64.4,67.3,45.8,1.15,4.5,13.7,,,,,,,,,,,,,,,,,,,,,,
Timon Weiner,Holstein Kiel,Bundesliga,2024/25,GK,25,1013,44.0,0.31,65.7,68.6,46.7,1.17,10.0,13.97,,,,,,,,,,,,,,,,,,,,,,
Thomas Dähne,Holstein Kiel,Bundesliga,2025/26,GK,30,1290,44.0,-0.02,64.9,84.4,44.5,1.88,9.2,12.9,,,,,,,,,,,,,,,,,,,,,,
Thomas Dähne,Holstein Kiel,Bundesliga,2024/25,GK,29,1290,44.0,0.0,66.2,86.1,45.4,1.92,10.0,13.16,,,,,,,,,,,,,,,,,,,,,,
Patrick Erras,Holstein Kiel,Bundesliga,2025/26,CB,30,1166,44.0,,,79.2,,,,,4.0,371.5,3.02,1.95,72.8,1.12,1.53,4.54,1.8,57.1,69.8,,,,,,,,,,,
Patrick Erras,Holstein Kiel,Bundesliga,2024/25,CB,29,1166,44.0,,,80.8,,,,,4.08,378.93,3.08,1.99,74.3,1.14,1.56,4.63,1.84,58.2,71.2,,,,,,,,,,,
Carl Johansson,Holstein Kiel,Bundesliga,2025/26,CB,30,2097,44.0,,,91.7,,,,,5.15,389.2,5.12,1.16,55.8,2.38,1.54,4.47,2.35,64.7,68.8,,,,,,,,,,,
Carl Johansson,Holstein Kiel,Bundesliga,2024/25,CB,29,2097,44.0,,,93.5,,,,,5.25,396.98,5.22,1.18,56.9,2.43,1.57,4.56,2.4,66.0,70.2,,,,,,,,,,,
Colin Kleine-Bekel,Holstein Kiel,Bundesliga,2025/26,CB,22,2007,44.0,,,84.2,,,,,3.96,341.7,3.95,0.99,64.1,2.74,1.9,7.01,1.24,65.6,69.0,,,,,,,,,,,
Colin Kleine-Bekel,Holstein Kiel,Bundesliga,2024/25,CB,21,2007,44.0,,,80.8,,,,,3.8,328.03,3.79,0.95,61.5,2.63,1.82,6.73,1.19,63.0,66.2,,,,,,,,,,,
Marco Komenda,Holstein Kiel,Bundesliga,2025/26,CB,28,1878,44.0,,,84.2,,,,,3.82,394.0,3.78,1.6,76.5,2.24,1.55,6.17,1.48,56.3,79.3,,,,,,,,,,,
Marco Komenda,Holstein Kiel,Bundesliga,2024/25,CB,27,1878,44.0,,,85.9,,,,,3.9,401.88,3.86,1.63,78.0,2.28,1.58,6.29,1.51,57.4,80.9,,,,,,,,,,,
Timo Becker,Holstein Kiel,Bundesliga,2025/26,FB,27,2387,44.0,,,75.1,,,,,4.64,,2.29,2.31,41.3,3.38,1.27,4.59,,44.8,,0.09,2.87,1.87,0.81,2.98,0.15,,,,,
Timo Becker,Holstein Kiel,Bundesliga,2024/25,FB,26,2387,44.0,,,76.6,,,,,4.73,,2.34,2.36,42.1,3.45,1.3,4.68,,45.7,,0.09,2.93,1.91,0.83,3.04,0.15,,,,,
Tymoteusz Puchacz,Holstein Kiel,Bundesliga,2025/26,FB,26,930,44.0,,,82.6,,,,,4.02,,3.82,2.42,67.9,1.92,1.74,7.17,,60.0,,0.16,3.17,1.72,1.55,1.21,0.14,,,,,
Tymoteusz Puchacz,Holstein Kiel,Bundesliga,2024/25,FB,25,930,44.0,,,84.3,,,,,4.1,,3.9,2.47,69.3,1.96,1.77,7.31,,61.2,,0.16,3.23,1.75,1.58,1.23,0.14,,,,,
Lasse Rosenboom,Holstein Kiel,Bundesliga,2025/26,FB,23,1048,44.0,,,84.3,,,,,3.23,,3.59,3.04,65.0,1.66,1.32,6.06,,45.8,,0.12,2.99,2.05,2.14,3.2,0.15,,,,,
Lasse Rosenboom,Holstein Kiel,Bundesliga,2024/25,FB,22,1048,44.0,,,80.9,,,,,3.1,,3.45,2.92,62.4,1.59,1.27,5.82,,44.0,,0.12,2.87,1.97,2.05,3.07,0.14,,,,,
Magnus Knudsen,Holstein Kiel,Bundesliga,2025/26,CM,23,2378,44.0,,,86.2,,,,,6.08,,5.55,1.26,55.7,2.65,2.0,8.53,1.0,44.5,,0.16,2.25,1.86,0.86,,,0.04,,,,
Magnus Knudsen,Holstein Kiel,Bundesliga,2024/25,CM,22,2378,44.0,,,82.8,,,,,5.84,,5.33,1.21,53.5,2.54,1.92,8.19,0.96,42.7,,0.15,2.16,1.79,0.83,,,0.04,,,,
Lewis Holtby,Holstein Kiel,Bundesliga,2025/26,CM,34,2444,44.0,,,88.5,,,,,6.75,,6.38,3.49,57.4,3.08,2.24,6.29,1.09,53.6,,0.18,3.1,1.82,2.37,,,0.09,,,,
Lewis Holtby,Holstein Kiel,Bundesliga,2024/25,CM,33,2444,44.0,,,92.9,,,,,7.09,,6.7,3.66,60.3,3.23,2.35,6.6,1.14,56.3,,0.19,3.26,1.91,2.49,,,0.09,,,,
Nicolai Remberg,Holstein Kiel,Bundesliga,2025/26,CM,24,2336,44.0,,,81.0,,,,,7.63,,5.38,3.46,60.5,3.98,1.45,6.2,1.07,61.4,,0.24,2.26,2.43,1.39,,,0.12,,,,
Nicolai Remberg,Holstein Kiel,Bundesliga,2024/25,CM,23,2336,44.0,,,77.8,,,,,7.32,,5.16,3.32,58.1,3.82,1.39,5.95,1.03,58.9,,0.23,2.17,2.33,1.33,,,0.12,,,,
Armin Gigovic,Holstein Kiel,Bundesliga,2025/26,CM,22,888,44.0,,,83.6,,,,,6.86,,4.84,1.24,49.7,2.16,2.33,6.0,1.11,47.5,,0.24,3.97,2.36,1.52,,,0.12,,,,
Armin Gigovic,Holstein Kiel,Bundesliga,2024/25,CM,21,900,44.0,,,80.3,,,,,6.59,,4.65,1.19,47.7,2.07,2.24,5.76,1.07,45.6,,0.23,3.81,2.27,1.46,,,0.12,,,,
Finn Porath,Holstein Kiel,Bundesliga,2025/26,W,28,3136,44.0,,,,,,,,4.3,,,5.76,60.6,1.1,1.23,4.73,,,,0.33,4.7,2.07,,3.86,0.37,0.27,2.95,6.17,3.27,
Finn Porath,Holstein Kiel,Bundesliga,2024/25,W,27,3136,44.0,,,,,,,,4.39,,,5.88,61.8,1.12,1.25,4.82,,,,0.34,4.79,2.11,,3.94,0.38,0.28,3.01,6.29,3.34,
Steven Skrzybski,Holstein Kiel,Bundesliga,2025/26,W,32,1029,44.0,,,,,,,,5.4,,,5.99,59.3,1.76,0.55,4.57,,,,0.22,5.14,2.14,,3.6,0.59,0.43,2.37,6.72,3.32,
Steven Skrzybski,Holstein Kiel,Bundesliga,2024/25,W,31,1029,44.0,,,,,,,,5.67,,,6.29,62.3,1.85,0.58,4.8,,,,0.23,5.4,2.25,,3.78,0.62,0.45,2.49,7.06,3.49,
Alexander Bernhardsson,Holstein Kiel,Bundesliga,2025/26,W,26,3113,44.0,,,,,,,,4.02,,,5.38,51.1,1.29,0.63,3.25,,,,0.25,3.16,1.52,,4.96,0.81,0.19,1.6,5.93,1.56,
Alexander Bernhardsson,Holstein Kiel,Bundesliga,2024/25,W,25,3113,44.0,,,,,,,,4.1,,,5.49,52.1,1.32,0.64,3.31,,,,0.26,3.22,1.55,,5.06,0.83,0.19,1.63,6.05,1.59,
Shuto Machino,Holstein Kiel,Bundesliga,2025/26,ST,25,1001,44.0,,,67.9,,,,,,,,,,1.02,,3.49,,52.4,,0.2,2.46,0.8,,,0.54,0.57,3.03,5.74,1.36,43.0
Shuto Machino,Holstein Kiel,Bundesliga,2024/25,ST,24,1001,44.0,,,69.3,,,,,,,,,,1.04,,3.56,,53.4,,0.2,2.51,0.82,,,0.55,0.58,3.09,5.85,1.39,43.9
Benedikt Pichler,Holstein Kiel,Bundesliga,2025/26,ST,27,1792,44.0,,,66.4,,,,,,,,,,1.49,,2.11,,37.2,,0.18,2.35,1.02,,,0.21,0.34,4.05,7.7,1.39,41.5
Benedikt Pichler,Holstein Kiel,Bundesliga,2024/25,ST,26,1792,44.0,,,67.7,,,,,,,,,,1.52,,2.15,,37.9,,0.18,2.4,1.04,,,0.21,0.35,4.13,7.85,1.42,42.3
Fiete Arp,Holstein Kiel,Bundesliga,2025/26,ST,25,2611,44.0,,,74.8,,,,,,,,,,1.33,,1.8,,52.1,,0.08,2.96,0.63,,,0.57,0.61,3.38,4.93,0.86,53.5
Fiete Arp,Holstein Kiel,Bundesliga,2024/25,ST,24,2611,44.0,,,76.3,,,,,,,,,,1.36,,1.84,,53.1,,0.08,3.02,0.64,,,0.58,0.62,3.45,5.03,0.88,54.6
Robin Zentner,Mainz 05,Bundesliga,2025/26,GK,30,1978,46.5,-0.29,73.9,67.2,41.3,0.55,4.9,15.2,,,,,,,,,,,,,,,,,,,,,,
Robin Zentner,Mainz 05,Bundesliga,2024/25,GK,29,1978,46.5,0.0,75.4,68.5,42.1,0.56,10.0,15.5,,,,,,,,,,,,,,,,,,,,,,
Daniel Batz,Mainz 05,Bundesliga,2025/26,GK,34,1634,46.5,0.08,75.0,76.0,45.6,2.48,9.3,16.0,,,,,,,,,,,,,,,,,,,,,,
Daniel Batz,Mainz 05,Bundesliga,2024/25,GK,33,1634,46.5,0.08,78.8,79.8,47.9,2.6,10.0,16.8,,,,,,,,,,,,,,,,,,,,,,
Stefan Bell,Mainz 05,Bundesliga,2025/26,CB,33,2342,46.5,,,84.9,,,,,4.65,210.9,2.27,0.93,73.7,2.24,1.08,6.29,1.01,62.8,65.4,,,,,,,,,,,
Stefan Bell,Mainz 05,Bundesliga,2024/25,CB,32,2342,46.5,,,89.1,,,,,4.88,221.45,2.38,0.98,77.4,2.35,1.13,6.6,1.06,65.9,68.7,,,,,,,,,,,
Dominik Kohr,Mainz 05,Bundesliga,2025/26,CB,31,2275,46.5,,,89.7,,,,,2.08,416.9,4.42,0.85,61.4,2.95,1.15,5.1,2.3,65.6,63.7,,,,,,,,,,,
Dominik Kohr,Mainz 05,Bundesliga,2024/25,CB,30,2275,46.5,,,94.2,,,,,2.18,437.75,4.64,0.89,64.5,3.1,1.21,5.35,2.42,68.9,66.9,,,,,,,,,,,
Maxim Leitsch,Mainz 05,Bundesliga,2025/26,CB,26,2850,46.5,,,91.4,,,,,4.24,378.1,1.68,1.88,59.1,1.98,2.12,4.06,2.03,62.1,66.0,,,,,,,,,,,
Maxim Leitsch,Mainz 05,Bundesliga,2024/25,CB,25,2850,46.5,,,93.2,,,,,4.32,385.66,1.71,1.92,60.3,2.02,2.16,4.14,2.07,63.3,67.3,,,,,,,,,,,
Moritz Jenz,Mainz 05,Bundesliga,2025/26,CB,25,2853,46.5,,,79.7,,,,,2.25,264.4,3.24,2.0,79.7,2.89,2.42,4.79,1.51,62.9,62.7,,,,,,,,,,,
Moritz Jenz,Mainz 05,Bundesliga,2024/25,CB,24,2853,46.5,,,81.3,,,,,2.29,269.69,3.3,2.04,81.3,2.95,2.47,4.89,1.54,64.2,64.0,,,,,,,,,,,
Anthony Caci,Mainz 05,Bundesliga,2025/26,FB,27,2365,46.5,,,77.5,,,,,5.29,,2.94,2.57,53.5,1.76,1.98,6.24,,45.1,,0.15,2.86,2.02,1.87,2.82,0.44,,,,,
Anthony Caci,Mainz 05,Bundesliga,2024/25,FB,26,2365,46.5,,,79.0,,,,,5.4,,3.0,2.62,54.6,1.8,2.02,6.36,,46.0,,0.15,2.92,2.06,1.91,2.88,0.45,,,,,
Phillipp Mwene,Mainz 05,Bundesliga,2025/26,FB,31,1365,46.5,,,87.9,,,,,6.9,,4.8,1.86,49.5,2.61,2.42,4.86,,62.0,,0.11,2.91,1.53,0.77,3.75,0.26,,,,,
Phillipp Mwene,Mainz 05,Bundesliga,2024/25,FB,30,1365,46.5,,,92.3,,,,,7.25,,5.04,1.95,52.0,2.74,2.54,5.1,,65.1,,0.12,3.06,1.61,0.81,3.94,0.27,,,,,
Silvan Widmer,Mainz 05,Bundesliga,2025/26,FB,32,920,46.5,,,78.0,,,,,6.74,,4.8,3.74,63.4,1.71,1.28,6.79,,46.7,,0.2,3.26,1.38,1.32,1.82,0.41,,,,,
Silvan Widmer,Mainz 05,Bundesliga,2024/25,FB,31,920,46.5,,,81.9,,,,,7.08,,5.04,3.93,66.6,1.8,1.34,7.13,,49.0,,0.21,3.42,1.45,1.39,1.91,0.43,,,,,
Nadiem Amiri,Mainz 05,Bundesliga,2025/26,CM,28,3122,46.5,,,86.7,,,,,4.67,,4.88,3.12,64.5,1.96,1.58,6.9,1.0,45.7,,0.17,2.19,0.84,0.66,,,0.1,,,,
Nadiem Amiri,Mainz 05,Bundesliga,2024/25,CM,27,3122,46.5,,,88.4,,,,,4.76,,4.98,3.18,65.8,2.0,1.61,7.04,1.02,46.6,,0.17,2.23,0.86,0.67,,,0.1,,,,
Kaishu Sano,Mainz 05,Bundesliga,2025/26,CM,24,2473,46.5,,,89.8,,,,,7.79,,6.71,1.17,74.6,3.67,1.73,6.3,1.35,46.2,,0.05,2.31,1.5,1.98,,,0.12,,,,
Kaishu Sano,Mainz 05,Bundesliga,2024/25,CM,23,2473,46.5,,,86.2,,,,,7.48,,6.44,1.12,71.6,3.52,1.66,6.05,1.3,44.4,,0.05,2.22,1.44,1.9,,,0.12,,,,
Jae-sung Lee,Mainz 05,Bundesliga,2025/26,CM,32,2458,46.5,,,89.1,,,,,6.86,,5.57,2.34,66.1,1.6,1.16,6.83,1.85,61.9,,0.17,3.97,2.02,1.29,,,0.12,,,,
Jae-sung Lee,Mainz 05,Bundesliga,2024/25,CM,31,2458,46.5,,,93.6,,,,,7.2,,5.85,2.46,69.4,1.68,1.22,7.17,1.94,65.0,,0.18,4.17,2.12,1.35,,,0.13,,,,
Hyun-seok Hong,Mainz 05,Bundesliga,2025/26,CM,25,1806,46.5,,,84.5,,,,,4.25,,4.59,1.73,54.1,3.57,1.69,6.69,1.54,41.4,,0.13,3.71,1.75,1.53,,,0.09,,,,
Hyun-seok Hong,Mainz 05,Bundesliga,2024/25,CM,24,1806,46.5,,,86.2,,,,,4.33,,4.68,1.76,55.2,3.64,1.72,6.82,1.57,42.2,,0.13,3.78,1.79,1.56,,,0.09,,,,
Jonathan Burkardt,Mainz 05,Bundesliga,2025/26,ST,24,2917,46.5,,,70.9,,,,,,,,,,0.95,,1.55,,47.5,,0.09,2.67,1.84,,,0.39,0.75,3.43,4.36,1.09,47.9
Jonathan Burkardt,Mainz 05,Bundesliga,2024/25,ST,23,2917,46.5,,,68.1,,,,,,,,,,0.91,,1.49,,45.6,,0.09,2.56,1.77,,,0.37,0.72,3.29,4.19,1.05,46.0
Armindo Sieb,Mainz 05,Bundesliga,2025/26,ST,22,1627,46.5,,,74.1,,,,,,,,,,1.23,,2.91,,52.8,,0.08,2.97,0.64,,,0.25,0.74,2.68,6.59,1.45,41.5
Armindo Sieb,Mainz 05,Bundesliga,2024/25,ST,21,1627,46.5,,,71.1,,,,,,,,,,1.18,,2.79,,50.7,,0.08,2.85,0.61,,,0.24,0.71,2.57,6.33,1.39,39.8
Nelson Weiper,Mainz 05,Bundesliga,2025/26,ST,19,2895,46.5,,,63.2,,,,,,,,,,0.81,,1.6,,39.3,,0.12,3.24,1.79,,,0.66,0.61,2.82,4.18,0.72,46.0
Nelson Weiper,Mainz 05,Bundesliga,2024/25,ST,18,2460,46.5,,,58.1,,,,,,,,,,0.75,,1.47,,36.2,,0.11,2.98,1.65,,,0.61,0.56,2.59,3.85,0.66,42.3
Karim Onisiwo,Mainz 05,Bundesliga,2025/26,ST,32,2627,46.5,,,70.0,,,,,,,,,,0.72,,2.49,,35.1,,0.2,1.52,1.25,,,0.56,0.44,2.86,7.84,1.71,53.0
Karim Onisiwo,Mainz 05,Bundesliga,2024/25,ST,31,2627,46.5,,,73.5,,,,,,,,,,0.76,,2.61,,36.9,,0.21,1.6,1.31,,,0.59,0.46,3.0,8.23,1.8,55.7
Paul Nebel,Mainz 05,Bundesliga,2025/26,W,22,2748,46.5,,,,,,,,2.83,,,6.28,55.7,1.2,0.65,3.1,,,,0.24,4.3,1.1,,4.39,0.82,0.29,1.51,6.53,1.46,
Paul Nebel,Mainz 05,Bundesliga,2024/25,W,21,2748,46.5,,,,,,,,2.72,,,6.03,53.5,1.15,0.62,2.98,,,,0.23,4.13,1.06,,4.21,0.79,0.28,1.45,6.27,1.4,
Gabriel Vidovic,Mainz 05,Bundesliga,2025/26,W,21,2022,46.5,,,,,,,,4.29,,,5.8,56.5,2.0,0.86,3.11,,,,0.17,2.83,2.74,,4.42,0.99,0.25,3.49,3.65,2.41,
Gabriel Vidovic,Mainz 05,Bundesliga,2024/25,W,20,2022,46.5,,,,,,,,3.95,,,5.34,52.0,1.84,0.79,2.86,,,,0.16,2.6,2.52,,4.07,0.91,0.23,3.21,3.36,2.22,
Mike Maignan,AC Milan,Serie A,2025/26,GK,29,2800,55.8,0.22,78.5,82.0,52.5,1.45,7.8,16.2,,,,,,,,,,,,,,,,,,,,,,
Mike Maignan,AC Milan,Serie A,2024/25,GK,28,2800,55.8,0.22,80.1,83.6,53.6,1.48,10.0,16.52,,,,,,,,,,,,,,,,,,,,,,
Fikayo Tomori,AC Milan,Serie A,2025/26,CB,27,2600,55.8,,,89.4,,,,,4.65,360.0,4.1,1.75,75.0,2.65,1.85,6.85,1.65,65.0,76.0,,,,,,,,,,,
Fikayo Tomori,AC Milan,Serie A,2024/25,CB,26,2600,55.8,,,91.2,,,,,4.74,367.2,4.18,1.79,76.5,2.7,1.89,6.99,1.68,66.3,77.5,,,,,,,,,,,
Matteo Gabbia,AC Milan,Serie A,2025/26,CB,25,2300,55.8,,,91.0,,,,,4.85,375.0,4.3,1.1,80.0,2.3,1.65,6.2,1.85,69.0,73.0,,,,,,,,,,,
Matteo Gabbia,AC Milan,Serie A,2024/25,CB,24,2300,55.8,,,92.8,,,,,4.95,382.5,4.39,1.12,81.6,2.35,1.68,6.32,1.89,70.4,74.5,,,,,,,,,,,
Strahinja Pavlovic,AC Milan,Serie A,2025/26,CB,23,2200,55.8,,,88.0,,,,,5.1,390.0,4.5,1.95,72.0,3.1,1.75,6.95,1.75,74.0,78.0,,,,,,,,,,,
Strahinja Pavlovic,AC Milan,Serie A,2024/25,CB,22,2200,55.8,,,84.5,,,,,4.9,374.4,4.32,1.87,69.1,2.98,1.68,6.67,1.68,71.0,74.9,,,,,,,,,,,
Malick Thiaw,AC Milan,Serie A,2025/26,CB,23,1900,55.8,,,89.5,,,,,4.4,340.0,3.8,1.25,74.0,2.45,1.55,6.1,1.55,68.5,71.0,,,,,,,,,,,
Malick Thiaw,AC Milan,Serie A,2024/25,CB,22,1900,55.8,,,85.9,,,,,4.22,326.4,3.65,1.2,71.0,2.35,1.49,5.86,1.49,65.8,68.2,,,,,,,,,,,
Theo Hernandez,AC Milan,Serie A,2025/26,FB,27,2750,55.8,,,84.5,,,,,5.95,,4.85,6.85,64.0,2.45,1.35,6.45,,58.0,,0.28,4.1,2.15,2.45,4.65,0.65,,,,,
Theo Hernandez,AC Milan,Serie A,2024/25,FB,26,2750,55.8,,,86.2,,,,,6.07,,4.95,6.99,65.3,2.5,1.38,6.58,,59.2,,0.29,4.18,2.19,2.5,4.74,0.66,,,,,
Emerson Royal,AC Milan,Serie A,2025/26,FB,26,2200,55.8,,,83.0,,,,,4.4,,3.4,3.1,54.0,2.85,1.65,5.8,,60.0,,0.12,2.1,0.85,1.35,1.95,0.4,,,,,
Emerson Royal,AC Milan,Serie A,2024/25,FB,25,2200,55.8,,,84.7,,,,,4.49,,3.47,3.16,55.1,2.91,1.68,5.92,,61.2,,0.12,2.14,0.87,1.38,1.99,0.41,,,,,
Davide Calabria,AC Milan,Serie A,2025/26,FB,28,1800,55.8,,,85.0,,,,,4.8,,3.65,2.8,58.0,2.75,1.55,5.95,,54.0,,0.14,2.25,0.95,1.45,1.45,0.45,,,,,
Davide Calabria,AC Milan,Serie A,2024/25,FB,27,1800,55.8,,,86.7,,,,,4.9,,3.72,2.86,59.2,2.81,1.58,6.07,,55.1,,0.14,2.29,0.97,1.48,1.48,0.46,,,,,
Tijjani Reijnders,AC Milan,Serie A,2025/26,CM,26,2750,55.8,,,89.6,,,,,8.1,,7.45,5.25,69.5,2.15,1.35,7.45,1.1,45.0,,0.28,4.85,2.25,2.35,,,0.24,,,,
Tijjani Reijnders,AC Milan,Serie A,2024/25,CM,25,2750,55.8,,,91.4,,,,,8.26,,7.6,5.36,70.9,2.19,1.38,7.6,1.12,45.9,,0.29,4.95,2.29,2.4,,,0.24,,,,
Youssouf Fofana,AC Milan,Serie A,2025/26,CM,26,2600,55.8,,,88.2,,,,,6.95,,6.2,3.45,65.0,3.45,2.15,8.45,1.55,62.0,,0.16,3.45,1.35,1.45,,,0.11,,,,
Youssouf Fofana,AC Milan,Serie A,2024/25,CM,25,2600,55.8,,,90.0,,,,,7.09,,6.32,3.52,66.3,3.52,2.19,8.62,1.58,63.2,,0.16,3.52,1.38,1.48,,,0.11,,,,
Ruben Loftus-Cheek,AC Milan,Serie A,2025/26,CM,29,2100,55.8,,,86.5,,,,,4.95,,4.4,4.65,68.0,1.95,1.1,5.95,0.95,64.0,,0.18,3.65,1.45,1.85,,,0.32,,,,
Ruben Loftus-Cheek,AC Milan,Serie A,2024/25,CM,28,2100,55.8,,,88.2,,,,,5.05,,4.49,4.74,69.4,1.99,1.12,6.07,0.97,65.3,,0.18,3.72,1.48,1.89,,,0.33,,,,
Yunus Musah,AC Milan,Serie A,2025/26,CM,22,1700,55.8,,,87.0,,,,,5.2,,4.8,4.4,66.0,2.65,1.4,6.8,1.05,50.0,,0.14,2.85,1.1,1.25,,,0.08,,,,
Yunus Musah,AC Milan,Serie A,2024/25,CM,21,1700,55.8,,,83.5,,,,,4.99,,4.61,4.22,63.4,2.54,1.34,6.53,1.01,48.0,,0.13,2.74,1.06,1.2,,,0.08,,,,
Rafael Leao,AC Milan,Serie A,2025/26,W,25,2600,55.8,,,,,,,,4.85,,,7.45,58.5,1.15,0.45,3.85,,,,0.42,6.1,2.65,,8.45,0.65,0.48,3.65,7.95,4.1,
Rafael Leao,AC Milan,Serie A,2024/25,W,24,2600,55.8,,,,,,,,4.95,,,7.6,59.7,1.17,0.46,3.93,,,,0.43,6.22,2.7,,8.62,0.66,0.49,3.72,8.11,4.18,
Christian Pulisic,AC Milan,Serie A,2025/26,W,26,2650,55.8,,,,,,,,4.65,,,5.1,54.0,1.85,0.85,4.95,,,,0.36,5.45,2.45,,4.85,0.85,0.46,2.95,6.85,2.85,
Christian Pulisic,AC Milan,Serie A,2024/25,W,25,2650,55.8,,,,,,,,4.74,,,5.2,55.1,1.89,0.87,5.05,,,,0.37,5.56,2.5,,4.95,0.87,0.47,3.01,6.99,2.91,
Samuel Chukwueze,AC Milan,Serie A,2025/26,W,25,1700,55.8,,,,,,,,3.9,,,5.8,52.0,1.45,0.55,4.1,,,,0.28,4.65,1.85,,6.1,0.7,0.32,2.45,5.6,2.6,
Samuel Chukwueze,AC Milan,Serie A,2024/25,W,24,1700,55.8,,,,,,,,3.98,,,5.92,53.0,1.48,0.56,4.18,,,,0.29,4.74,1.89,,6.22,0.71,0.33,2.5,5.71,2.65,
Noah Okafor,AC Milan,Serie A,2025/26,W,24,1500,55.8,,,,,,,,3.4,,,4.6,50.0,1.35,0.45,3.65,,,,0.22,3.85,1.55,,4.4,0.6,0.42,2.65,5.85,2.2,
Noah Okafor,AC Milan,Serie A,2024/25,W,23,1500,55.8,,,,,,,,3.26,,,4.42,48.0,1.3,0.43,3.5,,,,0.21,3.7,1.49,,4.22,0.58,0.4,2.54,5.62,2.11,
Alvaro Morata,AC Milan,Serie A,2025/26,ST,32,2400,55.8,,,74.0,,,,,,,,,,1.25,,3.65,,52.0,,0.21,3.45,1.35,,,0.75,0.56,3.45,6.95,1.85,45.0
Alvaro Morata,AC Milan,Serie A,2024/25,ST,31,2400,55.8,,,77.7,,,,,,,,,,1.31,,3.83,,54.6,,0.22,3.62,1.42,,,0.79,0.59,3.62,7.3,1.94,47.2
Tammy Abraham,AC Milan,Serie A,2025/26,ST,27,1800,55.8,,,72.0,,,,,,,,,,1.05,,3.1,,56.0,,0.16,2.95,1.1,,,0.6,0.52,3.25,6.6,1.65,43.0
Tammy Abraham,AC Milan,Serie A,2024/25,ST,26,1800,55.8,,,73.4,,,,,,,,,,1.07,,3.16,,57.1,,0.16,3.01,1.12,,,0.61,0.53,3.31,6.73,1.68,43.9
Luka Jovic,AC Milan,Serie A,2025/26,ST,27,1100,55.8,,,76.0,,,,,,,,,,0.75,,2.4,,46.0,,0.12,2.45,0.85,,,0.45,0.46,2.85,5.4,1.2,44.0
Luka Jovic,AC Milan,Serie A,2024/25,ST,26,1100,55.8,,,77.5,,,,,,,,,,0.77,,2.45,,46.9,,0.12,2.5,0.87,,,0.46,0.47,2.91,5.51,1.22,44.9
Marco Bizot,Brest,Ligue 1,2025/26,GK,33,3000,52.5,0.12,73.5,65.5,35.1,0.5,5.8,11.5,,,,,,,,,,,,,,,,,,,,,,
Marco Bizot,Brest,Ligue 1,2024/25,GK,32,3000,52.5,0.13,77.2,68.8,36.9,0.53,10.0,12.08,,,,,,,,,,,,,,,,,,,,,,
Brendan Chardonnet,Brest,Ligue 1,2025/26,CB,29,2800,52.5,,,82.5,,,,,2.5,280.1,2.8,0.4,50.1,1.8,1.9,5.5,1.8,68.5,72.1,,,,,,,,,,,
Brendan Chardonnet,Brest,Ligue 1,2024/25,CB,28,2800,52.5,,,84.2,,,,,2.55,285.7,2.86,0.41,51.1,1.84,1.94,5.61,1.84,69.9,73.5,,,,,,,,,,,
Julien Le Cardinal,Brest,Ligue 1,2025/26,CB,26,2200,52.5,,,81.1,,,,,2.2,260.5,2.5,0.3,48.5,1.9,1.7,5.2,1.6,65.1,70.5,,,,,,,,,,,
Julien Le Cardinal,Brest,Ligue 1,2024/25,CB,25,2200,52.5,,,82.7,,,,,2.24,265.71,2.55,0.31,49.5,1.94,1.73,5.3,1.63,66.4,71.9,,,,,,,,,,,
Abdoulaye Ndiaye,Brest,Ligue 1,2025/26,CB,22,1500,52.5,,,80.5,,,,,2.1,250.1,2.2,0.4,52.1,2.1,1.6,5.8,1.5,62.5,68.1,,,,,,,,,,,
Abdoulaye Ndiaye,Brest,Ligue 1,2024/25,CB,21,1500,52.5,,,77.3,,,,,2.02,240.1,2.11,0.38,50.0,2.02,1.54,5.57,1.44,60.0,65.4,,,,,,,,,,,
Kenny Lala,Brest,Ligue 1,2025/26,FB,32,2700,52.5,,,75.5,,,,,4.1,,3.5,2.5,55.5,2.1,1.5,5.2,,48.5,,0.15,2.5,1.2,1.1,1.8,0.4,,,,,
Kenny Lala,Brest,Ligue 1,2024/25,FB,31,2700,52.5,,,79.3,,,,,4.3,,3.68,2.62,58.3,2.21,1.58,5.46,,50.9,,0.16,2.62,1.26,1.16,1.89,0.42,,,,,
Jordan Amavi,Brest,Ligue 1,2025/26,FB,30,1800,52.5,,,78.1,,,,,3.2,,2.8,2.1,52.1,2.2,1.4,5.5,,50.1,,0.1,1.8,0.9,0.8,1.5,0.3,,,,,
Jordan Amavi,Brest,Ligue 1,2024/25,FB,29,1800,52.5,,,79.7,,,,,3.26,,2.86,2.14,53.1,2.24,1.43,5.61,,51.1,,0.1,1.84,0.92,0.82,1.53,0.31,,,,,
Hugo Magnetti,Brest,Ligue 1,2025/26,CM,26,2600,52.5,,,82.5,,,,,4.1,,3.8,1.5,55.1,2.5,1.6,6.5,1.4,52.5,,0.08,1.8,0.9,0.8,,,0.05,,,,
Hugo Magnetti,Brest,Ligue 1,2024/25,CM,25,2600,52.5,,,84.2,,,,,4.18,,3.88,1.53,56.2,2.55,1.63,6.63,1.43,53.6,,0.08,1.84,0.92,0.82,,,0.05,,,,
Pierre Lees-Melou,Brest,Ligue 1,2025/26,CM,31,2800,52.5,,,84.1,,,,,5.1,,4.5,1.8,58.5,2.8,1.8,7.1,1.5,55.1,,0.12,2.5,1.2,1.1,,,0.08,,,,
Pierre Lees-Melou,Brest,Ligue 1,2024/25,CM,30,2800,52.5,,,88.3,,,,,5.35,,4.73,1.89,61.4,2.94,1.89,7.46,1.58,57.9,,0.13,2.62,1.26,1.16,,,0.08,,,,
Mahdi Camara,Brest,Ligue 1,2025/26,CM,26,2500,52.5,,,81.5,,,,,3.8,,3.5,1.6,52.5,2.2,1.5,6.1,1.2,48.5,,0.1,2.1,1.0,0.9,,,0.1,,,,
Mahdi Camara,Brest,Ligue 1,2024/25,CM,25,2500,52.5,,,83.1,,,,,3.88,,3.57,1.63,53.6,2.24,1.53,6.22,1.22,49.5,,0.1,2.14,1.02,0.92,,,0.1,,,,
Romain Del Castillo,Brest,Ligue 1,2025/26,W,28,2700,52.5,,,,,,,,3.8,,,4.2,55.1,1.2,0.8,3.5,,,,0.28,4.5,2.2,,4.1,0.4,0.18,2.5,4.5,1.5,
Romain Del Castillo,Brest,Ligue 1,2024/25,W,27,2700,52.5,,,,,,,,3.88,,,4.28,56.2,1.22,0.82,3.57,,,,0.29,4.59,2.24,,4.18,0.41,0.18,2.55,4.59,1.53,
Jeremy Le Douaron,Brest,Ligue 1,2025/26,W,26,2300,52.5,,,,,,,,2.8,,,3.5,50.5,1.4,0.9,3.8,,,,0.15,2.8,1.1,,3.5,0.5,0.22,2.2,4.1,1.2,
Jeremy Le Douaron,Brest,Ligue 1,2024/25,W,25,2300,52.5,,,,,,,,2.86,,,3.57,51.5,1.43,0.92,3.88,,,,0.15,2.86,1.12,,3.57,0.51,0.22,2.24,4.18,1.22,
Mathias Pereira Lage,Brest,Ligue 1,2025/26,W,27,1800,52.5,,,,,,,,2.5,,,3.1,48.5,1.5,1.0,4.1,,,,0.12,2.5,1.0,,2.8,0.4,0.15,1.8,3.5,1.1,
Mathias Pereira Lage,Brest,Ligue 1,2024/25,W,26,1800,52.5,,,,,,,,2.55,,,3.16,49.5,1.53,1.02,4.18,,,,0.12,2.55,1.02,,2.86,0.41,0.15,1.84,3.57,1.12,
Ludovic Ajorque,Brest,Ligue 1,2025/26,ST,30,2200,52.5,,,65.5,,,,,,,,,,0.6,,1.8,,55.5,,0.1,1.8,0.8,,,0.3,0.35,2.5,4.5,0.8,40.1
Ludovic Ajorque,Brest,Ligue 1,2024/25,ST,29,2200,52.5,,,66.8,,,,,,,,,,0.61,,1.84,,56.6,,0.1,1.84,0.82,,,0.31,0.36,2.55,4.59,0.82,40.9
Mama Baldé,Brest,Ligue 1,2025/26,ST,28,1500,52.5,,,68.1,,,,,,,,,,0.8,,2.1,,45.1,,0.08,1.5,0.6,,,0.4,0.38,2.8,4.8,1.0,42.5
Mama Baldé,Brest,Ligue 1,2024/25,ST,27,1500,52.5,,,69.5,,,,,,,,,,0.82,,2.14,,46.0,,0.08,1.53,0.61,,,0.41,0.39,2.86,4.9,1.02,43.4
Romain Faivre,Brest,Ligue 1,2025/26,W,26,1900,52.5,,,,,,,,3.5,,,4.0,52.5,1.1,0.7,3.5,,,,0.2,3.2,1.5,,3.8,0.3,0.15,2.0,4.0,1.5,
Romain Faivre,Brest,Ligue 1,2024/25,W,25,1900,52.5,,,,,,,,3.57,,,4.08,53.6,1.12,0.71,3.57,,,,0.2,3.26,1.53,,3.88,0.31,0.15,2.04,4.08,1.53,
Gregoire Coudert,Brest,Ligue 1,2025/26,GK,25,500,52.5,0.02,68.1,62.5,32.1,0.4,4.5,11.0,,,,,,,,,,,,,,,,,,,,,,
Gregoire Coudert,Brest,Ligue 1,2024/25,GK,24,900,52.5,0.02,69.5,63.8,32.7,0.41,10.0,11.22,,,,,,,,,,,,,,,,,,,,,,
Jonas Martin,Brest,Ligue 1,2025/26,CM,34,1200,52.5,,,85.5,,,,,3.5,,3.1,1.2,50.1,2.1,1.5,5.5,1.1,45.1,,0.06,1.5,0.8,0.7,,,0.04,,,,
Jonas Martin,Brest,Ligue 1,2024/25,CM,33,1200,52.5,,,89.8,,,,,3.68,,3.26,1.26,52.6,2.21,1.58,5.78,1.16,47.4,,0.06,1.58,0.84,0.73,,,0.04,,,,
Massadio Haidara,Brest,Ligue 1,2025/26,FB,31,1400,52.5,,,76.5,,,,,2.8,,2.5,1.8,48.5,2.5,1.6,5.8,,52.1,,0.08,1.5,0.8,0.7,1.2,0.4,,,,,
Massadio Haidara,Brest,Ligue 1,2024/25,FB,30,1400,52.5,,,80.3,,,,,2.94,,2.62,1.89,50.9,2.62,1.68,6.09,,54.7,,0.08,1.58,0.84,0.73,1.26,0.42,,,,,
Lucas Chevalier,Lille,Ligue 1,2025/26,GK,22,2900,56.5,0.18,75.5,72.5,42.1,1.1,5.2,14.1,,,,,,,,,,,,,,,,,,,,,,
Lucas Chevalier,Lille,Ligue 1,2024/25,GK,21,2900,56.5,0.17,72.5,69.6,40.4,1.06,10.0,13.54,,,,,,,,,,,,,,,,,,,,,,
Bafode Diakite,Lille,Ligue 1,2025/26,CB,23,2600,56.5,,,86.5,,,,,3.5,310.2,3.8,0.8,55.1,2.1,1.6,5.5,1.4,62.5,71.1,,,,,,,,,,,
Bafode Diakite,Lille,Ligue 1,2024/25,CB,22,2600,56.5,,,83.0,,,,,3.36,297.79,3.65,0.77,52.9,2.02,1.54,5.28,1.34,60.0,68.3,,,,,,,,,,,
Alexsandro,Lille,Ligue 1,2025/26,CB,25,2400,56.5,,,88.1,,,,,3.8,340.1,4.1,0.9,58.5,1.8,1.8,5.8,1.5,65.5,72.5,,,,,,,,,,,
Alexsandro,Lille,Ligue 1,2024/25,CB,24,2400,56.5,,,89.9,,,,,3.88,346.9,4.18,0.92,59.7,1.84,1.84,5.92,1.53,66.8,74.0,,,,,,,,,,,
Aissa Mandi,Lille,Ligue 1,2025/26,CB,32,1800,56.5,,,89.5,,,,,4.1,360.5,4.5,0.7,52.1,1.5,1.4,5.1,1.2,60.1,68.5,,,,,,,,,,,
Aissa Mandi,Lille,Ligue 1,2024/25,CB,31,1800,56.5,,,94.0,,,,,4.3,378.53,4.73,0.73,54.7,1.58,1.47,5.35,1.26,63.1,71.9,,,,,,,,,,,
Gabriel Gudmundsson,Lille,Ligue 1,2025/26,FB,25,2100,56.5,,,81.5,,,,,3.8,,3.1,2.8,55.1,2.1,1.5,5.2,,48.5,,0.12,2.1,1.1,1.2,1.8,0.4,,,,,
Gabriel Gudmundsson,Lille,Ligue 1,2024/25,FB,24,2100,56.5,,,83.1,,,,,3.88,,3.16,2.86,56.2,2.14,1.53,5.3,,49.5,,0.12,2.14,1.12,1.22,1.84,0.41,,,,,
Tiago Santos,Lille,Ligue 1,2025/26,FB,22,2500,56.5,,,83.5,,,,,4.5,,3.8,3.5,60.1,2.2,1.6,5.5,,45.1,,0.18,2.8,1.5,1.8,2.5,0.5,,,,,
Tiago Santos,Lille,Ligue 1,2024/25,FB,21,2500,56.5,,,80.2,,,,,4.32,,3.65,3.36,57.7,2.11,1.54,5.28,,43.3,,0.17,2.69,1.44,1.73,2.4,0.48,,,,,
Benjamin Andre,Lille,Ligue 1,2025/26,CM,34,2800,56.5,,,88.5,,,,,4.8,,4.1,1.5,55.1,3.1,2.1,7.5,1.5,55.5,,0.08,1.8,0.9,0.8,,,0.05,,,,
Benjamin Andre,Lille,Ligue 1,2024/25,CM,33,2800,56.5,,,92.9,,,,,5.04,,4.3,1.58,57.9,3.26,2.21,7.88,1.58,58.3,,0.08,1.89,0.95,0.84,,,0.05,,,,
Angel Gomes,Lille,Ligue 1,2025/26,CM,24,2500,56.5,,,86.5,,,,,5.5,,4.8,2.5,60.5,1.8,1.2,5.8,1.0,45.1,,0.22,3.5,1.8,1.5,,,0.1,,,,
Angel Gomes,Lille,Ligue 1,2024/25,CM,23,2500,56.5,,,83.0,,,,,5.28,,4.61,2.4,58.1,1.73,1.15,5.57,0.96,43.3,,0.21,3.36,1.73,1.44,,,0.1,,,,
Hakon Arnar Haraldsson,Lille,Ligue 1,2025/26,CM,21,2000,56.5,,,84.5,,,,,4.1,,3.8,2.1,58.1,1.9,1.1,5.1,0.9,42.5,,0.15,2.8,1.2,1.1,,,0.12,,,,
Hakon Arnar Haraldsson,Lille,Ligue 1,2024/25,CM,20,2000,56.5,,,77.7,,,,,3.77,,3.5,1.93,53.5,1.75,1.01,4.69,0.83,39.1,,0.14,2.58,1.1,1.01,,,0.11,,,,
Edon Zhegrova,Lille,Ligue 1,2025/26,W,25,2600,56.5,,,,,,,,3.8,,,5.1,55.5,1.2,0.6,3.5,,,,0.22,4.2,2.1,,5.8,0.5,0.25,3.1,5.5,2.1,
Edon Zhegrova,Lille,Ligue 1,2024/25,W,24,2600,56.5,,,,,,,,3.88,,,5.2,56.6,1.22,0.61,3.57,,,,0.22,4.28,2.14,,5.92,0.51,0.26,3.16,5.61,2.14,
Remy Cabella,Lille,Ligue 1,2025/26,W,34,1800,56.5,,,,,,,,4.5,,,3.8,52.1,1.4,0.8,4.1,,,,0.25,3.8,2.2,,3.5,0.4,0.15,1.8,4.1,1.5,
Remy Cabella,Lille,Ligue 1,2024/25,W,33,1800,56.5,,,,,,,,4.73,,,3.99,54.7,1.47,0.84,4.3,,,,0.26,3.99,2.31,,3.68,0.42,0.16,1.89,4.3,1.58,
Osame Sahraoui,Lille,Ligue 1,2025/26,W,23,1900,56.5,,,,,,,,3.2,,,4.5,56.5,1.1,0.7,3.2,,,,0.18,3.5,1.6,,4.2,0.3,0.18,2.2,4.5,1.8,
Osame Sahraoui,Lille,Ligue 1,2024/25,W,22,1900,56.5,,,,,,,,3.07,,,4.32,54.2,1.06,0.67,3.07,,,,0.17,3.36,1.54,,4.03,0.29,0.17,2.11,4.32,1.73,
Jonathan David,Lille,Ligue 1,2025/26,ST,24,2800,56.5,,,75.5,,,,,,,,,,0.6,,2.1,,42.5,,0.12,2.1,0.9,,,0.3,0.45,3.2,5.8,1.1,45.1
Jonathan David,Lille,Ligue 1,2024/25,ST,23,2800,56.5,,,72.5,,,,,,,,,,0.58,,2.02,,40.8,,0.12,2.02,0.86,,,0.29,0.43,3.07,5.57,1.06,43.3
Mohamed Bayo,Lille,Ligue 1,2025/26,ST,26,1200,56.5,,,68.1,,,,,,,,,,0.5,,1.8,,48.5,,0.08,1.5,0.6,,,0.2,0.38,2.8,4.8,0.8,40.5
Mohamed Bayo,Lille,Ligue 1,2024/25,ST,25,1200,56.5,,,69.5,,,,,,,,,,0.51,,1.84,,49.5,,0.08,1.53,0.61,,,0.2,0.39,2.86,4.9,0.82,41.3
Thomas Meunier,Lille,Ligue 1,2025/26,FB,32,1600,56.5,,,80.5,,,,,3.5,,2.8,2.1,48.5,1.8,1.4,4.8,,55.1,,0.1,1.8,0.9,1.0,1.2,0.3,,,,,
Thomas Meunier,Lille,Ligue 1,2024/25,FB,31,1600,56.5,,,84.5,,,,,3.68,,2.94,2.21,50.9,1.89,1.47,5.04,,57.9,,0.11,1.89,0.95,1.05,1.26,0.32,,,,,
Ismaily,Lille,Ligue 1,2025/26,FB,34,1500,56.5,,,82.1,,,,,3.8,,3.1,2.5,52.1,1.9,1.5,5.1,,50.5,,0.12,2.1,1.0,1.1,1.5,0.4,,,,,
Ismaily,Lille,Ligue 1,2024/25,FB,33,1500,56.5,,,86.2,,,,,3.99,,3.26,2.62,54.7,1.99,1.58,5.35,,53.0,,0.13,2.21,1.05,1.16,1.58,0.42,,,,,
Ngal'ayel Mukau,Lille,Ligue 1,2025/26,CM,19,900,56.5,,,85.1,,,,,3.5,,3.1,1.5,55.1,2.1,1.4,5.5,1.1,48.1,,0.06,1.5,0.8,0.7,,,0.04,,,,
Ngal'ayel Mukau,Lille,Ligue 1,2024/25,CM,18,900,56.5,,,78.3,,,,,3.22,,2.85,1.38,50.7,1.93,1.29,5.06,1.01,44.3,,0.06,1.38,0.74,0.64,,,0.04,,,,
Vito Mannone,Lille,Ligue 1,2025/26,GK,36,400,56.5,0.05,68.5,65.1,35.5,0.5,4.1,11.5,,,,,,,,,,,,,,,,,,,,,,
Vito Mannone,Lille,Ligue 1,2024/25,GK,35,900,56.5,0.05,71.9,68.4,37.3,0.53,10.0,12.08,,,,,,,,,,,,,,,,,,,,,,
Marcin Bulka,Nice,Ligue 1,2025/26,GK,24,3000,53.0,0.22,78.5,74.1,40.5,1.2,5.5,13.5,,,,,,,,,,,,,,,,,,,,,,
Marcin Bulka,Nice,Ligue 1,2024/25,GK,23,3000,53.0,0.21,75.4,71.1,38.9,1.15,10.0,12.96,,,,,,,,,,,,,,,,,,,,,,
Dante,Nice,Ligue 1,2025/26,CB,40,2800,53.0,,,89.5,,,,,4.5,380.1,4.8,0.5,50.1,1.5,1.8,5.8,1.2,65.5,70.1,,,,,,,,,,,
Dante,Nice,Ligue 1,2024/25,CB,39,2800,53.0,,,94.0,,,,,4.73,399.11,5.04,0.53,52.6,1.58,1.89,6.09,1.26,68.8,73.6,,,,,,,,,,,
Youssouf Ndayishimiye,Nice,Ligue 1,2025/26,CB,25,2500,53.0,,,88.1,,,,,3.8,340.5,4.1,0.8,55.5,2.1,1.6,6.1,1.4,62.1,72.5,,,,,,,,,,,
Youssouf Ndayishimiye,Nice,Ligue 1,2024/25,CB,24,2500,53.0,,,89.9,,,,,3.88,347.31,4.18,0.82,56.6,2.14,1.63,6.22,1.43,63.3,74.0,,,,,,,,,,,
Mohamed Abdelmonem,Nice,Ligue 1,2025/26,CB,25,2000,53.0,,,86.5,,,,,3.2,300.2,3.5,0.6,52.1,1.9,1.5,5.2,1.3,64.5,68.5,,,,,,,,,,,
Mohamed Abdelmonem,Nice,Ligue 1,2024/25,CB,24,2000,53.0,,,88.2,,,,,3.26,306.2,3.57,0.61,53.1,1.94,1.53,5.3,1.33,65.8,69.9,,,,,,,,,,,
Melvin Bard,Nice,Ligue 1,2025/26,FB,23,2600,53.0,,,80.5,,,,,3.5,,3.1,2.5,52.5,2.5,1.6,5.5,,48.5,,0.12,2.1,1.0,1.1,1.8,0.4,,,,,
Melvin Bard,Nice,Ligue 1,2024/25,FB,22,2600,53.0,,,77.3,,,,,3.36,,2.98,2.4,50.4,2.4,1.54,5.28,,46.6,,0.12,2.02,0.96,1.06,1.73,0.38,,,,,
Jonathan Clauss,Nice,Ligue 1,2025/26,FB,31,2400,53.0,,,78.5,,,,,4.8,,4.1,3.8,58.5,1.9,1.4,5.1,,45.1,,0.22,3.5,1.8,2.1,2.5,0.5,,,,,
Jonathan Clauss,Nice,Ligue 1,2024/25,FB,30,2400,53.0,,,82.4,,,,,5.04,,4.3,3.99,61.4,1.99,1.47,5.35,,47.4,,0.23,3.68,1.89,2.21,2.62,0.53,,,,,
Pablo Rosario,Nice,Ligue 1,2025/26,CM,27,2700,53.0,,,86.5,,,,,4.1,,3.8,1.5,55.1,2.5,1.8,6.5,1.4,52.5,,0.08,1.8,0.9,0.8,,,0.04,,,,
Pablo Rosario,Nice,Ligue 1,2024/25,CM,26,2700,53.0,,,88.2,,,,,4.18,,3.88,1.53,56.2,2.55,1.84,6.63,1.43,53.6,,0.08,1.84,0.92,0.82,,,0.04,,,,
Morgan Sanson,Nice,Ligue 1,2025/26,CM,30,2200,53.0,,,84.1,,,,,4.5,,4.1,2.1,58.5,2.1,1.4,5.8,1.1,48.5,,0.15,2.8,1.2,1.1,,,0.08,,,,
Morgan Sanson,Nice,Ligue 1,2024/25,CM,29,2200,53.0,,,85.8,,,,,4.59,,4.18,2.14,59.7,2.14,1.43,5.92,1.12,49.5,,0.15,2.86,1.22,1.12,,,0.08,,,,
Hicham Boudaoui,Nice,Ligue 1,2025/26,CM,24,2000,53.0,,,85.5,,,,,4.2,,3.5,1.8,56.5,2.8,1.6,6.2,1.2,50.1,,0.1,2.1,1.0,0.9,,,0.06,,,,
Hicham Boudaoui,Nice,Ligue 1,2024/25,CM,23,2000,53.0,,,82.1,,,,,4.03,,3.36,1.73,54.2,2.69,1.54,5.95,1.15,48.1,,0.1,2.02,0.96,0.86,,,0.06,,,,
Jeremie Boga,Nice,Ligue 1,2025/26,W,27,2500,53.0,,,,,,,,3.5,,,4.8,58.5,1.2,0.7,3.5,,,,0.22,4.1,1.8,,5.5,0.4,0.18,2.5,5.1,2.1,
Jeremie Boga,Nice,Ligue 1,2024/25,W,26,2500,53.0,,,,,,,,3.57,,,4.9,59.7,1.22,0.71,3.57,,,,0.22,4.18,1.84,,5.61,0.41,0.18,2.55,5.2,2.14,
Mohamed-Ali Cho,Nice,Ligue 1,2025/26,W,20,2100,53.0,,,,,,,,3.1,,,4.2,52.1,1.1,0.6,3.2,,,,0.18,3.5,1.5,,4.5,0.3,0.2,2.8,4.8,1.8,
Mohamed-Ali Cho,Nice,Ligue 1,2024/25,W,19,1785,53.0,,,,,,,,2.85,,,3.86,47.9,1.01,0.55,2.94,,,,0.17,3.22,1.38,,4.14,0.28,0.18,2.58,4.42,1.66,
Evann Guessand,Nice,Ligue 1,2025/26,ST,23,2400,53.0,,,72.5,,,,,,,,,,0.6,,2.1,,45.5,,0.12,2.1,0.9,,,0.3,0.35,2.8,5.1,1.1,42.1
Evann Guessand,Nice,Ligue 1,2024/25,ST,22,2400,53.0,,,69.6,,,,,,,,,,0.58,,2.02,,43.7,,0.12,2.02,0.86,,,0.29,0.34,2.69,4.9,1.06,40.4
Youssoufa Moukoko,Nice,Ligue 1,2025/26,ST,19,1500,53.0,,,70.1,,,,,,,,,,0.5,,1.8,,38.5,,0.1,1.8,0.8,,,0.2,0.42,3.1,5.5,0.9,45.5
Youssoufa Moukoko,Nice,Ligue 1,2024/25,ST,18,1275,53.0,,,64.5,,,,,,,,,,0.46,,1.66,,35.4,,0.09,1.66,0.74,,,0.18,0.39,2.85,5.06,0.83,41.9
Gaetan Laborde,Nice,Ligue 1,2025/26,ST,30,1800,53.0,,,75.1,,,,,,,,,,0.8,,2.5,,42.1,,0.15,2.5,1.1,,,0.4,0.32,2.5,4.5,0.8,40.1
Gaetan Laborde,Nice,Ligue 1,2024/25,ST,29,1800,53.0,,,76.6,,,,,,,,,,0.82,,2.55,,42.9,,0.15,2.55,1.12,,,0.41,0.33,2.55,4.59,0.82,40.9
Moise Bombito,Nice,Ligue 1,2025/26,CB,24,1600,53.0,,,87.1,,,,,3.1,290.5,3.2,0.7,54.1,2.0,1.6,5.4,1.3,63.5,69.1,,,,,,,,,,,
Moise Bombito,Nice,Ligue 1,2024/25,CB,23,1600,53.0,,,83.6,,,,,2.98,278.88,3.07,0.67,51.9,1.92,1.54,5.18,1.25,61.0,66.3,,,,,,,,,,,
Sofiane Diop,Nice,Ligue 1,2025/26,W,24,1700,53.0,,,,,,,,3.1,,,3.8,54.1,1.4,0.8,3.8,,,,0.18,3.2,1.5,,3.8,0.4,0.15,2.1,4.2,1.5,
Sofiane Diop,Nice,Ligue 1,2024/25,W,23,1700,53.0,,,,,,,,2.98,,,3.65,51.9,1.34,0.77,3.65,,,,0.17,3.07,1.44,,3.65,0.38,0.14,2.02,4.03,1.44,
Ali Abdi,Nice,Ligue 1,2025/26,FB,30,1400,53.0,,,75.5,,,,,3.8,,3.1,2.8,52.1,2.2,1.5,5.1,,45.1,,0.15,2.2,1.1,1.2,1.8,0.4,,,,,
Ali Abdi,Nice,Ligue 1,2024/25,FB,29,1400,53.0,,,77.0,,,,,3.88,,3.16,2.86,53.1,2.24,1.53,5.2,,46.0,,0.15,2.24,1.12,1.22,1.84,0.41,,,,,
Maxime Dupe,Nice,Ligue 1,2025/26,GK,31,400,53.0,0.05,68.5,65.1,35.5,0.5,4.1,11.5,,,,,,,,,,,,,,,,,,,,,,
Maxime Dupe,Nice,Ligue 1,2024/25,GK,30,900,53.0,0.05,71.9,68.4,37.3,0.53,10.0,12.08,,,,,,,,,,,,,,,,,,,,,,
Lucas Perri,Lyon,Ligue 1,2025/26,GK,26,2500,54.5,0.15,72.5,78.5,42.1,1.1,5.2,13.5,,,,,,,,,,,,,,,,,,,,,,
Lucas Perri,Lyon,Ligue 1,2024/25,GK,25,2500,54.5,0.15,74.0,80.1,42.9,1.12,10.0,13.77,,,,,,,,,,,,,,,,,,,,,,
Anthony Lopes,Lyon,Ligue 1,2025/26,GK,33,900,54.5,0.05,68.5,70.1,38.5,0.8,4.5,12.1,,,,,,,,,,,,,,,,,,,,,,
Anthony Lopes,Lyon,Ligue 1,2024/25,GK,32,900,54.5,0.05,71.9,73.6,40.4,0.84,10.0,12.71,,,,,,,,,,,,,,,,,,,,,,
Moussa Niakhate,Lyon,Ligue 1,2025/26,CB,28,2600,54.5,,,88.5,,,,,3.5,320.1,3.8,0.6,52.5,2.1,1.8,5.8,1.5,68.5,72.1,,,,,,,,,,,
Moussa Niakhate,Lyon,Ligue 1,2024/25,CB,27,2600,54.5,,,90.3,,,,,3.57,326.5,3.88,0.61,53.6,2.14,1.84,5.92,1.53,69.9,73.5,,,,,,,,,,,
Duje Caleta-Car,Lyon,Ligue 1,2025/26,CB,27,2400,54.5,,,87.1,,,,,3.2,300.5,3.5,0.5,50.1,1.8,1.6,5.5,1.4,66.1,70.5,,,,,,,,,,,
Duje Caleta-Car,Lyon,Ligue 1,2024/25,CB,26,2400,54.5,,,88.8,,,,,3.26,306.51,3.57,0.51,51.1,1.84,1.63,5.61,1.43,67.4,71.9,,,,,,,,,,,
Clinton Mata,Lyon,Ligue 1,2025/26,CB,31,2100,54.5,,,86.5,,,,,3.8,340.1,4.1,0.9,55.5,2.2,1.5,5.2,1.2,62.5,68.5,,,,,,,,,,,
Clinton Mata,Lyon,Ligue 1,2024/25,CB,30,2100,54.5,,,90.8,,,,,3.99,357.11,4.3,0.95,58.3,2.31,1.58,5.46,1.26,65.6,71.9,,,,,,,,,,,
Nicolas Tagliafico,Lyon,Ligue 1,2025/26,FB,32,2500,54.5,,,82.5,,,,,4.1,,3.5,2.5,55.5,2.5,1.8,5.5,,55.1,,0.15,2.5,1.2,1.1,1.8,0.4,,,,,
Nicolas Tagliafico,Lyon,Ligue 1,2024/25,FB,31,2500,54.5,,,86.6,,,,,4.3,,3.68,2.62,58.3,2.62,1.89,5.78,,57.9,,0.16,2.62,1.26,1.16,1.89,0.42,,,,,
Ainsley Maitland-Niles,Lyon,Ligue 1,2025/26,FB,27,2300,54.5,,,84.1,,,,,3.8,,3.1,2.8,58.1,2.1,1.5,5.2,,48.5,,0.12,2.1,1.0,0.9,2.1,0.3,,,,,
Ainsley Maitland-Niles,Lyon,Ligue 1,2024/25,FB,26,2300,54.5,,,85.8,,,,,3.88,,3.16,2.86,59.3,2.14,1.53,5.3,,49.5,,0.12,2.14,1.02,0.92,2.14,0.31,,,,,
Nemanja Matic,Lyon,Ligue 1,2025/26,CM,36,2000,54.5,,,89.5,,,,,5.1,,4.5,1.2,52.1,2.5,2.1,6.8,1.5,60.1,,0.08,1.8,0.9,0.8,,,0.04,,,,
Nemanja Matic,Lyon,Ligue 1,2024/25,CM,35,2000,54.5,,,94.0,,,,,5.35,,4.73,1.26,54.7,2.62,2.21,7.14,1.58,63.1,,0.08,1.89,0.95,0.84,,,0.04,,,,
Maxence Caqueret,Lyon,Ligue 1,2025/26,CM,24,2700,54.5,,,87.5,,,,,5.5,,4.8,2.5,58.5,2.8,1.6,7.1,1.2,45.1,,0.12,2.5,1.2,1.1,,,0.06,,,,
Maxence Caqueret,Lyon,Ligue 1,2024/25,CM,23,2700,54.5,,,84.0,,,,,5.28,,4.61,2.4,56.2,2.69,1.54,6.82,1.15,43.3,,0.12,2.4,1.15,1.06,,,0.06,,,,
Corentin Tolisso,Lyon,Ligue 1,2025/26,CM,30,2200,54.5,,,86.1,,,,,4.8,,4.1,1.8,55.1,2.1,1.4,5.8,1.1,52.5,,0.15,2.8,1.5,1.2,,,0.1,,,,
Corentin Tolisso,Lyon,Ligue 1,2024/25,CM,29,2200,54.5,,,87.8,,,,,4.9,,4.18,1.84,56.2,2.14,1.43,5.92,1.12,53.6,,0.15,2.86,1.53,1.22,,,0.1,,,,
Rayan Cherki,Lyon,Ligue 1,2025/26,W,21,2400,54.5,,,,,,,,4.5,,,5.8,55.1,1.1,0.6,3.2,,,,0.32,4.8,2.8,,6.5,0.4,0.18,2.8,5.5,2.5,
Rayan Cherki,Lyon,Ligue 1,2024/25,W,20,2400,54.5,,,,,,,,4.14,,,5.34,50.7,1.01,0.55,2.94,,,,0.29,4.42,2.58,,5.98,0.37,0.17,2.58,5.06,2.3,
Ernest Nuamah,Lyon,Ligue 1,2025/26,W,20,2100,54.5,,,,,,,,3.1,,,4.8,52.5,1.2,0.7,3.5,,,,0.18,3.5,1.5,,5.2,0.5,0.22,2.5,5.1,1.8,
Ernest Nuamah,Lyon,Ligue 1,2024/25,W,19,1785,54.5,,,,,,,,2.85,,,4.42,48.3,1.1,0.64,3.22,,,,0.17,3.22,1.38,,4.78,0.46,0.2,2.3,4.69,1.66,
Alexandre Lacazette,Lyon,Ligue 1,2025/26,ST,33,2600,54.5,,,75.5,,,,,,,,,,0.6,,2.1,,42.5,,0.15,2.5,1.1,,,0.3,0.45,3.2,5.8,0.9,45.1
Alexandre Lacazette,Lyon,Ligue 1,2024/25,ST,32,2600,54.5,,,79.3,,,,,,,,,,0.63,,2.21,,44.6,,0.16,2.62,1.16,,,0.32,0.47,3.36,6.09,0.95,47.4
Georges Mikautadze,Lyon,Ligue 1,2025/26,ST,23,2000,54.5,,,72.1,,,,,,,,,,0.8,,2.5,,38.5,,0.12,2.1,0.9,,,0.4,0.4,2.8,5.1,1.1,42.5
Georges Mikautadze,Lyon,Ligue 1,2024/25,ST,22,2000,54.5,,,69.2,,,,,,,,,,0.77,,2.4,,37.0,,0.12,2.02,0.86,,,0.38,0.38,2.69,4.9,1.06,40.8
Said Benrahma,Lyon,Ligue 1,2025/26,W,29,1800,54.5,,,,,,,,3.8,,,4.1,55.1,1.4,0.8,3.8,,,,0.25,3.8,2.1,,4.1,0.4,0.15,2.2,4.5,1.5,
Said Benrahma,Lyon,Ligue 1,2024/25,W,28,1800,54.5,,,,,,,,3.88,,,4.18,56.2,1.43,0.82,3.88,,,,0.26,3.88,2.14,,4.18,0.41,0.15,2.24,4.59,1.53,
Malick Fofana,Lyon,Ligue 1,2025/26,W,19,1200,54.5,,,,,,,,2.8,,,4.2,58.1,1.2,0.7,3.5,,,,0.15,3.1,1.2,,4.5,0.3,0.18,2.0,4.2,1.6,
Malick Fofana,Lyon,Ligue 1,2024/25,W,18,1020,54.5,,,,,,,,2.58,,,3.86,53.5,1.1,0.64,3.22,,,,0.14,2.85,1.1,,4.14,0.28,0.17,1.84,3.86,1.47,
Gift Orban,Lyon,Ligue 1,2025/26,ST,22,1000,54.5,,,68.5,,,,,,,,,,0.5,,1.5,,40.5,,0.08,1.5,0.6,,,0.2,0.38,3.1,4.8,0.8,40.1
Gift Orban,Lyon,Ligue 1,2024/25,ST,21,1000,54.5,,,65.8,,,,,,,,,,0.48,,1.44,,38.9,,0.08,1.44,0.58,,,0.19,0.36,2.98,4.61,0.77,38.5
Abner,Lyon,Ligue 1,2025/26,FB,24,1500,54.5,,,80.5,,,,,3.2,,2.8,2.1,52.1,2.1,1.4,5.1,,50.1,,0.1,1.8,0.9,1.0,1.5,0.3,,,,,
Abner,Lyon,Ligue 1,2024/25,FB,23,1500,54.5,,,77.3,,,,,3.07,,2.69,2.02,50.0,2.02,1.34,4.9,,48.1,,0.1,1.73,0.86,0.96,1.44,0.29,,,,,
Brice Samba,Lens,Ligue 1,2025/26,GK,30,3000,52.0,0.15,74.5,65.1,35.5,0.8,5.1,12.5,,,,,,,,,,,,,,,,,,,,,,
Brice Samba,Lens,Ligue 1,2024/25,GK,29,3000,52.0,0.15,76.0,66.4,36.2,0.82,10.0,12.75,,,,,,,,,,,,,,,,,,,,,,
Facundo Medina,Lens,Ligue 1,2025/26,CB,25,2800,52.0,,,86.5,,,,,4.5,380.1,4.8,1.2,55.5,2.5,1.8,6.5,1.5,60.1,70.5,,,,,,,,,,,
Facundo Medina,Lens,Ligue 1,2024/25,CB,24,2800,52.0,,,88.2,,,,,4.59,387.7,4.9,1.22,56.6,2.55,1.84,6.63,1.53,61.3,71.9,,,,,,,,,,,
Kevin Danso,Lens,Ligue 1,2025/26,CB,25,2600,52.0,,,85.1,,,,,2.8,310.5,3.1,0.6,50.1,1.8,1.5,5.8,1.8,68.5,75.1,,,,,,,,,,,
Kevin Danso,Lens,Ligue 1,2024/25,CB,24,2600,52.0,,,86.8,,,,,2.86,316.71,3.16,0.61,51.1,1.84,1.53,5.92,1.84,69.9,76.6,,,,,,,,,,,
Jonathan Gradit,Lens,Ligue 1,2025/26,CB,31,2400,52.0,,,87.5,,,,,3.5,340.1,3.8,0.9,52.5,2.1,1.6,5.5,1.2,62.1,72.1,,,,,,,,,,,
Jonathan Gradit,Lens,Ligue 1,2024/25,CB,30,2400,52.0,,,91.9,,,,,3.68,357.11,3.99,0.95,55.1,2.21,1.68,5.78,1.26,65.2,75.7,,,,,,,,,,,
Abdukodir Khusanov,Lens,Ligue 1,2025/26,CB,20,1500,52.0,,,84.1,,,,,2.5,280.5,2.8,0.5,48.5,1.9,1.4,5.1,1.4,65.5,68.5,,,,,,,,,,,
Abdukodir Khusanov,Lens,Ligue 1,2024/25,CB,19,1275,52.0,,,77.4,,,,,2.3,258.06,2.58,0.46,44.6,1.75,1.29,4.69,1.29,60.3,63.0,,,,,,,,,,,
Deiver Machado,Lens,Ligue 1,2025/26,FB,31,2200,52.0,,,78.5,,,,,3.8,,3.1,2.8,55.1,2.1,1.5,5.2,,45.1,,0.15,2.5,1.2,1.5,2.1,0.4,,,,,
Deiver Machado,Lens,Ligue 1,2024/25,FB,30,2200,52.0,,,82.4,,,,,3.99,,3.26,2.94,57.9,2.21,1.58,5.46,,47.4,,0.16,2.62,1.26,1.58,2.21,0.42,,,,,
Przemyslaw Frankowski,Lens,Ligue 1,2025/26,FB,29,2500,52.0,,,80.1,,,,,4.1,,3.5,3.1,58.5,1.8,1.4,5.5,,48.5,,0.18,2.8,1.5,1.8,2.5,0.5,,,,,
Przemyslaw Frankowski,Lens,Ligue 1,2024/25,FB,28,2500,52.0,,,81.7,,,,,4.18,,3.57,3.16,59.7,1.84,1.43,5.61,,49.5,,0.18,2.86,1.53,1.84,2.55,0.51,,,,,
Andy Diouf,Lens,Ligue 1,2025/26,CM,21,2400,52.0,,,84.5,,,,,4.5,,4.1,2.5,58.1,2.5,1.5,6.5,1.2,48.1,,0.12,2.5,1.2,1.1,,,0.08,,,,
Andy Diouf,Lens,Ligue 1,2024/25,CM,20,2400,52.0,,,77.7,,,,,4.14,,3.77,2.3,53.5,2.3,1.38,5.98,1.1,44.3,,0.11,2.3,1.1,1.01,,,0.07,,,,
Nampalys Mendy,Lens,Ligue 1,2025/26,CM,32,1800,52.0,,,88.5,,,,,3.8,,3.5,1.2,50.1,2.8,1.8,7.1,1.5,55.1,,0.05,1.5,0.8,0.7,,,0.02,,,,
Nampalys Mendy,Lens,Ligue 1,2024/25,CM,31,1800,52.0,,,92.9,,,,,3.99,,3.68,1.26,52.6,2.94,1.89,7.46,1.58,57.9,,0.05,1.58,0.84,0.73,,,0.02,,,,
Adrien Thomasson,Lens,Ligue 1,2025/26,CM,30,2200,52.0,,,82.5,,,,,4.8,,4.5,2.1,55.5,2.1,1.4,5.8,1.1,50.5,,0.18,3.2,1.5,1.2,,,0.12,,,,
Adrien Thomasson,Lens,Ligue 1,2024/25,CM,29,2200,52.0,,,84.2,,,,,4.9,,4.59,2.14,56.6,2.14,1.43,5.92,1.12,51.5,,0.18,3.26,1.53,1.22,,,0.12,,,,
David Pereira da Costa,Lens,Ligue 1,2025/26,W,23,2000,52.0,,,,,,,,3.5,,,4.5,58.1,1.2,0.7,3.5,,,,0.22,4.1,2.1,,4.8,0.4,0.18,2.5,4.5,1.8,
David Pereira da Costa,Lens,Ligue 1,2024/25,W,22,2000,52.0,,,,,,,,3.36,,,4.32,55.8,1.15,0.67,3.36,,,,0.21,3.94,2.02,,4.61,0.38,0.17,2.4,4.32,1.73,
Florian Sotoca,Lens,Ligue 1,2025/26,ST,33,2800,52.0,,,75.1,,,,,,,,,,1.2,,3.5,,55.1,,0.18,3.5,1.5,,,0.5,0.25,2.2,4.1,1.2,38.5
Florian Sotoca,Lens,Ligue 1,2024/25,ST,32,2800,52.0,,,78.9,,,,,,,,,,1.26,,3.68,,57.9,,0.19,3.68,1.58,,,0.53,0.26,2.31,4.3,1.26,40.4
M'Bala Nzola,Lens,Ligue 1,2025/26,ST,28,1500,52.0,,,70.5,,,,,,,,,,0.6,,1.8,,48.5,,0.1,1.8,0.8,,,0.3,0.35,2.8,4.8,0.9,42.1
M'Bala Nzola,Lens,Ligue 1,2024/25,ST,27,1500,52.0,,,71.9,,,,,,,,,,0.61,,1.84,,49.5,,0.1,1.84,0.82,,,0.31,0.36,2.86,4.9,0.92,42.9
Wesley Said,Lens,Ligue 1,2025/26,ST,29,1800,52.0,,,72.1,,,,,,,,,,0.7,,2.1,,40.1,,0.12,2.1,0.9,,,0.4,0.38,3.1,5.1,1.1,45.1
Wesley Said,Lens,Ligue 1,2024/25,ST,28,1800,52.0,,,73.5,,,,,,,,,,0.71,,2.14,,40.9,,0.12,2.14,0.92,,,0.41,0.39,3.16,5.2,1.12,46.0
Ruben Aguilar,Lens,Ligue 1,2025/26,FB,31,1600,52.0,,,78.1,,,,,3.5,,2.8,2.1,52.1,2.5,1.6,5.5,,50.1,,0.12,2.1,1.1,1.2,1.5,0.4,,,,,
Ruben Aguilar,Lens,Ligue 1,2024/25,FB,30,1600,52.0,,,82.0,,,,,3.68,,2.94,2.21,54.7,2.62,1.68,5.78,,52.6,,0.13,2.21,1.16,1.26,1.58,0.42,,,,,
Angelo Fulgini,Lens,Ligue 1,2025/26,CM,28,1900,52.0,,,81.5,,,,,4.5,,4.1,2.5,55.1,1.8,1.2,5.2,1.0,45.1,,0.2,3.5,1.8,1.5,,,0.15,,,,
Angelo Fulgini,Lens,Ligue 1,2024/25,CM,27,1900,52.0,,,83.1,,,,,4.59,,4.18,2.55,56.2,1.84,1.22,5.3,1.02,46.0,,0.2,3.57,1.84,1.53,,,0.15,,,,
Anass Zaroury,Lens,Ligue 1,2025/26,W,23,1400,52.0,,,,,,,,3.1,,,4.1,55.5,1.1,0.6,3.2,,,,0.18,3.2,1.5,,4.5,0.3,0.15,2.1,4.2,1.5,
Anass Zaroury,Lens,Ligue 1,2024/25,W,22,1400,52.0,,,,,,,,2.98,,,3.94,53.3,1.06,0.58,3.07,,,,0.17,3.07,1.44,,4.32,0.29,0.14,2.02,4.03,1.44,
Martin Satriano,Lens,Ligue 1,2025/26,ST,23,1200,52.0,,,68.5,,,,,,,,,,0.5,,1.8,,45.5,,0.1,1.5,0.8,,,0.3,0.32,2.5,4.5,0.8,38.5
Martin Satriano,Lens,Ligue 1,2024/25,ST,22,1200,52.0,,,65.8,,,,,,,,,,0.48,,1.73,,43.7,,0.1,1.44,0.77,,,0.29,0.31,2.4,4.32,0.77,37.0
Yehvann Diouf,Reims,Ligue 1,2025/26,GK,24,2800,47.0,0.08,73.5,68.5,38.1,0.9,5.2,12.5,,,,,,,,,,,,,,,,,,,,,,
Yehvann Diouf,Reims,Ligue 1,2024/25,GK,23,2800,47.0,0.08,70.6,65.8,36.6,0.86,10.0,12.0,,,,,,,,,,,,,,,,,,,,,,
Emmanuel Agbadou,Reims,Ligue 1,2025/26,CB,27,2600,47.0,,,84.5,,,,,3.5,320.1,3.8,0.8,55.1,2.1,1.8,6.1,1.5,65.5,71.5,,,,,,,,,,,
Emmanuel Agbadou,Reims,Ligue 1,2024/25,CB,26,2600,47.0,,,86.2,,,,,3.57,326.5,3.88,0.82,56.2,2.14,1.84,6.22,1.53,66.8,72.9,,,,,,,,,,,
Joseph Okumu,Reims,Ligue 1,2025/26,CB,27,2400,47.0,,,85.1,,,,,2.8,280.5,3.1,0.5,50.1,1.8,1.6,5.5,1.4,68.1,72.5,,,,,,,,,,,
Joseph Okumu,Reims,Ligue 1,2024/25,CB,26,2400,47.0,,,86.8,,,,,2.86,286.11,3.16,0.51,51.1,1.84,1.63,5.61,1.43,69.5,74.0,,,,,,,,,,,
Cedric Kipre,Reims,Ligue 1,2025/26,CB,27,2200,47.0,,,83.5,,,,,2.5,250.1,2.8,0.4,48.5,1.9,1.5,5.2,1.6,70.1,75.1,,,,,,,,,,,
Cedric Kipre,Reims,Ligue 1,2024/25,CB,26,2200,47.0,,,85.2,,,,,2.55,255.1,2.86,0.41,49.5,1.94,1.53,5.3,1.63,71.5,76.6,,,,,,,,,,,
Sergio Akieme,Reims,Ligue 1,2025/26,FB,26,2500,47.0,,,78.5,,,,,3.5,,3.1,2.5,52.5,2.2,1.5,5.5,,50.5,,0.12,2.1,1.1,1.2,1.8,0.4,,,,,
Sergio Akieme,Reims,Ligue 1,2024/25,FB,25,2500,47.0,,,80.1,,,,,3.57,,3.16,2.55,53.6,2.24,1.53,5.61,,51.5,,0.12,2.14,1.12,1.22,1.84,0.41,,,,,
Thibault De Smet,Reims,Ligue 1,2025/26,FB,26,2000,47.0,,,75.1,,,,,2.8,,2.5,1.8,48.5,2.5,1.8,5.8,,55.1,,0.08,1.5,0.8,0.9,1.2,0.3,,,,,
Thibault De Smet,Reims,Ligue 1,2024/25,FB,25,2000,47.0,,,76.6,,,,,2.86,,2.55,1.84,49.5,2.55,1.84,5.92,,56.2,,0.08,1.53,0.82,0.92,1.22,0.31,,,,,
Aurelio Buta,Reims,Ligue 1,2025/26,FB,27,1800,47.0,,,80.1,,,,,3.8,,3.5,2.8,55.1,1.8,1.4,5.1,,45.1,,0.15,2.5,1.2,1.5,2.1,0.5,,,,,
Aurelio Buta,Reims,Ligue 1,2024/25,FB,26,1800,47.0,,,81.7,,,,,3.88,,3.57,2.86,56.2,1.84,1.43,5.2,,46.0,,0.15,2.55,1.22,1.53,2.14,0.51,,,,,
Marshall Munetsi,Reims,Ligue 1,2025/26,CM,28,2700,47.0,,,82.5,,,,,4.1,,3.8,1.8,55.5,2.8,1.8,7.1,1.5,58.5,,0.1,2.1,1.0,0.9,,,0.12,,,,
Marshall Munetsi,Reims,Ligue 1,2024/25,CM,27,2700,47.0,,,84.2,,,,,4.18,,3.88,1.84,56.6,2.86,1.84,7.24,1.53,59.7,,0.1,2.14,1.02,0.92,,,0.12,,,,
Teddy Teuma,Reims,Ligue 1,2025/26,CM,30,2600,47.0,,,80.5,,,,,5.1,,4.5,2.1,58.1,1.8,1.2,5.5,1.1,45.1,,0.22,3.8,2.1,1.8,,,0.15,,,,
Teddy Teuma,Reims,Ligue 1,2024/25,CM,29,2600,47.0,,,82.1,,,,,5.2,,4.59,2.14,59.3,1.84,1.22,5.61,1.12,46.0,,0.22,3.88,2.14,1.84,,,0.15,,,,
Valentin Atangana,Reims,Ligue 1,2025/26,CM,19,2000,47.0,,,84.5,,,,,4.5,,3.5,1.5,52.1,2.5,1.6,6.5,1.2,50.1,,0.08,1.8,0.9,0.8,,,0.04,,,,
Valentin Atangana,Reims,Ligue 1,2024/25,CM,18,1700,47.0,,,77.7,,,,,4.14,,3.22,1.38,47.9,2.3,1.47,5.98,1.1,46.1,,0.07,1.66,0.83,0.74,,,0.04,,,,
Junya Ito,Reims,Ligue 1,2025/26,W,31,2800,47.0,,,,,,,,4.1,,,4.5,55.1,1.2,0.8,3.8,,,,0.28,4.5,2.2,,4.1,0.4,0.18,2.5,4.5,1.8,
Junya Ito,Reims,Ligue 1,2024/25,W,30,2800,47.0,,,,,,,,4.3,,,4.73,57.9,1.26,0.84,3.99,,,,0.29,4.73,2.31,,4.3,0.42,0.19,2.62,4.73,1.89,
Keito Nakamura,Reims,Ligue 1,2025/26,W,24,2500,47.0,,,,,,,,3.1,,,3.8,50.5,1.1,0.7,3.5,,,,0.15,3.2,1.2,,3.5,0.3,0.22,2.8,4.1,1.5,
Keito Nakamura,Reims,Ligue 1,2024/25,W,23,2500,47.0,,,,,,,,2.98,,,3.65,48.5,1.06,0.67,3.36,,,,0.14,3.07,1.15,,3.36,0.29,0.21,2.69,3.94,1.44,
Reda Khadra,Reims,Ligue 1,2025/26,W,23,1800,47.0,,,,,,,,3.5,,,4.2,58.1,1.4,0.9,4.1,,,,0.18,3.5,1.5,,4.5,0.5,0.15,2.2,4.2,1.6,
Reda Khadra,Reims,Ligue 1,2024/25,W,22,1800,47.0,,,,,,,,3.36,,,4.03,55.8,1.34,0.86,3.94,,,,0.17,3.36,1.44,,4.32,0.48,0.14,2.11,4.03,1.54,
Oumar Diakite,Reims,Ligue 1,2025/26,ST,20,2400,47.0,,,72.5,,,,,,,,,,0.7,,2.1,,45.1,,0.12,2.1,0.9,,,0.4,0.38,2.8,5.1,1.1,40.5
Oumar Diakite,Reims,Ligue 1,2024/25,ST,19,2040,47.0,,,66.7,,,,,,,,,,0.64,,1.93,,41.5,,0.11,1.93,0.83,,,0.37,0.35,2.58,4.69,1.01,37.3
Mohamed Daramy,Reims,Ligue 1,2025/26,ST,22,2000,47.0,,,75.1,,,,,,,,,,0.8,,2.5,,40.5,,0.15,2.5,1.1,,,0.3,0.32,2.5,4.8,1.2,38.5
Mohamed Daramy,Reims,Ligue 1,2024/25,ST,21,2000,47.0,,,72.1,,,,,,,,,,0.77,,2.4,,38.9,,0.14,2.4,1.06,,,0.29,0.31,2.4,4.61,1.15,37.0
Amine Salama,Reims,Ligue 1,2025/26,ST,24,1500,47.0,,,70.1,,,,,,,,,,0.6,,1.8,,42.1,,0.1,1.8,0.8,,,0.2,0.35,2.6,4.5,0.9,41.5
Amine Salama,Reims,Ligue 1,2024/25,ST,23,1500,47.0,,,67.3,,,,,,,,,,0.58,,1.73,,40.4,,0.1,1.73,0.77,,,0.19,0.34,2.5,4.32,0.86,39.8
Amadou Kone,Reims,Ligue 1,2025/26,CM,19,1200,47.0,,,82.5,,,,,3.8,,3.1,1.5,55.1,2.2,1.5,6.1,1.1,48.5,,0.08,1.8,0.9,0.8,,,0.05,,,,
Amadou Kone,Reims,Ligue 1,2024/25,CM,18,1020,47.0,,,75.9,,,,,3.5,,2.85,1.38,50.7,2.02,1.38,5.61,1.01,44.6,,0.07,1.66,0.83,0.74,,,0.05,,,,
Alexandre Olliero,Reims,Ligue 1,2025/26,GK,28,400,47.0,0.02,68.1,65.5,35.1,0.8,4.5,11.5,,,,,,,,,,,,,,,,,,,,,,
Alexandre Olliero,Reims,Ligue 1,2024/25,GK,27,900,47.0,0.02,69.5,66.8,35.8,0.82,10.0,11.73,,,,,,,,,,,,,,,,,,,,,,
Steve Mandanda,Rennes,Ligue 1,2025/26,GK,39,2800,51.5,0.05,71.5,75.1,40.5,0.8,4.8,12.5,,,,,,,,,,,,,,,,,,,,,,
Steve Mandanda,Rennes,Ligue 1,2024/25,GK,38,2800,51.5,0.05,75.1,78.9,42.5,0.84,10.0,13.12,,,,,,,,,,,,,,,,,,,,,,
Christopher Wooh,Rennes,Ligue 1,2025/26,CB,22,2500,51.5,,,88.5,,,,,3.5,310.1,3.8,0.8,55.1,2.1,1.6,5.8,1.4,68.5,72.1,,,,,,,,,,,
Christopher Wooh,Rennes,Ligue 1,2024/25,CB,21,2500,51.5,,,85.0,,,,,3.36,297.7,3.65,0.77,52.9,2.02,1.54,5.57,1.34,65.8,69.2,,,,,,,,,,,
Alidu Seidu,Rennes,Ligue 1,2025/26,CB,24,2600,51.5,,,86.1,,,,,3.8,320.5,4.1,1.1,58.5,2.5,1.8,6.1,1.2,62.5,70.5,,,,,,,,,,,
Alidu Seidu,Rennes,Ligue 1,2024/25,CB,23,2600,51.5,,,82.7,,,,,3.65,307.68,3.94,1.06,56.2,2.4,1.73,5.86,1.15,60.0,67.7,,,,,,,,,,,
Leo Ostigard,Rennes,Ligue 1,2025/26,CB,24,2200,51.5,,,85.5,,,,,2.8,280.1,3.1,0.5,50.1,1.8,1.5,5.2,1.6,70.1,75.1,,,,,,,,,,,
Leo Ostigard,Rennes,Ligue 1,2024/25,CB,23,2200,51.5,,,82.1,,,,,2.69,268.9,2.98,0.48,48.1,1.73,1.44,4.99,1.54,67.3,72.1,,,,,,,,,,,
Mikayil Faye,Rennes,Ligue 1,2025/26,CB,20,1500,51.5,,,84.1,,,,,3.2,290.5,3.5,0.9,52.5,2.2,1.7,5.5,1.3,65.5,68.5,,,,,,,,,,,
Mikayil Faye,Rennes,Ligue 1,2024/25,CB,19,1275,51.5,,,77.4,,,,,2.94,267.26,3.22,0.83,48.3,2.02,1.56,5.06,1.2,60.3,63.0,,,,,,,,,,,
Adrien Truffert,Rennes,Ligue 1,2025/26,FB,22,2700,51.5,,,80.5,,,,,4.1,,3.5,3.1,55.5,2.1,1.5,5.5,,50.1,,0.18,2.8,1.5,1.8,2.1,0.4,,,,,
Adrien Truffert,Rennes,Ligue 1,2024/25,FB,21,2700,51.5,,,77.3,,,,,3.94,,3.36,2.98,53.3,2.02,1.44,5.28,,48.1,,0.17,2.69,1.44,1.73,2.02,0.38,,,,,
Lorenz Assignon,Rennes,Ligue 1,2025/26,FB,24,2400,51.5,,,82.1,,,,,3.8,,3.1,2.8,58.1,1.8,1.4,5.1,,45.1,,0.15,2.5,1.2,1.5,2.5,0.5,,,,,
Lorenz Assignon,Rennes,Ligue 1,2024/25,FB,23,2400,51.5,,,78.8,,,,,3.65,,2.98,2.69,55.8,1.73,1.34,4.9,,43.3,,0.14,2.4,1.15,1.44,2.4,0.48,,,,,
Baptiste Santamaria,Rennes,Ligue 1,2025/26,CM,29,2500,51.5,,,88.5,,,,,4.5,,4.1,1.2,50.1,3.1,2.1,7.5,1.5,55.5,,0.06,1.5,0.8,0.7,,,0.04,,,,
Baptiste Santamaria,Rennes,Ligue 1,2024/25,CM,28,2500,51.5,,,90.3,,,,,4.59,,4.18,1.22,51.1,3.16,2.14,7.65,1.53,56.6,,0.06,1.53,0.82,0.71,,,0.04,,,,
Azor Matusiwa,Rennes,Ligue 1,2025/26,CM,26,2600,51.5,,,87.1,,,,,4.8,,4.5,1.5,52.5,2.8,1.8,7.1,1.4,52.1,,0.08,1.8,0.9,0.8,,,0.05,,,,
Azor Matusiwa,Rennes,Ligue 1,2024/25,CM,25,2600,51.5,,,88.8,,,,,4.9,,4.59,1.53,53.6,2.86,1.84,7.24,1.43,53.1,,0.08,1.84,0.92,0.82,,,0.05,,,,
Albert Gronbaek,Rennes,Ligue 1,2025/26,CM,23,2200,51.5,,,84.5,,,,,5.1,,4.8,2.1,55.5,2.1,1.4,5.8,1.1,48.5,,0.18,3.2,1.5,1.2,,,0.15,,,,
Albert Gronbaek,Rennes,Ligue 1,2024/25,CM,22,2200,51.5,,,81.1,,,,,4.9,,4.61,2.02,53.3,2.02,1.34,5.57,1.06,46.6,,0.17,3.07,1.44,1.15,,,0.14,,,,
Ludovic Blas,Rennes,Ligue 1,2025/26,W,26,2800,51.5,,,,,,,,4.1,,,4.5,55.1,1.2,0.8,3.8,,,,0.25,4.5,2.2,,4.5,0.4,0.22,2.8,4.8,1.8,
Ludovic Blas,Rennes,Ligue 1,2024/25,W,25,2800,51.5,,,,,,,,4.18,,,4.59,56.2,1.22,0.82,3.88,,,,0.26,4.59,2.24,,4.59,0.41,0.22,2.86,4.9,1.84,
Carlos Andres Gomez,Rennes,Ligue 1,2025/26,W,21,1500,51.5,,,,,,,,3.1,,,3.8,52.5,1.1,0.7,3.5,,,,0.15,3.2,1.5,,4.1,0.3,0.18,2.2,4.1,1.5,
Carlos Andres Gomez,Rennes,Ligue 1,2024/25,W,20,1500,51.5,,,,,,,,2.85,,,3.5,48.3,1.01,0.64,3.22,,,,0.14,2.94,1.38,,3.77,0.28,0.17,2.02,3.77,1.38,
Jota,Rennes,Ligue 1,2025/26,W,25,1800,51.5,,,,,,,,3.5,,,4.2,58.1,1.4,0.9,4.1,,,,0.22,4.1,1.8,,4.8,0.5,0.25,2.5,4.5,1.6,
Jota,Rennes,Ligue 1,2024/25,W,24,1800,51.5,,,,,,,,3.57,,,4.28,59.3,1.43,0.92,4.18,,,,0.22,4.18,1.84,,4.9,0.51,0.26,2.55,4.59,1.63,
Arnaud Kalimuendo,Rennes,Ligue 1,2025/26,ST,22,2600,51.5,,,72.1,,,,,,,,,,0.6,,2.1,,38.5,,0.12,2.1,0.9,,,0.3,0.42,3.1,5.1,1.1,42.5
Arnaud Kalimuendo,Rennes,Ligue 1,2024/25,ST,21,2600,51.5,,,69.2,,,,,,,,,,0.58,,2.02,,37.0,,0.12,2.02,0.86,,,0.29,0.4,2.98,4.9,1.06,40.8
Amine Gouiri,Rennes,Ligue 1,2025/26,ST,24,2400,51.5,,,75.5,,,,,,,,,,0.8,,2.5,,35.5,,0.18,3.1,1.2,,,0.4,0.35,2.8,4.8,1.5,40.1
Amine Gouiri,Rennes,Ligue 1,2024/25,ST,23,2400,51.5,,,72.5,,,,,,,,,,0.77,,2.4,,34.1,,0.17,2.98,1.15,,,0.38,0.34,2.69,4.61,1.44,38.5
Henrik Meister,Rennes,Ligue 1,2025/26,ST,20,1000,51.5,,,68.5,,,,,,,,,,0.5,,1.8,,45.1,,0.08,1.5,0.6,,,0.2,0.38,2.5,4.5,0.8,38.5
Henrik Meister,Rennes,Ligue 1,2024/25,ST,19,900,51.5,,,63.0,,,,,,,,,,0.46,,1.66,,41.5,,0.07,1.38,0.55,,,0.18,0.35,2.3,4.14,0.74,35.4
Hans Hateboer,Rennes,Ligue 1,2025/26,FB,30,1600,51.5,,,78.5,,,,,3.2,,2.8,2.1,50.1,1.9,1.5,5.1,,52.1,,0.1,1.8,0.9,1.0,1.5,0.3,,,,,
Hans Hateboer,Rennes,Ligue 1,2024/25,FB,29,1600,51.5,,,80.1,,,,,3.26,,2.86,2.14,51.1,1.94,1.53,5.2,,53.1,,0.1,1.84,0.92,1.02,1.53,0.31,,,,,
Glen Kamara,Rennes,Ligue 1,2025/26,CM,28,1400,51.5,,,86.5,,,,,3.8,,3.5,1.2,55.1,2.5,1.6,6.5,1.1,50.1,,0.06,1.5,0.8,0.7,,,0.04,,,,
Glen Kamara,Rennes,Ligue 1,2024/25,CM,27,1400,51.5,,,88.2,,,,,3.88,,3.57,1.22,56.2,2.55,1.63,6.63,1.12,51.1,,0.06,1.53,0.82,0.71,,,0.04,,,,
Guillaume Restes,Toulouse,Ligue 1,2025/26,GK,19,2900,48.0,0.12,73.5,75.1,38.5,1.2,5.5,13.5,,,,,,,,,,,,,,,,,,,,,,
Guillaume Restes,Toulouse,Ligue 1,2024/25,GK,18,2465,48.0,0.11,67.6,69.1,35.4,1.1,10.0,12.42,,,,,,,,,,,,,,,,,,,,,,
Rasmus Nicolaisen,Toulouse,Ligue 1,2025/26,CB,27,2800,48.0,,,86.5,,,,,3.5,320.1,3.8,0.5,50.1,1.8,1.9,5.8,1.6,70.5,75.1,,,,,,,,,,,
Rasmus Nicolaisen,Toulouse,Ligue 1,2024/25,CB,26,2800,48.0,,,88.2,,,,,3.57,326.5,3.88,0.51,51.1,1.84,1.94,5.92,1.63,71.9,76.6,,,,,,,,,,,
Charlie Cresswell,Toulouse,Ligue 1,2025/26,CB,22,2200,48.0,,,84.1,,,,,2.8,280.5,3.1,0.4,48.5,1.9,1.6,5.5,1.5,68.1,72.5,,,,,,,,,,,
Charlie Cresswell,Toulouse,Ligue 1,2024/25,CB,21,2200,48.0,,,80.7,,,,,2.69,269.28,2.98,0.38,46.6,1.82,1.54,5.28,1.44,65.4,69.6,,,,,,,,,,,
Mark McKenzie,Toulouse,Ligue 1,2025/26,CB,25,2400,48.0,,,85.5,,,,,3.2,300.1,3.5,0.6,52.1,2.1,1.5,5.2,1.4,65.5,70.1,,,,,,,,,,,
Mark McKenzie,Toulouse,Ligue 1,2024/25,CB,24,2400,48.0,,,87.2,,,,,3.26,306.1,3.57,0.61,53.1,2.14,1.53,5.3,1.43,66.8,71.5,,,,,,,,,,,
Gabriel Suazo,Toulouse,Ligue 1,2025/26,FB,27,2600,48.0,,,80.5,,,,,3.8,,3.1,2.8,55.1,2.2,1.5,5.5,,48.5,,0.15,2.5,1.2,1.5,1.8,0.4,,,,,
Gabriel Suazo,Toulouse,Ligue 1,2024/25,FB,26,2600,48.0,,,82.1,,,,,3.88,,3.16,2.86,56.2,2.24,1.53,5.61,,49.5,,0.15,2.55,1.22,1.53,1.84,0.41,,,,,
Warren Kamanzi,Toulouse,Ligue 1,2025/26,FB,23,2000,48.0,,,78.1,,,,,3.5,,2.8,2.5,58.5,2.5,1.6,5.8,,45.1,,0.12,2.1,1.1,1.2,2.1,0.5,,,,,
Warren Kamanzi,Toulouse,Ligue 1,2024/25,FB,22,2000,48.0,,,75.0,,,,,3.36,,2.69,2.4,56.2,2.4,1.54,5.57,,43.3,,0.12,2.02,1.06,1.15,2.02,0.48,,,,,
Vincent Sierro,Toulouse,Ligue 1,2025/26,CM,28,2700,48.0,,,84.5,,,,,4.5,,4.1,1.8,55.1,2.5,1.8,6.8,1.2,52.5,,0.12,2.5,1.2,1.1,,,0.08,,,,
Vincent Sierro,Toulouse,Ligue 1,2024/25,CM,27,2700,48.0,,,86.2,,,,,4.59,,4.18,1.84,56.2,2.55,1.84,6.94,1.22,53.6,,0.12,2.55,1.22,1.12,,,0.08,,,,
Cristian Casseres Jr,Toulouse,Ligue 1,2025/26,CM,24,2500,48.0,,,86.1,,,,,4.8,,4.5,1.5,58.5,3.1,2.1,7.1,1.5,50.1,,0.1,2.1,1.0,0.9,,,0.05,,,,
Cristian Casseres Jr,Toulouse,Ligue 1,2024/25,CM,23,2500,48.0,,,82.7,,,,,4.61,,4.32,1.44,56.2,2.98,2.02,6.82,1.44,48.1,,0.1,2.02,0.96,0.86,,,0.05,,,,
Miha Zajc,Toulouse,Ligue 1,2025/26,CM,30,1800,48.0,,,82.5,,,,,4.1,,3.8,2.1,52.1,1.8,1.2,5.5,1.0,45.1,,0.15,3.2,1.5,1.2,,,0.12,,,,
Miha Zajc,Toulouse,Ligue 1,2024/25,CM,29,1800,48.0,,,84.2,,,,,4.18,,3.88,2.14,53.1,1.84,1.22,5.61,1.02,46.0,,0.15,3.26,1.53,1.22,,,0.12,,,,
Zakaria Aboukhlal,Toulouse,Ligue 1,2025/26,W,24,2400,48.0,,,,,,,,3.1,,,4.2,55.1,1.2,0.7,3.5,,,,0.18,3.5,1.5,,4.5,0.4,0.25,2.8,4.8,1.8,
Zakaria Aboukhlal,Toulouse,Ligue 1,2024/25,W,23,2400,48.0,,,,,,,,2.98,,,4.03,52.9,1.15,0.67,3.36,,,,0.17,3.36,1.44,,4.32,0.38,0.24,2.69,4.61,1.73,
Yann Gboho,Toulouse,Ligue 1,2025/26,W,23,2200,48.0,,,,,,,,3.5,,,4.8,58.5,1.4,0.8,3.8,,,,0.22,3.8,1.8,,5.1,0.5,0.18,2.2,4.5,2.1,
Yann Gboho,Toulouse,Ligue 1,2024/25,W,22,2200,48.0,,,,,,,,3.36,,,4.61,56.2,1.34,0.77,3.65,,,,0.21,3.65,1.73,,4.9,0.48,0.17,2.11,4.32,2.02,
Shavy Babicka,Toulouse,Ligue 1,2025/26,W,24,1800,48.0,,,,,,,,2.8,,,3.8,52.1,1.1,0.6,3.2,,,,0.15,3.1,1.2,,4.1,0.3,0.2,2.5,4.2,1.5,
Shavy Babicka,Toulouse,Ligue 1,2024/25,W,23,1800,48.0,,,,,,,,2.69,,,3.65,50.0,1.06,0.58,3.07,,,,0.14,2.98,1.15,,3.94,0.29,0.19,2.4,4.03,1.44,
Frank Magri,Toulouse,Ligue 1,2025/26,ST,25,2000,48.0,,,72.1,,,,,,,,,,0.6,,2.1,,45.1,,0.12,2.1,0.9,,,0.3,0.38,2.8,4.8,1.1,40.5
Frank Magri,Toulouse,Ligue 1,2024/25,ST,24,2000,48.0,,,73.5,,,,,,,,,,0.61,,2.14,,46.0,,0.12,2.14,0.92,,,0.31,0.39,2.86,4.9,1.12,41.3
Joshua King,Toulouse,Ligue 1,2025/26,ST,32,1600,48.0,,,75.1,,,,,,,,,,0.8,,2.5,,42.5,,0.15,2.5,1.1,,,0.4,0.32,2.5,4.5,1.2,38.1
Joshua King,Toulouse,Ligue 1,2024/25,ST,31,1600,48.0,,,78.9,,,,,,,,,,0.84,,2.62,,44.6,,0.16,2.62,1.16,,,0.42,0.34,2.62,4.73,1.26,40.0
Djibril Sidibe,Toulouse,Ligue 1,2025/26,FB,32,1400,48.0,,,78.5,,,,,3.2,,2.8,2.1,50.1,2.1,1.5,5.1,,52.1,,0.1,1.8,0.9,1.0,1.5,0.3,,,,,
Djibril Sidibe,Toulouse,Ligue 1,2024/25,FB,31,1400,48.0,,,82.4,,,,,3.36,,2.94,2.21,52.6,2.21,1.58,5.35,,54.7,,0.11,1.89,0.95,1.05,1.58,0.32,,,,,
Denis Genreau,Toulouse,Ligue 1,2025/26,CM,25,1200,48.0,,,82.1,,,,,3.8,,3.1,1.5,55.1,2.2,1.4,5.5,1.1,48.5,,0.08,1.5,0.8,0.7,,,0.05,,,,
Denis Genreau,Toulouse,Ligue 1,2024/25,CM,24,1200,48.0,,,83.7,,,,,3.88,,3.16,1.53,56.2,2.24,1.43,5.61,1.12,49.5,,0.08,1.53,0.82,0.71,,,0.05,,,,
Alex Dominguez,Toulouse,Ligue 1,2025/26,GK,26,400,48.0,0.02,68.5,72.1,35.5,0.8,4.5,12.1,,,,,,,,,,,,,,,,,,,,,,
Alex Dominguez,Toulouse,Ligue 1,2024/25,GK,25,900,48.0,0.02,69.9,73.5,36.2,0.82,10.0,12.34,,,,,,,,,,,,,,,,,,,,,,
Aron Donnum,Toulouse,Ligue 1,2025/26,W,26,1500,48.0,,,,,,,,3.1,,,3.8,50.5,1.4,0.8,3.8,,,,0.18,3.2,1.5,,3.8,0.4,0.15,2.1,4.2,1.5,
Aron Donnum,Toulouse,Ligue 1,2024/25,W,25,1500,48.0,,,,,,,,3.16,,,3.88,51.5,1.43,0.82,3.88,,,,0.18,3.26,1.53,,3.88,0.41,0.15,2.14,4.28,1.53,
Benjamin Lecomte,Montpellier,Ligue 1,2025/26,GK,33,2900,44.5,0.05,70.5,68.1,35.5,0.8,4.8,12.1,,,,,,,,,,,,,,,,,,,,,,
Benjamin Lecomte,Montpellier,Ligue 1,2024/25,GK,32,2900,44.5,0.05,74.0,71.5,37.3,0.84,10.0,12.71,,,,,,,,,,,,,,,,,,,,,,
Becir Omeragic,Montpellier,Ligue 1,2025/26,CB,22,2600,44.5,,,84.5,,,,,3.2,300.1,3.5,0.6,52.1,2.1,1.6,5.5,1.4,65.5,70.5,,,,,,,,,,,
Becir Omeragic,Montpellier,Ligue 1,2024/25,CB,21,2600,44.5,,,81.1,,,,,3.07,288.1,3.36,0.58,50.0,2.02,1.54,5.28,1.34,62.9,67.7,,,,,,,,,,,
Modibo Sagnan,Montpellier,Ligue 1,2025/26,CB,25,2400,44.5,,,82.1,,,,,2.8,280.5,3.1,0.5,50.1,1.8,1.5,5.2,1.5,68.1,72.1,,,,,,,,,,,
Modibo Sagnan,Montpellier,Ligue 1,2024/25,CB,24,2400,44.5,,,83.7,,,,,2.86,286.11,3.16,0.51,51.1,1.84,1.53,5.3,1.53,69.5,73.5,,,,,,,,,,,
Christopher Jullien,Montpellier,Ligue 1,2025/26,CB,31,2000,44.5,,,81.5,,,,,2.5,250.1,2.8,0.4,48.5,1.5,1.4,4.8,1.8,70.5,75.1,,,,,,,,,,,
Christopher Jullien,Montpellier,Ligue 1,2024/25,CB,30,2000,44.5,,,85.6,,,,,2.62,262.61,2.94,0.42,50.9,1.58,1.47,5.04,1.89,74.0,78.9,,,,,,,,,,,
Issiaga Sylla,Montpellier,Ligue 1,2025/26,FB,30,2500,44.5,,,78.5,,,,,3.5,,2.8,2.1,50.5,2.1,1.5,5.1,,52.1,,0.12,2.1,1.1,1.2,1.5,0.4,,,,,
Issiaga Sylla,Montpellier,Ligue 1,2024/25,FB,29,2500,44.5,,,80.1,,,,,3.57,,2.86,2.14,51.5,2.14,1.53,5.2,,53.1,,0.12,2.14,1.12,1.22,1.53,0.41,,,,,
Falaye Sacko,Montpellier,Ligue 1,2025/26,FB,29,2200,44.5,,,80.1,,,,,3.8,,3.1,2.5,52.5,2.2,1.6,5.5,,48.5,,0.1,1.8,0.9,1.0,1.8,0.5,,,,,
Falaye Sacko,Montpellier,Ligue 1,2024/25,FB,28,2200,44.5,,,81.7,,,,,3.88,,3.16,2.55,53.6,2.24,1.63,5.61,,49.5,,0.1,1.84,0.92,1.02,1.84,0.51,,,,,
Teji Savanier,Montpellier,Ligue 1,2025/26,CM,32,2800,44.5,,,82.5,,,,,6.5,,5.8,2.8,58.1,2.1,1.2,6.1,1.0,42.1,,0.28,4.5,2.5,2.1,,,0.18,,,,
Teji Savanier,Montpellier,Ligue 1,2024/25,CM,31,2800,44.5,,,86.6,,,,,6.83,,6.09,2.94,61.0,2.21,1.26,6.41,1.05,44.2,,0.29,4.73,2.62,2.21,,,0.19,,,,
Joris Chotard,Montpellier,Ligue 1,2025/26,CM,22,2600,44.5,,,85.5,,,,,4.5,,4.1,1.5,52.5,3.1,2.1,7.5,1.5,55.1,,0.08,1.8,0.9,0.8,,,0.05,,,,
Joris Chotard,Montpellier,Ligue 1,2024/25,CM,21,2600,44.5,,,82.1,,,,,4.32,,3.94,1.44,50.4,2.98,2.02,7.2,1.44,52.9,,0.08,1.73,0.86,0.77,,,0.05,,,,
Jordan Ferri,Montpellier,Ligue 1,2025/26,CM,32,2400,44.5,,,86.1,,,,,4.1,,3.5,1.2,50.1,2.8,1.8,6.8,1.2,50.1,,0.06,1.5,0.8,0.7,,,0.04,,,,
Jordan Ferri,Montpellier,Ligue 1,2024/25,CM,31,2400,44.5,,,90.4,,,,,4.3,,3.68,1.26,52.6,2.94,1.89,7.14,1.26,52.6,,0.06,1.58,0.84,0.73,,,0.04,,,,
Mousa Al-Tamari,Montpellier,Ligue 1,2025/26,W,27,2500,44.5,,,,,,,,3.1,,,4.5,55.1,1.2,0.7,3.5,,,,0.18,3.5,1.5,,5.1,0.4,0.22,2.8,4.5,1.8,
Mousa Al-Tamari,Montpellier,Ligue 1,2024/25,W,26,2500,44.5,,,,,,,,3.16,,,4.59,56.2,1.22,0.71,3.57,,,,0.18,3.57,1.53,,5.2,0.41,0.22,2.86,4.59,1.84,
Arnaud Nordin,Montpellier,Ligue 1,2025/26,W,26,2300,44.5,,,,,,,,2.8,,,4.1,52.5,1.1,0.6,3.2,,,,0.15,3.2,1.2,,4.5,0.3,0.2,2.5,4.1,1.5,
Arnaud Nordin,Montpellier,Ligue 1,2024/25,W,25,2300,44.5,,,,,,,,2.86,,,4.18,53.6,1.12,0.61,3.26,,,,0.15,3.26,1.22,,4.59,0.31,0.2,2.55,4.18,1.53,
Akor Adams,Montpellier,Ligue 1,2025/26,ST,24,2600,44.5,,,70.5,,,,,,,,,,0.6,,2.1,,45.1,,0.1,1.8,0.8,,,0.3,0.42,3.2,5.1,0.9,40.5
Akor Adams,Montpellier,Ligue 1,2024/25,ST,23,2600,44.5,,,67.7,,,,,,,,,,0.58,,2.02,,43.3,,0.1,1.73,0.77,,,0.29,0.4,3.07,4.9,0.86,38.9
Wahbi Khazri,Montpellier,Ligue 1,2025/26,ST,33,1500,44.5,,,75.1,,,,,,,,,,0.8,,2.5,,38.5,,0.18,3.1,1.5,,,0.4,0.25,2.5,4.2,1.2,38.1
Wahbi Khazri,Montpellier,Ligue 1,2024/25,ST,32,1500,44.5,,,78.9,,,,,,,,,,0.84,,2.62,,40.4,,0.19,3.26,1.58,,,0.42,0.26,2.62,4.41,1.26,40.0
Khalil Fayad,Montpellier,Ligue 1,2025/26,CM,20,1400,44.5,,,82.5,,,,,3.8,,3.1,1.8,55.1,2.1,1.4,5.5,1.0,48.5,,0.12,2.1,1.1,0.9,,,0.08,,,,
Khalil Fayad,Montpellier,Ligue 1,2024/25,CM,19,1190,44.5,,,75.9,,,,,3.5,,2.85,1.66,50.7,1.93,1.29,5.06,0.92,44.6,,0.11,1.93,1.01,0.83,,,0.07,,,,
Tanguy Coulibaly,Montpellier,Ligue 1,2025/26,W,23,1200,44.5,,,,,,,,2.8,,,4.2,55.1,1.2,0.7,3.5,,,,0.15,3.1,1.2,,4.5,0.4,0.18,2.2,4.5,1.6,
Tanguy Coulibaly,Montpellier,Ligue 1,2024/25,W,22,1200,44.5,,,,,,,,2.69,,,4.03,52.9,1.15,0.67,3.36,,,,0.14,2.98,1.15,,4.32,0.38,0.17,2.11,4.32,1.54,
Lucas Mincarelli,Montpellier,Ligue 1,2025/26,FB,20,1000,44.5,,,76.5,,,,,2.8,,2.5,1.8,48.5,2.1,1.4,4.8,,50.1,,0.08,1.5,0.8,0.9,1.2,0.3,,,,,
Lucas Mincarelli,Montpellier,Ligue 1,2024/25,FB,19,900,44.5,,,70.4,,,,,2.58,,2.3,1.66,44.6,1.93,1.29,4.42,,46.1,,0.07,1.38,0.74,0.83,1.1,0.28,,,,,
Enzo Tchato,Montpellier,Ligue 1,2025/26,FB,21,800,44.5,,,78.1,,,,,3.1,,2.8,2.1,52.1,2.2,1.5,5.1,,48.1,,0.1,1.8,0.9,1.0,1.5,0.4,,,,,
Enzo Tchato,Montpellier,Ligue 1,2024/25,FB,20,900,44.5,,,71.9,,,,,2.85,,2.58,1.93,47.9,2.02,1.38,4.69,,44.3,,0.09,1.66,0.83,0.92,1.38,0.37,,,,,
Dimitry Bertaud,Montpellier,Ligue 1,2025/26,GK,26,400,44.5,0.02,68.1,65.5,32.5,0.5,4.1,11.5,,,,,,,,,,,,,,,,,,,,,,
Dimitry Bertaud,Montpellier,Ligue 1,2024/25,GK,25,900,44.5,0.02,69.5,66.8,33.1,0.51,10.0,11.73,,,,,,,,,,,,,,,,,,,,,,
Djordje Petrovic,Strasbourg,Ligue 1,2025/26,GK,25,2700,49.0,-0.12,69.5,75.2,40.7,0.92,4.4,16.9,,,,,,,,,,,,,,,,,,,,,,
Djordje Petrovic,Strasbourg,Ligue 1,2024/25,GK,24,2700,49.0,0.0,70.9,76.7,41.5,0.94,10.0,17.24,,,,,,,,,,,,,,,,,,,,,,
Karl-Johan Johnsson,Strasbourg,Ligue 1,2025/26,GK,34,1000,49.0,0.12,72.3,71.3,49.7,1.03,5.0,12.1,,,,,,,,,,,,,,,,,,,,,,
Karl-Johan Johnsson,Strasbourg,Ligue 1,2024/25,GK,33,1000,49.0,0.13,75.9,74.9,52.2,1.08,10.0,12.71,,,,,,,,,,,,,,,,,,,,,,
Saidou Sow,Strasbourg,Ligue 1,2025/26,CB,22,2500,49.0,,,82.4,,,,,5.06,356.8,3.06,1.27,63.7,2.04,1.61,5.48,1.53,63.6,74.7,,,,,,,,,,,
Saidou Sow,Strasbourg,Ligue 1,2024/25,CB,21,2500,49.0,,,79.1,,,,,4.86,342.53,2.94,1.22,61.2,1.96,1.55,5.26,1.47,61.1,71.7,,,,,,,,,,,
Mamadou Sarr,Strasbourg,Ligue 1,2025/26,CB,19,2300,49.0,,,84.5,,,,,3.38,303.5,3.93,0.5,76.2,1.0,1.58,6.54,1.34,60.1,66.2,,,,,,,,,,,
Mamadou Sarr,Strasbourg,Ligue 1,2024/25,CB,18,1955,49.0,,,77.7,,,,,3.11,279.22,3.62,0.46,70.1,0.92,1.45,6.02,1.23,55.3,60.9,,,,,,,,,,,
Abakar Sylla,Strasbourg,Ligue 1,2025/26,CB,22,2100,49.0,,,84.0,,,,,2.41,269.5,3.18,1.75,66.5,1.75,1.14,4.77,1.41,67.7,58.9,,,,,,,,,,,
Abakar Sylla,Strasbourg,Ligue 1,2024/25,CB,21,2100,49.0,,,80.6,,,,,2.31,258.72,3.05,1.68,63.8,1.68,1.09,4.58,1.35,65.0,56.5,,,,,,,,,,,
Guela Doue,Strasbourg,Ligue 1,2025/26,FB,22,2600,49.0,,,78.8,,,,,5.88,,1.87,2.64,59.6,2.53,0.53,4.76,,51.2,,0.24,1.68,1.06,1.73,2.29,0.07,,,,,
Guela Doue,Strasbourg,Ligue 1,2024/25,FB,21,2600,49.0,,,75.6,,,,,5.64,,1.8,2.53,57.2,2.43,0.51,4.57,,49.2,,0.23,1.61,1.02,1.66,2.2,0.07,,,,,
Diego Moreira,Strasbourg,Ligue 1,2025/26,FB,20,2500,49.0,,,83.3,,,,,5.11,,4.18,3.01,68.0,2.12,1.57,4.88,,65.0,,0.14,2.11,1.16,1.02,1.23,0.38,,,,,
Diego Moreira,Strasbourg,Ligue 1,2024/25,FB,19,2125,49.0,,,76.6,,,,,4.7,,3.85,2.77,62.6,1.95,1.44,4.49,,59.8,,0.13,1.94,1.07,0.94,1.13,0.35,,,,,
Marvin Senaya,Strasbourg,Ligue 1,2025/26,FB,23,1900,49.0,,,81.8,,,,,4.94,,4.87,3.46,54.4,1.68,1.12,4.37,,56.6,,0.16,2.08,1.15,0.8,2.98,0.35,,,,,
Marvin Senaya,Strasbourg,Ligue 1,2024/25,FB,22,1900,49.0,,,78.5,,,,,4.74,,4.68,3.32,52.2,1.61,1.08,4.2,,54.3,,0.15,2.0,1.1,0.77,2.86,0.34,,,,,
Eduard Sobol,Strasbourg,Ligue 1,2025/26,FB,29,1300,49.0,,,76.3,,,,,2.83,,3.53,1.63,58.5,1.98,1.11,5.03,,56.5,,0.24,2.18,1.09,1.96,2.22,0.56,,,,,
Eduard Sobol,Strasbourg,Ligue 1,2024/25,FB,28,1300,49.0,,,77.8,,,,,2.89,,3.6,1.66,59.7,2.02,1.13,5.13,,57.6,,0.24,2.22,1.11,2.0,2.26,0.57,,,,,
Andrey Santos,Strasbourg,Ligue 1,2025/26,CM,20,2700,49.0,,,85.0,,,,,3.45,,3.88,3.4,60.4,1.02,1.03,6.73,0.9,44.1,,0.15,2.92,1.43,0.5,,,0.11,,,,
Andrey Santos,Strasbourg,Ligue 1,2024/25,CM,19,2295,49.0,,,78.2,,,,,3.17,,3.57,3.13,55.6,0.94,0.95,6.19,0.83,40.6,,0.14,2.69,1.32,0.46,,,0.1,,,,
Ismael Doukoure,Strasbourg,Ligue 1,2025/26,CM,21,2600,49.0,,,84.7,,,,,2.94,,5.46,0.5,55.9,2.38,1.23,7.13,0.46,45.2,,0.01,2.32,0.51,1.69,,,0.04,,,,
Ismael Doukoure,Strasbourg,Ligue 1,2024/25,CM,20,2600,49.0,,,77.9,,,,,2.7,,5.02,0.46,51.4,2.19,1.13,6.56,0.42,41.6,,0.01,2.13,0.47,1.55,,,0.04,,,,
Habib Diarra,Strasbourg,Ligue 1,2025/26,CM,20,2700,49.0,,,81.4,,,,,6.46,,3.7,2.13,53.7,1.7,1.01,5.3,0.98,45.7,,0.05,3.55,1.93,0.15,,,0.09,,,,
Habib Diarra,Strasbourg,Ligue 1,2024/25,CM,19,2295,49.0,,,74.9,,,,,5.94,,3.4,1.96,49.4,1.56,0.93,4.88,0.9,42.0,,0.05,3.27,1.78,0.14,,,0.08,,,,
Pape Diong,Strasbourg,Ligue 1,2025/26,CM,18,1700,49.0,,,87.6,,,,,6.46,,4.45,3.71,40.4,2.11,1.14,5.69,0.97,51.1,,0.13,3.19,1.08,0.84,,,0.06,,,,
Pape Diong,Strasbourg,Ligue 1,2024/25,CM,17,1445,49.0,,,80.6,,,,,5.94,,4.09,3.41,37.2,1.94,1.05,5.23,0.89,47.0,,0.12,2.93,0.99,0.77,,,0.06,,,,
Felix Lemarechal,Strasbourg,Ligue 1,2025/26,CM,21,1900,49.0,,,82.7,,,,,2.98,,3.65,3.35,44.5,1.9,0.65,7.49,0.74,56.3,,0.2,2.51,1.96,1.14,,,0.1,,,,
Felix Lemarechal,Strasbourg,Ligue 1,2024/25,CM,20,1900,49.0,,,76.1,,,,,2.74,,3.36,3.08,40.9,1.75,0.6,6.89,0.68,51.8,,0.18,2.31,1.8,1.05,,,0.09,,,,
Sebastian Nanasi,Strasbourg,Ligue 1,2025/26,W,22,2600,49.0,,,,,,,,4.2,,,7.5,59.1,1.43,0.39,3.39,,,,0.05,3.95,1.47,,6.1,0.61,0.34,2.79,4.44,2.52,
Sebastian Nanasi,Strasbourg,Ligue 1,2024/25,W,21,2600,49.0,,,,,,,,4.03,,,7.2,56.7,1.37,0.37,3.25,,,,0.05,3.79,1.41,,5.86,0.59,0.33,2.68,4.26,2.42,
Dilane Bakwa,Strasbourg,Ligue 1,2025/26,W,22,2700,49.0,,,,,,,,2.89,,,2.73,47.4,2.0,0.77,4.35,,,,0.16,3.18,0.48,,2.57,0.49,0.22,1.46,5.68,1.1,
Dilane Bakwa,Strasbourg,Ligue 1,2024/25,W,21,2700,49.0,,,,,,,,2.77,,,2.62,45.5,1.92,0.74,4.18,,,,0.15,3.05,0.46,,2.47,0.47,0.21,1.4,5.45,1.06,
Oscar Perea,Strasbourg,Ligue 1,2025/26,W,19,1400,49.0,,,,,,,,3.89,,,3.62,57.6,1.55,0.58,3.95,,,,0.14,2.1,1.6,,4.43,0.35,0.26,1.54,4.75,2.14,
Oscar Perea,Strasbourg,Ligue 1,2024/25,W,18,1190,49.0,,,,,,,,3.58,,,3.33,53.0,1.43,0.53,3.63,,,,0.13,1.93,1.47,,4.08,0.32,0.24,1.42,4.37,1.97,
Rayane Messi,Strasbourg,Ligue 1,2025/26,W,17,1000,49.0,,,,,,,,3.07,,,4.56,42.7,1.93,0.46,3.36,,,,0.25,3.75,2.37,,5.39,1.13,0.29,2.62,4.91,1.9,
Rayane Messi,Strasbourg,Ligue 1,2024/25,W,16,900,49.0,,,,,,,,2.82,,,4.2,39.3,1.78,0.42,3.09,,,,0.23,3.45,2.18,,4.96,1.04,0.27,2.41,4.52,1.75,
Emanuel Emegha,Strasbourg,Ligue 1,2025/26,ST,21,2600,49.0,,,74.2,,,,,,,,,,0.86,,2.54,,52.1,,0.12,2.15,0.5,,,0.16,0.4,1.43,4.5,1.22,41.0
Emanuel Emegha,Strasbourg,Ligue 1,2024/25,ST,20,2600,49.0,,,68.3,,,,,,,,,,0.79,,2.34,,47.9,,0.11,1.98,0.46,,,0.15,0.37,1.32,4.14,1.12,37.7
Sekou Mara,Strasbourg,Ligue 1,2025/26,ST,22,2200,49.0,,,75.2,,,,,,,,,,0.59,,2.54,,36.4,,0.1,1.87,0.56,,,0.46,0.22,2.44,3.0,0.64,44.8
Sekou Mara,Strasbourg,Ligue 1,2024/25,ST,21,2200,49.0,,,72.2,,,,,,,,,,0.57,,2.44,,34.9,,0.1,1.8,0.54,,,0.44,0.21,2.34,2.88,0.61,43.0
Milos Lukovic,Strasbourg,Ligue 1,2025/26,ST,19,1500,49.0,,,72.3,,,,,,,,,,0.92,,1.95,,43.6,,0.15,2.91,0.96,,,0.29,0.47,2.79,5.48,0.22,43.1
Milos Lukovic,Strasbourg,Ligue 1,2024/25,ST,18,1275,49.0,,,66.5,,,,,,,,,,0.85,,1.79,,40.1,,0.14,2.68,0.88,,,0.27,0.43,2.57,5.04,0.2,39.7
Alban Lafont,Nantes,Ligue 1,2025/26,GK,25,2700,43.5,-0.05,70.6,79.5,42.8,0.81,4.0,12.1,,,,,,,,,,,,,,,,,,,,,,
Alban Lafont,Nantes,Ligue 1,2024/25,GK,24,2700,43.5,0.0,72.0,81.1,43.7,0.83,10.0,12.34,,,,,,,,,,,,,,,,,,,,,,
Patrik Carlgren,Nantes,Ligue 1,2025/26,GK,32,1000,43.5,-0.04,67.9,80.5,39.4,1.09,5.2,14.7,,,,,,,,,,,,,,,,,,,,,,
Patrik Carlgren,Nantes,Ligue 1,2024/25,GK,31,1000,43.5,0.0,71.3,84.5,41.4,1.14,10.0,15.44,,,,,,,,,,,,,,,,,,,,,,
Jean-Charles Castelletto,Nantes,Ligue 1,2025/26,CB,29,2700,43.5,,,84.6,,,,,3.79,332.4,3.73,0.81,69.5,1.88,1.41,4.3,1.08,69.3,74.6,,,,,,,,,,,
Jean-Charles Castelletto,Nantes,Ligue 1,2024/25,CB,28,2700,43.5,,,86.3,,,,,3.87,339.05,3.8,0.83,70.9,1.92,1.44,4.39,1.1,70.7,76.1,,,,,,,,,,,
Nathan Zeze,Nantes,Ligue 1,2025/26,CB,19,2600,43.5,,,85.8,,,,,3.41,354.2,1.37,0.74,76.0,1.94,1.17,6.64,1.13,58.0,71.8,,,,,,,,,,,
Nathan Zeze,Nantes,Ligue 1,2024/25,CB,18,2210,43.5,,,78.9,,,,,3.14,325.86,1.26,0.68,69.9,1.78,1.08,6.11,1.04,53.4,66.1,,,,,,,,,,,
Nicolas Pallois,Nantes,Ligue 1,2025/26,CB,37,1800,43.5,,,88.5,,,,,2.38,392.3,3.27,0.52,58.8,2.16,1.46,7.09,1.24,68.5,76.5,,,,,,,,,,,
Nicolas Pallois,Nantes,Ligue 1,2024/25,CB,36,1800,43.5,,,92.9,,,,,2.5,411.92,3.43,0.55,61.7,2.27,1.53,7.44,1.3,71.9,80.3,,,,,,,,,,,
Kelvin Amian,Nantes,Ligue 1,2025/26,FB,26,2600,43.5,,,84.1,,,,,4.02,,2.93,2.17,58.8,2.58,1.37,4.78,,44.9,,0.19,2.05,0.69,1.73,1.69,0.51,,,,,
Kelvin Amian,Nantes,Ligue 1,2024/25,FB,25,2600,43.5,,,85.8,,,,,4.1,,2.99,2.21,60.0,2.63,1.4,4.88,,45.8,,0.19,2.09,0.7,1.76,1.72,0.52,,,,,
Nicolas Cozza,Nantes,Ligue 1,2025/26,FB,25,2400,43.5,,,85.0,,,,,3.53,,1.46,2.4,52.3,2.93,1.02,5.92,,50.2,,0.12,1.99,1.09,1.36,0.75,0.43,,,,,
Nicolas Cozza,Nantes,Ligue 1,2024/25,FB,24,2400,43.5,,,86.7,,,,,3.6,,1.49,2.45,53.3,2.99,1.04,6.04,,51.2,,0.12,2.03,1.11,1.39,0.77,0.44,,,,,
Marcus Coco,Nantes,Ligue 1,2025/26,FB,28,2100,43.5,,,78.3,,,,,5.1,,3.45,4.32,60.8,1.95,1.19,5.96,,50.7,,0.07,0.88,1.29,1.61,3.12,0.4,,,,,
Marcus Coco,Nantes,Ligue 1,2024/25,FB,27,2100,43.5,,,79.9,,,,,5.2,,3.52,4.41,62.0,1.99,1.21,6.08,,51.7,,0.07,0.9,1.32,1.64,3.18,0.41,,,,,
Fabien Centonze,Nantes,Ligue 1,2025/26,FB,28,1400,43.5,,,79.6,,,,,6.3,,1.77,3.74,50.8,2.19,0.81,5.73,,47.2,,0.09,2.37,0.86,1.47,2.41,0.11,,,,,
Fabien Centonze,Nantes,Ligue 1,2024/25,FB,27,1400,43.5,,,81.2,,,,,6.43,,1.81,3.81,51.8,2.23,0.83,5.84,,48.1,,0.09,2.42,0.88,1.5,2.46,0.11,,,,,
Pedro Chirivella,Nantes,Ligue 1,2025/26,CM,27,2700,43.5,,,79.7,,,,,3.63,,3.9,2.82,77.5,2.77,0.74,5.36,0.84,46.1,,0.21,2.29,1.68,1.69,,,0.17,,,,
Pedro Chirivella,Nantes,Ligue 1,2024/25,CM,26,2700,43.5,,,81.3,,,,,3.7,,3.98,2.88,79.0,2.83,0.75,5.47,0.86,47.0,,0.21,2.34,1.71,1.72,,,0.17,,,,
Douglas Augusto,Nantes,Ligue 1,2025/26,CM,27,2600,43.5,,,82.0,,,,,3.79,,1.2,2.69,59.3,2.19,1.32,6.24,0.62,32.7,,0.1,2.39,2.34,0.97,,,0.08,,,,
Douglas Augusto,Nantes,Ligue 1,2024/25,CM,26,2600,43.5,,,83.6,,,,,3.87,,1.22,2.74,60.5,2.23,1.35,6.36,0.63,33.4,,0.1,2.44,2.39,0.99,,,0.08,,,,
Johann Lepenant,Nantes,Ligue 1,2025/26,CM,22,2500,43.5,,,82.1,,,,,2.88,,3.45,2.06,42.9,1.78,1.53,5.68,0.87,47.5,,0.12,2.22,1.28,0.9,,,0.09,,,,
Johann Lepenant,Nantes,Ligue 1,2024/25,CM,21,2500,43.5,,,78.8,,,,,2.76,,3.31,1.98,41.2,1.71,1.47,5.45,0.84,45.6,,0.12,2.13,1.23,0.86,,,0.09,,,,
Sorba Thomas,Nantes,Ligue 1,2025/26,CM,25,2400,43.5,,,84.4,,,,,4.94,,4.27,1.5,60.9,2.17,1.12,6.16,0.69,50.7,,0.24,2.04,1.13,1.54,,,0.01,,,,
Sorba Thomas,Nantes,Ligue 1,2024/25,CM,24,2400,43.5,,,86.1,,,,,5.04,,4.36,1.53,62.1,2.21,1.14,6.28,0.7,51.7,,0.24,2.08,1.15,1.57,,,0.01,,,,
Florent Mollet,Nantes,Ligue 1,2025/26,CM,33,1700,43.5,,,82.1,,,,,6.37,,5.97,0.59,57.2,2.27,1.32,6.44,1.17,57.8,,0.04,2.4,1.41,0.75,,,0.13,,,,
Florent Mollet,Nantes,Ligue 1,2024/25,CM,32,1700,43.5,,,86.2,,,,,6.69,,6.27,0.62,60.1,2.38,1.39,6.76,1.23,60.7,,0.04,2.52,1.48,0.79,,,0.14,,,,
Moses Simon,Nantes,Ligue 1,2025/26,W,29,2700,43.5,,,,,,,,2.21,,,4.98,49.3,1.87,0.48,4.46,,,,0.02,4.85,2.2,,3.79,0.47,0.31,2.17,5.08,3.05,
Moses Simon,Nantes,Ligue 1,2024/25,W,28,2700,43.5,,,,,,,,2.25,,,5.08,50.3,1.91,0.49,4.55,,,,0.02,4.95,2.24,,3.87,0.48,0.32,2.21,5.18,3.11,
Matthis Abline,Nantes,Ligue 1,2025/26,W,21,2600,43.5,,,,,,,,3.65,,,2.07,57.6,1.3,0.59,3.69,,,,0.07,1.46,0.79,,5.55,0.1,0.27,2.46,3.21,1.18,
Matthis Abline,Nantes,Ligue 1,2024/25,W,20,2600,43.5,,,,,,,,3.36,,,1.9,53.0,1.2,0.54,3.39,,,,0.06,1.34,0.73,,5.11,0.09,0.25,2.26,2.95,1.09,
Tino Kadewere,Nantes,Ligue 1,2025/26,W,28,2000,43.5,,,,,,,,3.5,,,3.23,55.9,1.06,0.45,5.37,,,,0.02,4.12,1.13,,7.45,0.73,0.17,1.93,4.55,3.13,
Tino Kadewere,Nantes,Ligue 1,2024/25,W,27,2000,43.5,,,,,,,,3.57,,,3.29,57.0,1.08,0.46,5.48,,,,0.02,4.2,1.15,,7.6,0.74,0.17,1.97,4.64,3.19,
Ignatius Ganago,Nantes,Ligue 1,2025/26,W,25,1600,43.5,,,,,,,,5.02,,,2.42,58.6,1.51,0.37,5.24,,,,0.18,3.11,1.3,,5.34,0.65,0.26,2.25,4.42,1.2,
Ignatius Ganago,Nantes,Ligue 1,2024/25,W,24,1600,43.5,,,,,,,,5.12,,,2.47,59.8,1.54,0.38,5.34,,,,0.18,3.17,1.33,,5.45,0.66,0.27,2.29,4.51,1.22,
Mostafa Mohamed,Nantes,Ligue 1,2025/26,ST,27,2600,43.5,,,76.7,,,,,,,,,,0.39,,2.28,,50.8,,0.06,2.19,0.36,,,0.38,0.25,3.48,4.88,1.09,42.2
Mostafa Mohamed,Nantes,Ligue 1,2024/25,ST,26,2600,43.5,,,78.2,,,,,,,,,,0.4,,2.33,,51.8,,0.06,2.23,0.37,,,0.39,0.26,3.55,4.98,1.11,43.0
Herba Guirassy,Nantes,Ligue 1,2025/26,ST,18,1200,43.5,,,72.7,,,,,,,,,,0.67,,1.22,,55.5,,0.04,2.87,0.1,,,0.25,0.44,2.74,4.13,1.7,41.0
Herba Guirassy,Nantes,Ligue 1,2024/25,ST,17,1020,43.5,,,66.9,,,,,,,,,,0.62,,1.12,,51.1,,0.04,2.64,0.09,,,0.23,0.4,2.52,3.8,1.56,37.7
Bahereba Guirassy,Nantes,Ligue 1,2025/26,ST,18,1100,43.5,,,69.8,,,,,,,,,,0.51,,2.61,,44.3,,0.13,2.08,0.31,,,0.65,0.51,2.52,4.57,1.57,39.8
Bahereba Guirassy,Nantes,Ligue 1,2024/25,ST,17,935,43.5,,,64.2,,,,,,,,,,0.47,,2.4,,40.8,,0.12,1.91,0.29,,,0.6,0.47,2.32,4.2,1.44,36.6
Arthur Desmas,Le Havre,Ligue 1,2025/26,GK,30,2700,43.0,0.15,68.2,68.9,44.1,1.02,7.2,14.2,,,,,,,,,,,,,,,,,,,,,,
Arthur Desmas,Le Havre,Ligue 1,2024/25,GK,29,2700,43.0,0.15,69.6,70.3,45.0,1.04,10.0,14.48,,,,,,,,,,,,,,,,,,,,,,
Mathieu Gorgelin,Le Havre,Ligue 1,2025/26,GK,34,900,43.0,-0.05,66.2,74.8,34.7,1.17,4.2,12.0,,,,,,,,,,,,,,,,,,,,,,
Mathieu Gorgelin,Le Havre,Ligue 1,2024/25,GK,33,900,43.0,0.0,69.5,78.5,36.4,1.23,10.0,12.6,,,,,,,,,,,,,,,,,,,,,,
Gautier Lloris,Le Havre,Ligue 1,2025/26,CB,29,2700,43.0,,,84.1,,,,,3.4,244.9,3.62,0.92,76.4,1.43,1.62,5.9,1.11,65.4,64.4,,,,,,,,,,,
Gautier Lloris,Le Havre,Ligue 1,2024/25,CB,28,2700,43.0,,,85.8,,,,,3.47,249.8,3.69,0.94,77.9,1.46,1.65,6.02,1.13,66.7,65.7,,,,,,,,,,,
Yoann Salmier,Le Havre,Ligue 1,2025/26,CB,32,2400,43.0,,,83.9,,,,,2.01,353.7,3.08,0.72,66.8,1.45,1.34,6.26,1.16,66.5,74.0,,,,,,,,,,,
Yoann Salmier,Le Havre,Ligue 1,2024/25,CB,31,2400,43.0,,,88.1,,,,,2.11,371.38,3.23,0.76,70.1,1.52,1.41,6.57,1.22,69.8,77.7,,,,,,,,,,,
Arouna Sangante,Le Havre,Ligue 1,2025/26,CB,22,2600,43.0,,,84.4,,,,,4.26,337.0,3.15,0.61,79.1,1.73,1.32,5.07,1.37,56.8,71.3,,,,,,,,,,,
Arouna Sangante,Le Havre,Ligue 1,2024/25,CB,21,2600,43.0,,,81.0,,,,,4.09,323.52,3.02,0.59,75.9,1.66,1.27,4.87,1.32,54.5,68.4,,,,,,,,,,,
Etienne Youte Kinkoue,Le Havre,Ligue 1,2025/26,CB,22,2300,43.0,,,85.6,,,,,3.75,328.9,1.89,0.59,66.0,1.84,1.11,5.26,1.3,68.1,64.1,,,,,,,,,,,
Etienne Youte Kinkoue,Le Havre,Ligue 1,2024/25,CB,21,2300,43.0,,,82.2,,,,,3.6,315.74,1.81,0.57,63.4,1.77,1.07,5.05,1.25,65.4,61.5,,,,,,,,,,,
Loic Nego,Le Havre,Ligue 1,2025/26,FB,33,2600,43.0,,,81.6,,,,,5.98,,2.16,3.82,60.7,2.22,0.94,4.65,,41.3,,0.08,2.32,0.55,1.67,2.16,0.24,,,,,
Loic Nego,Le Havre,Ligue 1,2024/25,FB,32,2600,43.0,,,85.7,,,,,6.28,,2.27,4.01,63.7,2.33,0.99,4.88,,43.4,,0.08,2.44,0.58,1.75,2.27,0.25,,,,,
Christopher Operi,Le Havre,Ligue 1,2025/26,FB,27,2700,43.0,,,80.0,,,,,5.86,,2.83,2.43,48.0,2.97,0.95,4.34,,55.3,,0.01,2.22,1.29,1.1,2.95,0.52,,,,,
Christopher Operi,Le Havre,Ligue 1,2024/25,FB,26,2700,43.0,,,81.6,,,,,5.98,,2.89,2.48,49.0,3.03,0.97,4.43,,56.4,,0.01,2.26,1.32,1.12,3.01,0.53,,,,,
Timothee Pembele,Le Havre,Ligue 1,2025/26,FB,22,1800,43.0,,,76.4,,,,,5.35,,2.28,3.05,60.2,2.18,1.2,6.37,,51.4,,0.03,1.66,0.15,1.71,1.38,0.4,,,,,
Timothee Pembele,Le Havre,Ligue 1,2024/25,FB,21,1800,43.0,,,73.3,,,,,5.14,,2.19,2.93,57.8,2.09,1.15,6.12,,49.3,,0.03,1.59,0.14,1.64,1.32,0.38,,,,,
Yaniss Zouaoui,Le Havre,Ligue 1,2025/26,FB,26,1500,43.0,,,81.7,,,,,3.43,,2.0,2.03,54.6,2.7,1.35,6.0,,47.6,,0.09,1.92,0.83,1.06,1.35,0.15,,,,,
Yaniss Zouaoui,Le Havre,Ligue 1,2024/25,FB,25,1500,43.0,,,83.3,,,,,3.5,,2.04,2.07,55.7,2.75,1.38,6.12,,48.6,,0.09,1.96,0.85,1.08,1.38,0.15,,,,,
Abdoulaye Toure,Le Havre,Ligue 1,2025/26,CM,30,2700,43.0,,,81.2,,,,,6.84,,5.14,1.89,57.8,2.31,0.64,4.76,0.95,41.6,,0.15,2.46,0.7,0.45,,,0.07,,,,
Abdoulaye Toure,Le Havre,Ligue 1,2024/25,CM,29,2700,43.0,,,82.8,,,,,6.98,,5.24,1.93,59.0,2.36,0.65,4.86,0.97,42.4,,0.15,2.51,0.71,0.46,,,0.07,,,,
Oussama Targhalline,Le Havre,Ligue 1,2025/26,CM,22,2500,43.0,,,79.1,,,,,3.3,,3.35,3.81,60.0,2.05,0.93,7.42,0.98,58.5,,0.19,2.39,1.43,1.01,,,0.11,,,,
Oussama Targhalline,Le Havre,Ligue 1,2024/25,CM,21,2500,43.0,,,75.9,,,,,3.17,,3.22,3.66,57.6,1.97,0.89,7.12,0.94,56.2,,0.18,2.29,1.37,0.97,,,0.11,,,,
Yassine Kechta,Le Havre,Ligue 1,2025/26,CM,22,2600,43.0,,,89.9,,,,,3.69,,2.87,1.93,61.3,1.37,1.07,2.8,0.62,40.2,,0.03,3.74,1.55,0.89,,,0.09,,,,
Yassine Kechta,Le Havre,Ligue 1,2024/25,CM,21,2600,43.0,,,86.3,,,,,3.54,,2.76,1.85,58.8,1.32,1.03,2.69,0.6,38.6,,0.03,3.59,1.49,0.85,,,0.09,,,,
Daler Kuzyaev,Le Havre,Ligue 1,2025/26,CM,31,2300,43.0,,,87.4,,,,,5.35,,5.31,2.53,65.8,2.25,1.06,5.52,0.83,32.0,,0.2,2.38,0.46,1.82,,,0.04,,,,
Daler Kuzyaev,Le Havre,Ligue 1,2024/25,CM,30,2300,43.0,,,91.8,,,,,5.62,,5.58,2.66,69.1,2.36,1.11,5.8,0.87,33.6,,0.21,2.5,0.48,1.91,,,0.04,,,,
Rassoul Ndiaye,Le Havre,Ligue 1,2025/26,CM,23,2000,43.0,,,88.2,,,,,5.08,,5.53,1.43,52.8,1.98,1.02,5.47,0.75,37.0,,0.19,2.54,0.54,0.52,,,0.07,,,,
Rassoul Ndiaye,Le Havre,Ligue 1,2024/25,CM,22,2000,43.0,,,84.7,,,,,4.88,,5.31,1.37,50.7,1.9,0.98,5.25,0.72,35.5,,0.18,2.44,0.52,0.5,,,0.07,,,,
Alois Confais,Le Havre,Ligue 1,2025/26,CM,28,1400,43.0,,,91.0,,,,,3.79,,3.89,3.08,53.6,2.35,0.61,5.96,0.83,62.8,,0.24,3.91,0.91,0.5,,,0.14,,,,
Alois Confais,Le Havre,Ligue 1,2024/25,CM,27,1400,43.0,,,92.8,,,,,3.87,,3.97,3.14,54.7,2.4,0.62,6.08,0.85,64.1,,0.24,3.99,0.93,0.51,,,0.14,,,,
Josue Casimir,Le Havre,Ligue 1,2025/26,W,23,2400,43.0,,,,,,,,3.52,,,4.23,47.9,0.96,0.71,2.74,,,,0.19,2.96,1.54,,5.58,0.31,0.17,2.42,5.21,1.04,
Josue Casimir,Le Havre,Ligue 1,2024/25,W,22,2400,43.0,,,,,,,,3.38,,,4.06,46.0,0.92,0.68,2.63,,,,0.18,2.84,1.48,,5.36,0.3,0.16,2.32,5.0,1.0,
Antoine Joujou,Le Havre,Ligue 1,2025/26,W,21,2000,43.0,,,,,,,,3.44,,,4.73,57.2,1.64,0.68,3.37,,,,0.2,2.59,1.89,,2.98,0.53,0.35,2.91,3.6,2.37,
Antoine Joujou,Le Havre,Ligue 1,2024/25,W,20,2000,43.0,,,,,,,,3.16,,,4.35,52.6,1.51,0.63,3.1,,,,0.18,2.38,1.74,,2.74,0.49,0.32,2.68,3.31,2.18,
Issa Soumare,Le Havre,Ligue 1,2025/26,W,24,1800,43.0,,,,,,,,3.12,,,3.65,47.2,1.3,0.29,5.04,,,,0.3,2.04,0.94,,5.7,0.46,0.19,0.7,5.13,1.91,
Issa Soumare,Le Havre,Ligue 1,2024/25,W,23,1800,43.0,,,,,,,,3.0,,,3.5,45.3,1.25,0.28,4.84,,,,0.29,1.96,0.9,,5.47,0.44,0.18,0.67,4.92,1.83,
Emmanuel Sabbi,Le Havre,Ligue 1,2025/26,ST,27,2500,43.0,,,64.9,,,,,,,,,,0.86,,2.69,,34.2,,0.22,1.39,1.09,,,0.3,0.44,2.63,3.7,0.88,36.5
Emmanuel Sabbi,Le Havre,Ligue 1,2024/25,ST,26,2500,43.0,,,66.2,,,,,,,,,,0.88,,2.74,,34.9,,0.22,1.42,1.11,,,0.31,0.45,2.68,3.77,0.9,37.2
Ilyes Housni,Le Havre,Ligue 1,2025/26,ST,19,1700,43.0,,,67.8,,,,,,,,,,0.55,,2.44,,49.6,,0.1,2.67,0.77,,,0.58,0.41,1.64,4.93,0.6,45.2
Ilyes Housni,Le Havre,Ligue 1,2024/25,ST,18,1445,43.0,,,62.4,,,,,,,,,,0.51,,2.24,,45.6,,0.09,2.46,0.71,,,0.53,0.38,1.51,4.54,0.55,41.6
Steve Ngoura,Le Havre,Ligue 1,2025/26,ST,19,1400,43.0,,,71.6,,,,,,,,,,0.7,,2.46,,54.0,,0.08,1.85,1.36,,,0.34,0.5,1.08,4.67,0.47,50.2
Steve Ngoura,Le Havre,Ligue 1,2024/25,ST,18,1190,43.0,,,65.9,,,,,,,,,,0.64,,2.26,,49.7,,0.07,1.7,1.25,,,0.31,0.46,0.99,4.3,0.43,46.2
Donovan Leon,Auxerre,Ligue 1,2025/26,GK,32,2700,46.0,0.12,69.3,67.3,38.9,0.82,4.7,13.8,,,,,,,,,,,,,,,,,,,,,,
Donovan Leon,Auxerre,Ligue 1,2024/25,GK,31,2700,46.0,0.13,72.8,70.7,40.8,0.86,10.0,14.49,,,,,,,,,,,,,,,,,,,,,,
Theo De Percin,Auxerre,Ligue 1,2025/26,GK,23,900,46.0,-0.09,72.9,64.5,39.0,0.35,10.5,12.5,,,,,,,,,,,,,,,,,,,,,,
Theo De Percin,Auxerre,Ligue 1,2024/25,GK,22,900,46.0,0.0,70.0,61.9,37.4,0.34,10.1,12.0,,,,,,,,,,,,,,,,,,,,,,
Jubal,Auxerre,Ligue 1,2025/26,CB,31,2800,46.0,,,91.1,,,,,3.88,275.0,3.12,0.63,71.1,1.79,2.31,5.91,1.03,48.0,66.2,,,,,,,,,,,
Jubal,Auxerre,Ligue 1,2024/25,CB,30,2800,46.0,,,95.7,,,,,4.07,288.75,3.28,0.66,74.7,1.88,2.43,6.21,1.08,50.4,69.5,,,,,,,,,,,
Gabriel Osho,Auxerre,Ligue 1,2025/26,CB,26,2500,46.0,,,81.9,,,,,2.94,329.0,1.24,0.25,70.3,2.25,1.67,4.18,1.65,63.3,69.6,,,,,,,,,,,
Gabriel Osho,Auxerre,Ligue 1,2024/25,CB,25,2500,46.0,,,83.5,,,,,3.0,335.58,1.26,0.26,71.7,2.29,1.7,4.26,1.68,64.6,71.0,,,,,,,,,,,
Sinaly Diomande,Auxerre,Ligue 1,2025/26,CB,23,2400,46.0,,,84.6,,,,,3.59,321.9,2.11,0.68,71.4,0.99,1.59,4.75,1.23,57.6,65.8,,,,,,,,,,,
Sinaly Diomande,Auxerre,Ligue 1,2024/25,CB,22,2400,46.0,,,81.2,,,,,3.45,309.02,2.03,0.65,68.5,0.95,1.53,4.56,1.18,55.3,63.2,,,,,,,,,,,
Theo Pellenard,Auxerre,Ligue 1,2025/26,CB,30,1600,46.0,,,81.6,,,,,2.9,293.8,4.46,1.14,40.3,1.67,1.67,5.63,1.59,70.2,64.8,,,,,,,,,,,
Theo Pellenard,Auxerre,Ligue 1,2024/25,CB,29,1600,46.0,,,83.2,,,,,2.96,299.68,4.55,1.16,41.1,1.7,1.7,5.74,1.62,71.6,66.1,,,,,,,,,,,
Paul Joly,Auxerre,Ligue 1,2025/26,FB,24,2600,46.0,,,75.1,,,,,3.26,,4.76,2.45,56.6,1.52,1.48,5.92,,54.0,,0.03,2.05,0.27,1.7,2.09,0.48,,,,,
Paul Joly,Auxerre,Ligue 1,2024/25,FB,23,2600,46.0,,,72.1,,,,,3.13,,4.57,2.35,54.3,1.46,1.42,5.68,,51.8,,0.03,1.97,0.26,1.63,2.01,0.46,,,,,
Ki-Jana Hoever,Auxerre,Ligue 1,2025/26,FB,22,2300,46.0,,,80.1,,,,,3.98,,3.3,1.8,45.9,2.52,0.59,4.13,,41.3,,0.08,2.11,0.82,0.46,2.67,0.39,,,,,
Ki-Jana Hoever,Auxerre,Ligue 1,2024/25,FB,21,2300,46.0,,,76.9,,,,,3.82,,3.17,1.73,44.1,2.42,0.57,3.96,,39.6,,0.08,2.03,0.79,0.44,2.56,0.37,,,,,
Gideon Mensah,Auxerre,Ligue 1,2025/26,FB,26,2500,46.0,,,79.4,,,,,2.65,,2.63,3.53,58.2,2.06,1.38,4.38,,57.9,,0.12,1.14,0.99,1.07,1.85,0.03,,,,,
Gideon Mensah,Auxerre,Ligue 1,2024/25,FB,25,2500,46.0,,,81.0,,,,,2.7,,2.68,3.6,59.4,2.1,1.41,4.47,,59.1,,0.12,1.16,1.01,1.09,1.89,0.03,,,,,
Clement Akpa,Auxerre,Ligue 1,2025/26,FB,22,2000,46.0,,,78.8,,,,,6.26,,3.22,2.92,59.6,2.34,1.3,4.16,,53.0,,0.01,1.36,1.62,1.34,2.52,0.32,,,,,
Clement Akpa,Auxerre,Ligue 1,2024/25,FB,21,2000,46.0,,,75.6,,,,,6.01,,3.09,2.8,57.2,2.25,1.25,3.99,,50.9,,0.01,1.31,1.56,1.29,2.42,0.31,,,,,
Elisha Owusu,Auxerre,Ligue 1,2025/26,CM,27,2700,46.0,,,82.2,,,,,4.67,,2.63,2.25,53.0,2.02,0.93,6.43,1.8,32.3,,0.08,2.72,0.54,1.2,,,0.08,,,,
Elisha Owusu,Auxerre,Ligue 1,2024/25,CM,26,2700,46.0,,,83.8,,,,,4.76,,2.68,2.29,54.1,2.06,0.95,6.56,1.84,32.9,,0.08,2.77,0.55,1.22,,,0.08,,,,
Rayan Raveloson,Auxerre,Ligue 1,2025/26,CM,27,2600,46.0,,,82.6,,,,,4.85,,2.55,3.84,59.6,2.61,1.14,4.93,1.13,56.8,,0.24,3.48,0.75,1.03,,,0.17,,,,
Rayan Raveloson,Auxerre,Ligue 1,2024/25,CM,26,2600,46.0,,,84.3,,,,,4.95,,2.6,3.92,60.8,2.66,1.16,5.03,1.15,57.9,,0.24,3.55,0.77,1.05,,,0.17,,,,
Kevin Danois,Auxerre,Ligue 1,2025/26,CM,20,2200,46.0,,,84.1,,,,,7.42,,4.56,2.33,67.0,2.36,1.42,5.43,0.92,46.4,,0.12,1.74,1.42,1.15,,,0.07,,,,
Kevin Danois,Auxerre,Ligue 1,2024/25,CM,19,1870,46.0,,,77.4,,,,,6.83,,4.2,2.14,61.6,2.17,1.31,5.0,0.85,42.7,,0.11,1.6,1.31,1.06,,,0.06,,,,
Assane Diousse,Auxerre,Ligue 1,2025/26,CM,27,1800,46.0,,,84.0,,,,,5.5,,4.43,2.9,56.9,2.18,1.05,5.21,1.41,45.1,,0.08,1.89,0.77,1.29,,,0.07,,,,
Assane Diousse,Auxerre,Ligue 1,2024/25,CM,26,1800,46.0,,,85.7,,,,,5.61,,4.52,2.96,58.0,2.22,1.07,5.31,1.44,46.0,,0.08,1.93,0.79,1.32,,,0.07,,,,
Hamza Sakhi,Auxerre,Ligue 1,2025/26,CM,28,1500,46.0,,,83.0,,,,,4.25,,5.01,2.02,62.1,2.65,1.04,8.28,0.67,42.2,,0.08,1.76,0.78,0.55,,,0.09,,,,
Hamza Sakhi,Auxerre,Ligue 1,2024/25,CM,27,1500,46.0,,,84.7,,,,,4.33,,5.11,2.06,63.3,2.7,1.06,8.45,0.68,43.0,,0.08,1.8,0.8,0.56,,,0.09,,,,
Gaetan Perrin,Auxerre,Ligue 1,2025/26,W,28,2700,46.0,,,,,,,,2.6,,,1.83,57.5,1.33,0.2,4.34,,,,0.2,4.21,1.61,,2.69,0.63,0.19,2.23,5.13,1.55,
Gaetan Perrin,Auxerre,Ligue 1,2024/25,W,27,2700,46.0,,,,,,,,2.65,,,1.87,58.6,1.36,0.2,4.43,,,,0.2,4.29,1.64,,2.74,0.64,0.19,2.27,5.23,1.58,
Lassine Sinayoko,Auxerre,Ligue 1,2025/26,W,25,2600,46.0,,,,,,,,2.21,,,5.9,54.7,1.12,0.65,6.03,,,,0.05,3.5,1.53,,5.4,0.2,0.16,1.58,1.87,3.07,
Lassine Sinayoko,Auxerre,Ligue 1,2024/25,W,24,2600,46.0,,,,,,,,2.25,,,6.02,55.8,1.14,0.66,6.15,,,,0.05,3.57,1.56,,5.51,0.2,0.16,1.61,1.91,3.13,
Ado Onaiwu,Auxerre,Ligue 1,2025/26,W,29,2200,46.0,,,,,,,,2.13,,,3.9,35.0,1.42,0.49,4.33,,,,0.18,3.63,2.36,,2.95,0.41,0.18,1.49,5.91,1.42,
Ado Onaiwu,Auxerre,Ligue 1,2024/25,W,28,2200,46.0,,,,,,,,2.17,,,3.98,35.7,1.45,0.5,4.42,,,,0.18,3.7,2.41,,3.01,0.42,0.18,1.52,6.03,1.45,
Florian Aye,Auxerre,Ligue 1,2025/26,ST,27,2400,46.0,,,73.6,,,,,,,,,,0.48,,2.1,,42.4,,0.19,1.9,0.79,,,0.6,0.32,2.2,5.35,0.89,37.2
Florian Aye,Auxerre,Ligue 1,2024/25,ST,26,2400,46.0,,,75.1,,,,,,,,,,0.49,,2.14,,43.2,,0.19,1.94,0.81,,,0.61,0.33,2.24,5.46,0.91,37.9
Thelonius Bair,Auxerre,Ligue 1,2025/26,ST,25,2200,46.0,,,80.0,,,,,,,,,,0.8,,2.39,,45.1,,0.14,3.29,0.71,,,0.34,0.42,2.34,6.05,0.79,45.3
Thelonius Bair,Auxerre,Ligue 1,2024/25,ST,24,2200,46.0,,,81.6,,,,,,,,,,0.82,,2.44,,46.0,,0.14,3.36,0.72,,,0.35,0.43,2.39,6.17,0.81,46.2
Aristide Zossou,Auxerre,Ligue 1,2025/26,ST,19,1100,46.0,,,80.0,,,,,,,,,,0.88,,2.69,,36.3,,0.18,2.06,1.2,,,0.42,0.1,2.51,2.62,0.72,35.0
Aristide Zossou,Auxerre,Ligue 1,2024/25,ST,18,935,46.0,,,73.6,,,,,,,,,,0.81,,2.47,,33.4,,0.17,1.9,1.1,,,0.39,0.09,2.31,2.41,0.66,32.2
Yahia Fofana,Angers,Ligue 1,2025/26,GK,24,2800,44.0,-0.08,68.6,79.0,41.0,0.81,4.6,11.9,,,,,,,,,,,,,,,,,,,,,,
Yahia Fofana,Angers,Ligue 1,2024/25,GK,23,2800,44.0,0.0,65.9,75.8,39.4,0.78,10.0,11.42,,,,,,,,,,,,,,,,,,,,,,
Melvin Zinga,Angers,Ligue 1,2025/26,GK,22,900,44.0,-0.03,70.1,73.0,28.0,1.33,5.1,16.6,,,,,,,,,,,,,,,,,,,,,,
Melvin Zinga,Angers,Ligue 1,2024/25,GK,21,900,44.0,0.0,67.3,70.1,26.9,1.28,10.0,15.94,,,,,,,,,,,,,,,,,,,,,,
Cedric Hountondji,Angers,Ligue 1,2025/26,CB,30,2600,44.0,,,84.4,,,,,4.57,300.4,1.88,0.8,58.0,1.33,1.7,5.12,0.93,58.8,67.8,,,,,,,,,,,
Cedric Hountondji,Angers,Ligue 1,2024/25,CB,29,2600,44.0,,,86.1,,,,,4.66,306.41,1.92,0.82,59.2,1.36,1.73,5.22,0.95,60.0,69.2,,,,,,,,,,,
Jordan Lefort,Angers,Ligue 1,2025/26,CB,31,2700,44.0,,,87.1,,,,,2.45,282.7,4.01,0.94,86.1,1.66,1.07,6.46,1.24,50.6,80.2,,,,,,,,,,,
Jordan Lefort,Angers,Ligue 1,2024/25,CB,30,2700,44.0,,,91.5,,,,,2.57,296.83,4.21,0.99,90.4,1.74,1.12,6.78,1.3,53.1,84.2,,,,,,,,,,,
Abdoulaye Bamba,Angers,Ligue 1,2025/26,CB,34,1800,44.0,,,79.0,,,,,5.03,356.6,2.19,0.62,73.6,2.1,1.27,5.86,1.06,44.7,73.2,,,,,,,,,,,
Abdoulaye Bamba,Angers,Ligue 1,2024/25,CB,33,1800,44.0,,,83.0,,,,,5.28,374.43,2.3,0.65,77.3,2.21,1.33,6.15,1.11,46.9,76.9,,,,,,,,,,,
Emmanuel Biumla,Angers,Ligue 1,2025/26,CB,19,1900,44.0,,,81.8,,,,,4.41,280.3,2.84,1.54,59.9,1.39,1.88,6.05,1.41,57.1,70.6,,,,,,,,,,,
Emmanuel Biumla,Angers,Ligue 1,2024/25,CB,18,1615,44.0,,,75.3,,,,,4.06,257.88,2.61,1.42,55.1,1.28,1.73,5.57,1.3,52.5,65.0,,,,,,,,,,,
Carlens Arcus,Angers,Ligue 1,2025/26,FB,28,2600,44.0,,,78.8,,,,,2.18,,2.7,3.12,53.3,1.75,0.79,5.53,,50.0,,0.1,2.21,1.39,0.94,1.98,0.1,,,,,
Carlens Arcus,Angers,Ligue 1,2024/25,FB,27,2600,44.0,,,80.4,,,,,2.22,,2.75,3.18,54.4,1.79,0.81,5.64,,51.0,,0.1,2.25,1.42,0.96,2.02,0.1,,,,,
Florent Hanin,Angers,Ligue 1,2025/26,FB,34,2400,44.0,,,75.0,,,,,2.49,,4.72,2.84,46.5,2.36,1.43,5.63,,48.1,,0.11,2.18,0.15,1.21,2.27,0.21,,,,,
Florent Hanin,Angers,Ligue 1,2024/25,FB,33,2400,44.0,,,78.8,,,,,2.61,,4.96,2.98,48.8,2.48,1.5,5.91,,50.5,,0.12,2.29,0.16,1.27,2.38,0.22,,,,,
Lilian Rao-Lisoa,Angers,Ligue 1,2025/26,FB,24,2200,44.0,,,82.4,,,,,5.31,,3.42,2.32,53.1,2.47,1.66,7.43,,36.8,,0.22,1.97,0.78,1.21,1.07,0.22,,,,,
Lilian Rao-Lisoa,Angers,Ligue 1,2024/25,FB,23,2200,44.0,,,79.1,,,,,5.1,,3.28,2.23,51.0,2.37,1.59,7.13,,35.3,,0.21,1.89,0.75,1.16,1.03,0.21,,,,,
Jacques Ekomie,Angers,Ligue 1,2025/26,FB,21,1600,44.0,,,78.6,,,,,5.48,,2.27,3.55,59.1,2.46,1.26,4.78,,28.1,,0.14,1.65,0.57,1.36,0.43,0.53,,,,,
Jacques Ekomie,Angers,Ligue 1,2024/25,FB,20,1600,44.0,,,72.3,,,,,5.04,,2.09,3.27,54.4,2.26,1.16,4.4,,25.9,,0.13,1.52,0.52,1.25,0.4,0.49,,,,,
Pierrick Capelle,Angers,Ligue 1,2025/26,CM,37,1900,44.0,,,80.4,,,,,3.99,,3.79,4.12,66.4,2.32,1.34,5.42,1.23,46.8,,0.12,2.51,1.54,1.09,,,0.14,,,,
Pierrick Capelle,Angers,Ligue 1,2024/25,CM,36,1900,44.0,,,84.4,,,,,4.19,,3.98,4.33,69.7,2.44,1.41,5.69,1.29,49.1,,0.13,2.64,1.62,1.14,,,0.15,,,,
Haris Belkebla,Angers,Ligue 1,2025/26,CM,30,2600,44.0,,,85.7,,,,,7.38,,5.13,2.48,48.4,2.08,1.45,4.18,1.16,41.8,,0.17,3.14,1.74,0.57,,,0.01,,,,
Haris Belkebla,Angers,Ligue 1,2024/25,CM,29,2600,44.0,,,87.4,,,,,7.53,,5.23,2.53,49.4,2.12,1.48,4.26,1.18,42.6,,0.17,3.2,1.77,0.58,,,0.01,,,,
Jean-Eudes Aholou,Angers,Ligue 1,2025/26,CM,30,2500,44.0,,,86.1,,,,,5.79,,5.42,3.06,57.8,2.06,0.51,3.18,1.13,49.1,,0.16,3.74,0.94,0.74,,,0.08,,,,
Jean-Eudes Aholou,Angers,Ligue 1,2024/25,CM,29,2500,44.0,,,87.8,,,,,5.91,,5.53,3.12,59.0,2.1,0.52,3.24,1.15,50.1,,0.16,3.81,0.96,0.75,,,0.08,,,,
Himad Abdelli,Angers,Ligue 1,2025/26,CM,25,2800,44.0,,,80.0,,,,,4.35,,4.01,0.73,74.6,2.51,0.83,4.71,0.71,46.0,,0.16,2.17,1.74,1.63,,,0.11,,,,
Himad Abdelli,Angers,Ligue 1,2024/25,CM,24,2800,44.0,,,81.6,,,,,4.44,,4.09,0.74,76.1,2.56,0.85,4.8,0.72,46.9,,0.16,2.21,1.77,1.66,,,0.11,,,,
Yassin Belkhdim,Angers,Ligue 1,2025/26,CM,22,2100,44.0,,,84.1,,,,,6.84,,3.97,2.23,65.6,2.54,1.25,6.27,1.05,37.9,,0.03,2.33,1.1,1.54,,,0.05,,,,
Yassin Belkhdim,Angers,Ligue 1,2024/25,CM,21,2100,44.0,,,80.7,,,,,6.57,,3.81,2.14,63.0,2.44,1.2,6.02,1.01,36.4,,0.03,2.24,1.06,1.48,,,0.05,,,,
Zinedine Ferhat,Angers,Ligue 1,2025/26,W,31,2300,44.0,,,,,,,,3.47,,,3.17,52.7,0.92,0.35,3.69,,,,0.23,3.41,0.9,,3.56,0.53,0.15,1.7,4.17,2.23,
Zinedine Ferhat,Angers,Ligue 1,2024/25,W,30,2300,44.0,,,,,,,,3.64,,,3.33,55.3,0.97,0.37,3.87,,,,0.24,3.58,0.95,,3.74,0.56,0.16,1.78,4.38,2.34,
Farid El Melali,Angers,Ligue 1,2025/26,W,27,2600,44.0,,,,,,,,2.9,,,4.61,60.0,0.67,0.46,2.18,,,,0.17,3.05,0.9,,2.19,0.72,0.32,1.91,1.9,1.67,
Farid El Melali,Angers,Ligue 1,2024/25,W,26,2600,44.0,,,,,,,,2.96,,,4.7,61.2,0.68,0.47,2.22,,,,0.17,3.11,0.92,,2.23,0.73,0.33,1.95,1.94,1.7,
Jim Allevinah,Angers,Ligue 1,2025/26,W,29,2400,44.0,,,,,,,,2.63,,,5.46,54.4,1.43,0.66,2.87,,,,0.22,3.68,1.36,,2.18,0.97,0.29,1.5,4.61,3.33,
Jim Allevinah,Angers,Ligue 1,2024/25,W,28,2400,44.0,,,,,,,,2.68,,,5.57,55.5,1.46,0.67,2.93,,,,0.22,3.75,1.39,,2.22,0.99,0.3,1.53,4.7,3.4,
Zinedine Ould Khaled,Angers,Ligue 1,2025/26,W,24,1600,44.0,,,,,,,,3.95,,,3.38,50.1,1.47,0.9,3.09,,,,0.13,2.58,0.93,,5.28,0.08,0.2,2.44,2.96,1.69,
Zinedine Ould Khaled,Angers,Ligue 1,2024/25,W,23,1600,44.0,,,,,,,,3.79,,,3.24,48.1,1.41,0.86,2.97,,,,0.12,2.48,0.89,,5.07,0.08,0.19,2.34,2.84,1.62,
Esteban Lepaul,Angers,Ligue 1,2025/26,ST,24,2500,44.0,,,74.1,,,,,,,,,,0.53,,3.0,,42.7,,0.13,2.56,1.08,,,0.04,0.41,2.1,2.69,1.61,45.9
Esteban Lepaul,Angers,Ligue 1,2024/25,ST,23,2500,44.0,,,71.1,,,,,,,,,,0.51,,2.88,,41.0,,0.12,2.46,1.04,,,0.04,0.39,2.02,2.58,1.55,44.1
Ibrahima Niane,Angers,Ligue 1,2025/26,ST,25,2200,44.0,,,70.3,,,,,,,,,,0.64,,1.81,,33.9,,0.04,2.85,1.0,,,0.42,0.4,1.5,8.0,0.97,41.0
Ibrahima Niane,Angers,Ligue 1,2024/25,ST,24,2200,44.0,,,71.7,,,,,,,,,,0.65,,1.85,,34.6,,0.04,2.91,1.02,,,0.43,0.41,1.53,8.16,0.99,41.8
Bamba Dieng,Angers,Ligue 1,2025/26,ST,24,2300,44.0,,,65.3,,,,,,,,,,0.49,,2.29,,42.8,,0.14,3.21,0.86,,,0.35,0.33,1.67,5.55,1.04,41.5
Bamba Dieng,Angers,Ligue 1,2024/25,ST,23,2300,44.0,,,62.7,,,,,,,,,,0.47,,2.2,,41.1,,0.13,3.08,0.83,,,0.34,0.32,1.6,5.33,1.0,39.8
Sidiki Cherif,Angers,Ligue 1,2025/26,ST,18,1200,44.0,,,60.9,,,,,,,,,,0.71,,1.52,,46.8,,0.09,2.17,0.3,,,0.55,0.29,2.3,5.21,1.24,47.0
Sidiki Cherif,Angers,Ligue 1,2024/25,ST,17,1020,44.0,,,56.0,,,,,,,,,,0.65,,1.4,,43.1,,0.08,2.0,0.28,,,0.51,0.27,2.12,4.79,1.14,43.2
Gautier Larsonneur,Saint-Etienne,Ligue 1,2025/26,GK,27,2800,45.0,-0.01,72.1,79.0,42.1,1.15,5.1,13.7,,,,,,,,,,,,,,,,,,,,,,
Gautier Larsonneur,Saint-Etienne,Ligue 1,2024/25,GK,26,2800,45.0,0.0,73.5,80.6,42.9,1.17,10.0,13.97,,,,,,,,,,,,,,,,,,,,,,
Brice Maubleu,Saint-Etienne,Ligue 1,2025/26,GK,35,900,45.0,0.27,74.5,74.3,39.1,1.09,5.6,13.3,,,,,,,,,,,,,,,,,,,,,,
Brice Maubleu,Saint-Etienne,Ligue 1,2024/25,GK,34,900,45.0,0.28,78.2,78.0,41.1,1.14,10.0,13.97,,,,,,,,,,,,,,,,,,,,,,
Yunis Abdelhamid,Saint-Etienne,Ligue 1,2025/26,CB,37,2400,45.0,,,88.7,,,,,3.4,348.1,3.97,1.85,71.2,1.51,1.22,6.13,1.29,53.2,73.2,,,,,,,,,,,
Yunis Abdelhamid,Saint-Etienne,Ligue 1,2024/25,CB,36,2400,45.0,,,93.1,,,,,3.57,365.51,4.17,1.94,74.8,1.59,1.28,6.44,1.35,55.9,76.9,,,,,,,,,,,
Mickael Nade,Saint-Etienne,Ligue 1,2025/26,CB,25,2500,45.0,,,87.4,,,,,3.33,357.8,2.04,0.99,75.7,2.43,1.49,6.03,1.7,61.8,63.5,,,,,,,,,,,
Mickael Nade,Saint-Etienne,Ligue 1,2024/25,CB,24,2500,45.0,,,89.1,,,,,3.4,364.96,2.08,1.01,77.2,2.48,1.52,6.15,1.73,63.0,64.8,,,,,,,,,,,
Dylan Batubinsika,Saint-Etienne,Ligue 1,2025/26,CB,28,2400,45.0,,,90.9,,,,,2.49,351.9,4.28,1.37,67.0,1.25,0.69,5.78,1.07,64.8,60.7,,,,,,,,,,,
Dylan Batubinsika,Saint-Etienne,Ligue 1,2024/25,CB,27,2400,45.0,,,92.7,,,,,2.54,358.94,4.37,1.4,68.3,1.27,0.7,5.9,1.09,66.1,61.9,,,,,,,,,,,
Leo Petrot,Saint-Etienne,Ligue 1,2025/26,CB,27,2200,45.0,,,88.3,,,,,3.45,457.7,2.14,0.32,80.9,1.26,1.77,4.75,1.1,68.6,62.0,,,,,,,,,,,
Leo Petrot,Saint-Etienne,Ligue 1,2024/25,CB,26,2200,45.0,,,90.1,,,,,3.52,466.85,2.18,0.33,82.5,1.29,1.81,4.84,1.12,70.0,63.2,,,,,,,,,,,
Dennis Appiah,Saint-Etienne,Ligue 1,2025/26,FB,32,2600,45.0,,,80.9,,,,,3.34,,1.18,3.54,53.7,2.29,0.6,5.87,,38.3,,0.11,1.98,1.36,0.67,1.81,0.47,,,,,
Dennis Appiah,Saint-Etienne,Ligue 1,2024/25,FB,31,2600,45.0,,,84.9,,,,,3.51,,1.24,3.72,56.4,2.4,0.63,6.16,,40.2,,0.12,2.08,1.43,0.7,1.9,0.49,,,,,
Pierre Cornud,Saint-Etienne,Ligue 1,2025/26,FB,28,2300,45.0,,,84.3,,,,,4.1,,0.8,3.55,54.4,2.78,1.2,5.05,,45.9,,0.03,2.5,0.36,1.22,0.57,0.03,,,,,
Pierre Cornud,Saint-Etienne,Ligue 1,2024/25,FB,27,2300,45.0,,,86.0,,,,,4.18,,0.82,3.62,55.5,2.84,1.22,5.15,,46.8,,0.03,2.55,0.37,1.24,0.58,0.03,,,,,
Yvann Macon,Saint-Etienne,Ligue 1,2025/26,FB,26,2100,45.0,,,83.3,,,,,3.91,,2.44,3.64,65.1,3.21,0.88,5.91,,49.2,,0.11,0.92,0.64,1.22,2.23,0.18,,,,,
Yvann Macon,Saint-Etienne,Ligue 1,2024/25,FB,25,2100,45.0,,,85.0,,,,,3.99,,2.49,3.71,66.4,3.27,0.9,6.03,,50.2,,0.11,0.94,0.65,1.24,2.27,0.18,,,,,
Florian Tardieu,Saint-Etienne,Ligue 1,2025/26,CM,32,2200,45.0,,,78.5,,,,,5.99,,5.33,3.16,62.0,1.39,1.88,6.87,0.94,51.5,,0.28,2.48,1.79,1.23,,,0.05,,,,
Florian Tardieu,Saint-Etienne,Ligue 1,2024/25,CM,31,2200,45.0,,,82.4,,,,,6.29,,5.6,3.32,65.1,1.46,1.97,7.21,0.99,54.1,,0.29,2.6,1.88,1.29,,,0.05,,,,
Pierre Ekwah,Saint-Etienne,Ligue 1,2025/26,CM,22,2600,45.0,,,75.1,,,,,5.28,,5.15,2.95,59.6,2.32,1.22,7.98,0.91,45.6,,0.15,1.55,1.33,1.52,,,0.11,,,,
Pierre Ekwah,Saint-Etienne,Ligue 1,2024/25,CM,21,2600,45.0,,,72.1,,,,,5.07,,4.94,2.83,57.2,2.23,1.17,7.66,0.87,43.8,,0.14,1.49,1.28,1.46,,,0.11,,,,
Aimen Moueffek,Saint-Etienne,Ligue 1,2025/26,CM,23,2400,45.0,,,80.5,,,,,3.25,,4.56,1.67,69.1,1.43,1.14,5.76,0.67,29.6,,0.25,1.76,1.68,1.26,,,0.05,,,,
Aimen Moueffek,Saint-Etienne,Ligue 1,2024/25,CM,22,2400,45.0,,,77.3,,,,,3.12,,4.38,1.6,66.3,1.37,1.09,5.53,0.64,28.4,,0.24,1.69,1.61,1.21,,,0.05,,,,
Louis Mouton,Saint-Etienne,Ligue 1,2025/26,CM,22,2100,45.0,,,82.9,,,,,5.27,,5.29,3.83,40.8,1.94,0.99,4.84,1.35,49.7,,0.16,1.54,1.8,0.95,,,0.04,,,,
Louis Mouton,Saint-Etienne,Ligue 1,2024/25,CM,21,2100,45.0,,,79.6,,,,,5.06,,5.08,3.68,39.2,1.86,0.95,4.65,1.3,47.7,,0.15,1.48,1.73,0.91,,,0.04,,,,
Benjamin Bouchouari,Saint-Etienne,Ligue 1,2025/26,CM,23,2300,45.0,,,83.6,,,,,3.92,,7.31,2.27,67.9,2.31,1.2,5.58,0.86,36.8,,0.2,2.75,0.31,1.3,,,0.03,,,,
Benjamin Bouchouari,Saint-Etienne,Ligue 1,2024/25,CM,22,2300,45.0,,,80.3,,,,,3.76,,7.02,2.18,65.2,2.22,1.15,5.36,0.83,35.3,,0.19,2.64,0.3,1.25,,,0.03,,,,
Mathis Amougou,Saint-Etienne,Ligue 1,2025/26,CM,18,2000,45.0,,,88.4,,,,,6.36,,3.58,2.98,60.9,1.78,1.37,6.07,0.86,46.3,,0.18,1.39,1.24,1.74,,,0.02,,,,
Mathis Amougou,Saint-Etienne,Ligue 1,2024/25,CM,17,1700,45.0,,,81.3,,,,,5.85,,3.29,2.74,56.0,1.64,1.26,5.58,0.79,42.6,,0.17,1.28,1.14,1.6,,,0.02,,,,
Igor Miladinovic,Saint-Etienne,Ligue 1,2025/26,CM,21,1600,45.0,,,78.5,,,,,2.61,,6.34,2.28,57.0,3.11,1.04,6.67,1.07,43.3,,0.14,0.87,0.96,1.0,,,0.09,,,,
Igor Miladinovic,Saint-Etienne,Ligue 1,2024/25,CM,20,1600,45.0,,,72.2,,,,,2.4,,5.83,2.1,52.4,2.86,0.96,6.14,0.98,39.8,,0.13,0.8,0.88,0.92,,,0.08,,,,
Zuriko Davitashvili,Saint-Etienne,Ligue 1,2025/26,W,23,2800,45.0,,,,,,,,4.02,,,3.13,52.0,1.1,0.38,2.96,,,,0.18,2.38,1.3,,2.8,0.41,0.23,2.38,3.93,2.61,
Zuriko Davitashvili,Saint-Etienne,Ligue 1,2024/25,W,22,2800,45.0,,,,,,,,3.86,,,3.0,49.9,1.06,0.36,2.84,,,,0.17,2.28,1.25,,2.69,0.39,0.22,2.28,3.77,2.51,
Mathieu Cafaro,Saint-Etienne,Ligue 1,2025/26,W,27,2500,45.0,,,,,,,,4.06,,,3.46,58.9,1.19,0.59,3.92,,,,0.1,3.49,1.35,,3.17,0.4,0.28,1.61,4.78,0.88,
Mathieu Cafaro,Saint-Etienne,Ligue 1,2024/25,W,26,2500,45.0,,,,,,,,4.14,,,3.53,60.1,1.21,0.6,4.0,,,,0.1,3.56,1.38,,3.23,0.41,0.29,1.64,4.88,0.9,
Ben Old,Saint-Etienne,Ligue 1,2025/26,W,22,1900,45.0,,,,,,,,2.76,,,2.39,70.2,1.31,0.57,3.39,,,,0.25,3.6,1.28,,5.3,0.57,0.26,2.96,3.11,1.66,
Ben Old,Saint-Etienne,Ligue 1,2024/25,W,21,1900,45.0,,,,,,,,2.65,,,2.29,67.4,1.26,0.55,3.25,,,,0.24,3.46,1.23,,5.09,0.55,0.25,2.84,2.99,1.59,
Augustine Boakye,Saint-Etienne,Ligue 1,2025/26,W,24,1800,45.0,,,,,,,,4.29,,,5.68,43.3,1.29,0.69,3.44,,,,0.37,2.61,1.71,,2.39,0.65,0.07,2.12,3.96,1.94,
Augustine Boakye,Saint-Etienne,Ligue 1,2024/25,W,23,1800,45.0,,,,,,,,4.12,,,5.45,41.6,1.24,0.66,3.3,,,,0.36,2.51,1.64,,2.29,0.62,0.07,2.04,3.8,1.86,
Ibrahim Sissoko,Saint-Etienne,Ligue 1,2025/26,ST,29,2600,45.0,,,74.3,,,,,,,,,,0.35,,1.34,,48.9,,0.11,1.74,0.68,,,0.13,0.46,2.22,4.24,1.01,44.3
Ibrahim Sissoko,Saint-Etienne,Ligue 1,2024/25,ST,28,2600,45.0,,,75.8,,,,,,,,,,0.36,,1.37,,49.9,,0.11,1.77,0.69,,,0.13,0.47,2.26,4.32,1.03,45.2
Lucas Stassin,Saint-Etienne,Ligue 1,2025/26,ST,20,2400,45.0,,,73.3,,,,,,,,,,0.61,,2.61,,43.6,,0.08,1.2,0.92,,,0.77,0.4,1.65,3.92,0.46,40.4
Lucas Stassin,Saint-Etienne,Ligue 1,2024/25,ST,19,2040,45.0,,,67.4,,,,,,,,,,0.56,,2.4,,40.1,,0.07,1.1,0.85,,,0.71,0.37,1.52,3.61,0.42,37.2
Ibrahima Wadji,Saint-Etienne,Ligue 1,2025/26,ST,29,1400,45.0,,,71.0,,,,,,,,,,0.7,,2.07,,40.9,,0.07,2.67,1.0,,,0.42,0.24,2.27,6.29,0.78,48.6
Ibrahima Wadji,Saint-Etienne,Ligue 1,2024/25,ST,28,1400,45.0,,,72.4,,,,,,,,,,0.71,,2.11,,41.7,,0.07,2.72,1.02,,,0.43,0.24,2.32,6.42,0.8,49.6
Marco Carnesecchi,Atalanta,Serie A,2025/26,GK,24,2700,51.5,0.11,74.8,76.7,41.4,1.21,4.2,12.5,,,,,,,,,,,,,,,,,,,,,,
Marco Carnesecchi,Atalanta,Serie A,2024/25,GK,23,2700,51.5,0.11,71.8,73.6,39.7,1.16,10.0,12.0,,,,,,,,,,,,,,,,,,,,,,
Rui Patricio,Atalanta,Serie A,2025/26,GK,36,900,51.5,0.26,79.4,69.8,41.8,1.21,4.3,15.9,,,,,,,,,,,,,,,,,,,,,,
Rui Patricio,Atalanta,Serie A,2024/25,GK,35,900,51.5,0.27,83.4,73.3,43.9,1.27,10.0,16.7,,,,,,,,,,,,,,,,,,,,,,
Isak Hien,Atalanta,Serie A,2025/26,CB,25,2600,51.5,,,85.2,,,,,4.67,253.0,2.89,1.43,66.9,1.32,1.76,4.78,1.4,56.4,69.0,,,,,,,,,,,
Isak Hien,Atalanta,Serie A,2024/25,CB,24,2600,51.5,,,86.9,,,,,4.76,258.06,2.95,1.46,68.2,1.35,1.8,4.88,1.43,57.5,70.4,,,,,,,,,,,
Berat Djimsiti,Atalanta,Serie A,2025/26,CB,31,2700,51.5,,,84.0,,,,,3.53,300.5,3.83,1.36,79.6,2.31,1.43,5.5,1.42,60.3,63.0,,,,,,,,,,,
Berat Djimsiti,Atalanta,Serie A,2024/25,CB,30,2700,51.5,,,88.2,,,,,3.71,315.53,4.02,1.43,83.6,2.43,1.5,5.78,1.49,63.3,66.2,,,,,,,,,,,
Sead Kolasinac,Atalanta,Serie A,2025/26,CB,31,2400,51.5,,,84.9,,,,,3.87,331.5,2.31,0.62,52.9,1.15,1.58,5.37,1.59,56.2,71.4,,,,,,,,,,,
Sead Kolasinac,Atalanta,Serie A,2024/25,CB,30,2400,51.5,,,89.1,,,,,4.06,348.07,2.43,0.65,55.5,1.21,1.66,5.64,1.67,59.0,75.0,,,,,,,,,,,
Odilon Kossounou,Atalanta,Serie A,2025/26,CB,23,2100,51.5,,,86.6,,,,,3.49,283.5,3.72,0.8,51.8,2.0,0.55,7.44,1.6,61.4,73.0,,,,,,,,,,,
Odilon Kossounou,Atalanta,Serie A,2024/25,CB,22,2100,51.5,,,83.1,,,,,3.35,272.16,3.57,0.77,49.7,1.92,0.53,7.14,1.54,58.9,70.1,,,,,,,,,,,
Ben Godfrey,Atalanta,Serie A,2025/26,CB,26,1400,51.5,,,79.9,,,,,2.45,374.5,3.26,0.85,58.0,1.99,0.61,5.78,1.71,60.8,59.8,,,,,,,,,,,
Ben Godfrey,Atalanta,Serie A,2024/25,CB,25,1400,51.5,,,81.5,,,,,2.5,381.99,3.33,0.87,59.2,2.03,0.62,5.9,1.74,62.0,61.0,,,,,,,,,,,
Raoul Bellanova,Atalanta,Serie A,2025/26,FB,24,2600,51.5,,,83.1,,,,,4.09,,2.87,2.76,42.4,2.23,1.09,6.41,,28.7,,0.26,1.7,1.28,1.17,1.89,0.49,,,,,
Raoul Bellanova,Atalanta,Serie A,2024/25,FB,23,2600,51.5,,,79.8,,,,,3.93,,2.76,2.65,40.7,2.14,1.05,6.15,,27.6,,0.25,1.63,1.23,1.12,1.81,0.47,,,,,
Matteo Ruggeri,Atalanta,Serie A,2025/26,FB,22,2500,51.5,,,81.9,,,,,2.44,,2.52,1.24,65.7,2.38,1.04,3.48,,44.4,,0.06,2.2,0.81,1.13,1.13,0.35,,,,,
Matteo Ruggeri,Atalanta,Serie A,2024/25,FB,21,2500,51.5,,,78.6,,,,,2.34,,2.42,1.19,63.1,2.28,1.0,3.34,,42.6,,0.06,2.11,0.78,1.08,1.08,0.34,,,,,
Davide Zappacosta,Atalanta,Serie A,2025/26,FB,32,2000,51.5,,,77.1,,,,,4.61,,3.24,1.75,55.2,2.55,0.95,5.52,,52.6,,0.08,1.56,1.01,1.05,0.52,0.44,,,,,
Davide Zappacosta,Atalanta,Serie A,2024/25,FB,31,2000,51.5,,,81.0,,,,,4.84,,3.4,1.84,58.0,2.68,1.0,5.8,,55.2,,0.08,1.64,1.06,1.1,0.55,0.46,,,,,
Marco Palestra,Atalanta,Serie A,2025/26,FB,19,1100,51.5,,,77.6,,,,,4.22,,3.71,4.89,58.4,2.67,1.12,6.44,,60.2,,0.08,2.05,1.07,0.92,2.54,0.04,,,,,
Marco Palestra,Atalanta,Serie A,2024/25,FB,18,935,51.5,,,71.4,,,,,3.88,,3.41,4.5,53.7,2.46,1.03,5.92,,55.4,,0.07,1.89,0.98,0.85,2.34,0.04,,,,,
Marten de Roon,Atalanta,Serie A,2025/26,CM,33,2800,51.5,,,81.9,,,,,6.14,,6.73,2.55,41.5,2.38,1.25,6.08,1.13,46.1,,0.01,3.98,1.08,1.9,,,0.1,,,,
Marten de Roon,Atalanta,Serie A,2024/25,CM,32,2800,51.5,,,86.0,,,,,6.45,,7.07,2.68,43.6,2.5,1.31,6.38,1.19,48.4,,0.01,4.18,1.13,1.99,,,0.11,,,,
Ederson,Atalanta,Serie A,2025/26,CM,25,2800,51.5,,,91.3,,,,,6.8,,5.84,3.26,54.4,1.89,0.79,4.11,1.03,47.6,,0.2,1.85,1.7,0.71,,,0.08,,,,
Ederson,Atalanta,Serie A,2024/25,CM,24,2800,51.5,,,93.1,,,,,6.94,,5.96,3.33,55.5,1.93,0.81,4.19,1.05,48.6,,0.2,1.89,1.73,0.72,,,0.08,,,,
Mario Pasalic,Atalanta,Serie A,2025/26,CM,29,2300,51.5,,,79.8,,,,,5.41,,4.75,2.46,61.4,2.01,1.36,6.15,0.66,48.3,,0.14,1.49,1.17,1.36,,,0.11,,,,
Mario Pasalic,Atalanta,Serie A,2024/25,CM,28,2300,51.5,,,81.4,,,,,5.52,,4.84,2.51,62.6,2.05,1.39,6.27,0.67,49.3,,0.14,1.52,1.19,1.39,,,0.11,,,,
Lazar Samardzic,Atalanta,Serie A,2025/26,CM,22,2200,51.5,,,83.7,,,,,3.5,,2.75,2.1,62.3,1.81,1.39,5.38,0.74,49.2,,0.19,2.73,1.14,0.54,,,0.14,,,,
Lazar Samardzic,Atalanta,Serie A,2024/25,CM,21,2200,51.5,,,80.4,,,,,3.36,,2.64,2.02,59.8,1.74,1.33,5.16,0.71,47.2,,0.18,2.62,1.09,0.52,,,0.13,,,,
Marco Brescianini,Atalanta,Serie A,2025/26,CM,24,1900,51.5,,,87.2,,,,,3.96,,4.58,1.32,50.0,2.24,1.17,6.91,0.73,46.2,,0.16,0.7,0.5,0.91,,,0.11,,,,
Marco Brescianini,Atalanta,Serie A,2024/25,CM,23,1900,51.5,,,83.7,,,,,3.8,,4.4,1.27,48.0,2.15,1.12,6.63,0.7,44.4,,0.15,0.67,0.48,0.87,,,0.11,,,,
Charles De Ketelaere,Atalanta,Serie A,2025/26,W,23,2600,51.5,,,,,,,,1.94,,,6.65,53.2,1.2,0.2,5.46,,,,0.28,1.73,1.76,,3.03,0.32,0.26,3.42,5.97,1.86,
Charles De Ketelaere,Atalanta,Serie A,2024/25,W,22,2600,51.5,,,,,,,,1.86,,,6.38,51.1,1.15,0.19,5.24,,,,0.27,1.66,1.69,,2.91,0.31,0.25,3.28,5.73,1.79,
Ademola Lookman,Atalanta,Serie A,2025/26,W,27,2700,51.5,,,,,,,,3.96,,,6.14,56.0,1.01,0.46,4.16,,,,0.02,3.52,1.05,,4.52,0.43,0.3,3.8,4.53,1.89,
Ademola Lookman,Atalanta,Serie A,2024/25,W,26,2700,51.5,,,,,,,,4.04,,,6.26,57.1,1.03,0.47,4.24,,,,0.02,3.59,1.07,,4.61,0.44,0.31,3.88,4.62,1.93,
Nicolo Zaniolo,Atalanta,Serie A,2025/26,W,25,1700,51.5,,,,,,,,3.53,,,5.94,49.6,0.6,0.54,4.91,,,,0.12,3.65,1.35,,3.83,0.46,0.41,1.79,4.02,1.07,
Nicolo Zaniolo,Atalanta,Serie A,2024/25,W,24,1700,51.5,,,,,,,,3.6,,,6.06,50.6,0.61,0.55,5.01,,,,0.12,3.72,1.38,,3.91,0.47,0.42,1.83,4.1,1.09,
Mateo Retegui,Atalanta,Serie A,2025/26,ST,25,2700,51.5,,,72.0,,,,,,,,,,0.68,,2.52,,52.7,,0.11,3.64,0.65,,,0.39,0.37,2.59,4.28,1.03,41.6
Mateo Retegui,Atalanta,Serie A,2024/25,ST,24,2700,51.5,,,73.4,,,,,,,,,,0.69,,2.57,,53.8,,0.11,3.71,0.66,,,0.4,0.38,2.64,4.37,1.05,42.4
Gianluca Scamacca,Atalanta,Serie A,2025/26,ST,25,1800,51.5,,,66.0,,,,,,,,,,0.62,,2.67,,49.6,,0.1,2.34,0.76,,,0.3,0.27,1.66,4.47,0.97,43.4
Gianluca Scamacca,Atalanta,Serie A,2024/25,ST,24,1800,51.5,,,67.3,,,,,,,,,,0.63,,2.72,,50.6,,0.1,2.39,0.78,,,0.31,0.28,1.69,4.56,0.99,44.3
Mile Svilar,AS Roma,Serie A,2025/26,GK,25,2800,55.0,-0.06,67.1,67.9,50.1,1.03,6.5,12.5,,,,,,,,,,,,,,,,,,,,,,
Mile Svilar,AS Roma,Serie A,2024/25,GK,24,2800,55.0,0.0,68.4,69.3,51.1,1.05,10.0,12.75,,,,,,,,,,,,,,,,,,,,,,
Mathew Ryan,AS Roma,Serie A,2025/26,GK,32,900,55.0,0.21,75.1,72.8,49.8,0.79,6.4,15.5,,,,,,,,,,,,,,,,,,,,,,
Mathew Ryan,AS Roma,Serie A,2024/25,GK,31,900,55.0,0.22,78.9,76.4,52.3,0.83,10.0,16.28,,,,,,,,,,,,,,,,,,,,,,
Gianluca Mancini,AS Roma,Serie A,2025/26,CB,28,2700,55.0,,,86.6,,,,,4.94,257.6,4.81,0.91,64.5,2.02,1.82,5.77,1.5,60.2,66.9,,,,,,,,,,,
Gianluca Mancini,AS Roma,Serie A,2024/25,CB,27,2700,55.0,,,88.3,,,,,5.04,262.75,4.91,0.93,65.8,2.06,1.86,5.89,1.53,61.4,68.2,,,,,,,,,,,
Evan Ndicka,AS Roma,Serie A,2025/26,CB,25,2700,55.0,,,89.2,,,,,4.38,346.7,2.86,0.6,83.2,1.64,1.59,6.47,1.4,61.8,79.4,,,,,,,,,,,
Evan Ndicka,AS Roma,Serie A,2024/25,CB,24,2700,55.0,,,91.0,,,,,4.47,353.63,2.92,0.61,84.9,1.67,1.62,6.6,1.43,63.0,81.0,,,,,,,,,,,
Mats Hummels,AS Roma,Serie A,2025/26,CB,36,1500,55.0,,,83.9,,,,,3.7,323.1,3.72,2.35,66.6,1.46,1.01,4.0,1.53,56.1,63.8,,,,,,,,,,,
Mats Hummels,AS Roma,Serie A,2024/25,CB,35,1500,55.0,,,88.1,,,,,3.89,339.26,3.91,2.47,69.9,1.53,1.06,4.2,1.61,58.9,67.0,,,,,,,,,,,
Mario Hermoso,AS Roma,Serie A,2025/26,CB,29,2000,55.0,,,87.9,,,,,4.12,231.1,3.97,1.38,62.5,2.68,1.74,4.9,0.94,53.0,67.2,,,,,,,,,,,
Mario Hermoso,AS Roma,Serie A,2024/25,CB,28,2000,55.0,,,89.7,,,,,4.2,235.72,4.05,1.41,63.8,2.73,1.77,5.0,0.96,54.1,68.5,,,,,,,,,,,
Zeki Celik,AS Roma,Serie A,2025/26,FB,27,2400,55.0,,,84.6,,,,,5.2,,2.2,2.07,58.2,2.1,1.17,3.54,,50.3,,0.08,1.5,1.55,1.03,1.91,0.34,,,,,
Zeki Celik,AS Roma,Serie A,2024/25,FB,26,2400,55.0,,,86.3,,,,,5.3,,2.24,2.11,59.4,2.14,1.19,3.61,,51.3,,0.08,1.53,1.58,1.05,1.95,0.35,,,,,
Angelino,AS Roma,Serie A,2025/26,FB,27,2600,55.0,,,80.6,,,,,3.27,,2.19,1.76,54.7,1.57,1.2,4.41,,49.2,,0.11,1.8,1.13,1.33,3.89,0.45,,,,,
Angelino,AS Roma,Serie A,2024/25,FB,26,2600,55.0,,,82.2,,,,,3.34,,2.23,1.8,55.8,1.6,1.22,4.5,,50.2,,0.11,1.84,1.15,1.36,3.97,0.46,,,,,
Saud Abdulhamid,AS Roma,Serie A,2025/26,FB,25,1400,55.0,,,80.2,,,,,4.99,,4.1,4.14,54.5,0.8,0.89,4.25,,52.2,,0.02,1.48,0.67,1.13,2.55,0.35,,,,,
Saud Abdulhamid,AS Roma,Serie A,2024/25,FB,24,1400,55.0,,,81.8,,,,,5.09,,4.18,4.22,55.6,0.82,0.91,4.33,,53.2,,0.02,1.51,0.68,1.15,2.6,0.36,,,,,
Samuel Dahl,AS Roma,Serie A,2025/26,FB,21,1100,55.0,,,75.6,,,,,4.59,,2.06,3.39,50.4,1.88,1.21,5.22,,46.6,,0.17,2.8,1.23,0.2,2.95,0.42,,,,,
Samuel Dahl,AS Roma,Serie A,2024/25,FB,20,1100,55.0,,,69.6,,,,,4.22,,1.9,3.12,46.4,1.73,1.11,4.8,,42.9,,0.16,2.58,1.13,0.18,2.71,0.39,,,,,
Bryan Cristante,AS Roma,Serie A,2025/26,CM,29,2600,55.0,,,80.5,,,,,5.91,,4.82,3.11,70.2,2.21,0.91,6.14,0.92,40.1,,0.13,4.9,0.74,0.93,,,0.12,,,,
Bryan Cristante,AS Roma,Serie A,2024/25,CM,28,2600,55.0,,,82.1,,,,,6.03,,4.92,3.17,71.6,2.25,0.93,6.26,0.94,40.9,,0.13,5.0,0.75,0.95,,,0.12,,,,
Manu Kone,AS Roma,Serie A,2025/26,CM,23,2600,55.0,,,92.0,,,,,5.6,,4.49,3.54,53.5,2.47,1.01,5.92,0.92,46.2,,0.11,3.28,0.74,1.05,,,0.04,,,,
Manu Kone,AS Roma,Serie A,2024/25,CM,22,2600,55.0,,,88.3,,,,,5.38,,4.31,3.4,51.4,2.37,0.97,5.68,0.88,44.4,,0.11,3.15,0.71,1.01,,,0.04,,,,
Leandro Paredes,AS Roma,Serie A,2025/26,CM,30,2100,55.0,,,85.9,,,,,5.79,,5.07,1.41,58.1,2.23,1.06,8.5,0.97,39.0,,0.17,2.21,1.52,1.27,,,0.14,,,,
Leandro Paredes,AS Roma,Serie A,2024/25,CM,29,2100,55.0,,,87.6,,,,,5.91,,5.17,1.44,59.3,2.27,1.08,8.67,0.99,39.8,,0.17,2.25,1.55,1.3,,,0.14,,,,
Lorenzo Pellegrini,AS Roma,Serie A,2025/26,CM,28,2500,55.0,,,83.5,,,,,3.27,,4.33,1.61,57.8,1.87,0.76,5.65,0.92,42.0,,0.08,3.9,1.64,1.32,,,0.03,,,,
Lorenzo Pellegrini,AS Roma,Serie A,2024/25,CM,27,2500,55.0,,,85.2,,,,,3.34,,4.42,1.64,59.0,1.91,0.78,5.76,0.94,42.8,,0.08,3.98,1.67,1.35,,,0.03,,,,
Enzo Le Fee,AS Roma,Serie A,2025/26,CM,24,2000,55.0,,,89.6,,,,,3.49,,4.21,5.06,53.3,1.69,1.15,4.75,1.32,45.5,,0.13,2.22,1.45,1.12,,,0.05,,,,
Enzo Le Fee,AS Roma,Serie A,2024/25,CM,23,2000,55.0,,,86.0,,,,,3.35,,4.04,4.86,51.2,1.62,1.1,4.56,1.27,43.7,,0.12,2.13,1.39,1.08,,,0.05,,,,
Tommaso Baldanzi,AS Roma,Serie A,2025/26,CM,21,1800,55.0,,,92.0,,,,,6.95,,4.5,1.01,53.5,1.36,1.08,6.58,1.05,33.7,,0.15,1.89,1.47,2.24,,,0.09,,,,
Tommaso Baldanzi,AS Roma,Serie A,2024/25,CM,20,1800,55.0,,,84.6,,,,,6.39,,4.14,0.93,49.2,1.25,0.99,6.05,0.97,31.0,,0.14,1.74,1.35,2.06,,,0.08,,,,
Paulo Dybala,AS Roma,Serie A,2025/26,W,31,2400,55.0,,,,,,,,2.46,,,4.8,51.0,1.91,0.61,3.14,,,,0.27,2.34,1.19,,1.39,0.8,0.08,2.08,2.88,3.18,
Paulo Dybala,AS Roma,Serie A,2024/25,W,30,2400,55.0,,,,,,,,2.58,,,5.04,53.6,2.01,0.64,3.3,,,,0.28,2.46,1.25,,1.46,0.84,0.08,2.18,3.02,3.34,
Stephan El Shaarawy,AS Roma,Serie A,2025/26,W,32,2100,55.0,,,,,,,,3.77,,,3.19,47.6,1.8,0.37,4.07,,,,0.25,3.11,0.82,,3.32,0.55,0.25,1.67,3.61,1.36,
Stephan El Shaarawy,AS Roma,Serie A,2024/25,W,31,2100,55.0,,,,,,,,3.96,,,3.35,50.0,1.89,0.39,4.27,,,,0.26,3.27,0.86,,3.49,0.58,0.26,1.75,3.79,1.43,
Matias Soule,AS Roma,Serie A,2025/26,W,21,2400,55.0,,,,,,,,3.89,,,4.19,53.8,1.17,0.45,3.04,,,,0.16,2.85,1.5,,4.71,0.27,0.27,1.78,2.49,1.68,
Matias Soule,AS Roma,Serie A,2024/25,W,20,2400,55.0,,,,,,,,3.58,,,3.85,49.5,1.08,0.41,2.8,,,,0.15,2.62,1.38,,4.33,0.25,0.25,1.64,2.29,1.55,
Alexis Saelemaekers,AS Roma,Serie A,2025/26,W,25,1900,55.0,,,,,,,,3.81,,,5.32,52.2,1.4,0.12,3.65,,,,0.14,3.48,2.46,,4.8,0.68,0.21,1.68,2.32,2.21,
Alexis Saelemaekers,AS Roma,Serie A,2024/25,W,24,1900,55.0,,,,,,,,3.89,,,5.43,53.2,1.43,0.12,3.72,,,,0.14,3.55,2.51,,4.9,0.69,0.21,1.71,2.37,2.25,
Artem Dovbyk,AS Roma,Serie A,2025/26,ST,27,2700,55.0,,,77.1,,,,,,,,,,0.6,,2.46,,48.8,,0.09,1.93,0.76,,,0.23,0.45,2.38,4.14,1.7,43.1
Artem Dovbyk,AS Roma,Serie A,2024/25,ST,26,2700,55.0,,,78.6,,,,,,,,,,0.61,,2.51,,49.8,,0.09,1.97,0.78,,,0.23,0.46,2.43,4.22,1.73,44.0
Eldor Shomurodov,AS Roma,Serie A,2025/26,ST,29,1300,55.0,,,65.5,,,,,,,,,,0.54,,1.35,,41.3,,0.24,2.63,0.75,,,0.8,0.35,3.34,5.69,0.72,41.3
Eldor Shomurodov,AS Roma,Serie A,2024/25,ST,28,1300,55.0,,,66.8,,,,,,,,,,0.55,,1.38,,42.1,,0.24,2.68,0.77,,,0.82,0.36,3.41,5.8,0.73,42.1
Ivan Provedel,Lazio,Serie A,2025/26,GK,30,2700,52.5,0.1,68.5,84.4,36.9,1.34,4.7,13.1,,,,,,,,,,,,,,,,,,,,,,
Ivan Provedel,Lazio,Serie A,2024/25,GK,29,2700,52.5,0.1,69.9,86.1,37.6,1.37,10.0,13.36,,,,,,,,,,,,,,,,,,,,,,
Christos Mandas,Lazio,Serie A,2025/26,GK,23,1100,52.5,-0.03,73.0,79.3,54.2,1.54,6.1,11.2,,,,,,,,,,,,,,,,,,,,,,
Christos Mandas,Lazio,Serie A,2024/25,GK,22,1100,52.5,0.0,70.1,76.1,52.0,1.48,10.0,10.75,,,,,,,,,,,,,,,,,,,,,,
Alessio Romagnoli,Lazio,Serie A,2025/26,CB,29,2700,52.5,,,84.4,,,,,5.12,307.4,3.26,0.57,70.4,1.52,0.94,5.68,1.16,53.2,64.9,,,,,,,,,,,
Alessio Romagnoli,Lazio,Serie A,2024/25,CB,28,2700,52.5,,,86.1,,,,,5.22,313.55,3.33,0.58,71.8,1.55,0.96,5.79,1.18,54.3,66.2,,,,,,,,,,,
Mario Gila,Lazio,Serie A,2025/26,CB,24,2600,52.5,,,82.3,,,,,4.78,337.2,3.06,0.33,68.0,1.73,1.51,4.69,1.05,71.5,64.5,,,,,,,,,,,
Mario Gila,Lazio,Serie A,2024/25,CB,23,2600,52.5,,,79.0,,,,,4.59,323.71,2.94,0.32,65.3,1.66,1.45,4.5,1.01,68.6,61.9,,,,,,,,,,,
Samuel Gigot,Lazio,Serie A,2025/26,CB,31,1500,52.5,,,89.7,,,,,3.95,352.6,3.92,0.71,76.4,1.93,2.02,5.53,1.36,63.9,63.5,,,,,,,,,,,
Samuel Gigot,Lazio,Serie A,2024/25,CB,30,1500,52.5,,,94.2,,,,,4.15,370.23,4.12,0.75,80.2,2.03,2.12,5.81,1.43,67.1,66.7,,,,,,,,,,,
Patric,Lazio,Serie A,2025/26,CB,31,1600,52.5,,,85.1,,,,,3.13,318.2,4.15,0.88,67.1,2.15,0.65,5.66,1.49,48.6,72.6,,,,,,,,,,,
Patric,Lazio,Serie A,2024/25,CB,30,1600,52.5,,,89.4,,,,,3.29,334.11,4.36,0.92,70.5,2.26,0.68,5.94,1.56,51.0,76.2,,,,,,,,,,,
Manuel Lazzari,Lazio,Serie A,2025/26,FB,31,2300,52.5,,,86.4,,,,,2.94,,2.73,2.85,58.1,1.46,1.11,6.25,,45.1,,0.16,1.21,1.1,0.6,1.38,0.48,,,,,
Manuel Lazzari,Lazio,Serie A,2024/25,FB,30,2300,52.5,,,90.7,,,,,3.09,,2.87,2.99,61.0,1.53,1.17,6.56,,47.4,,0.17,1.27,1.16,0.63,1.45,0.5,,,,,
Nuno Tavares,Lazio,Serie A,2025/26,FB,24,2600,52.5,,,84.7,,,,,4.68,,1.49,3.28,59.3,2.16,1.11,4.79,,48.3,,0.1,2.45,0.9,0.51,1.68,0.16,,,,,
Nuno Tavares,Lazio,Serie A,2024/25,FB,23,2600,52.5,,,81.3,,,,,4.49,,1.43,3.15,56.9,2.07,1.07,4.6,,46.4,,0.1,2.35,0.86,0.49,1.61,0.15,,,,,
Adam Marusic,Lazio,Serie A,2025/26,FB,32,2200,52.5,,,86.8,,,,,3.76,,4.13,3.06,63.6,1.93,1.38,5.79,,70.0,,0.03,1.6,1.14,1.1,2.45,0.19,,,,,
Adam Marusic,Lazio,Serie A,2024/25,FB,31,2200,52.5,,,91.1,,,,,3.95,,4.34,3.21,66.8,2.03,1.45,6.08,,73.5,,0.03,1.68,1.2,1.16,2.57,0.2,,,,,
Luca Pellegrini,Lazio,Serie A,2025/26,FB,25,1400,52.5,,,79.4,,,,,4.08,,1.7,2.82,57.3,2.2,1.26,5.59,,53.9,,0.17,2.58,1.19,1.42,1.3,0.55,,,,,
Luca Pellegrini,Lazio,Serie A,2024/25,FB,24,1400,52.5,,,81.0,,,,,4.16,,1.73,2.88,58.4,2.24,1.29,5.7,,55.0,,0.17,2.63,1.21,1.45,1.33,0.56,,,,,
Nicolo Rovella,Lazio,Serie A,2025/26,CM,23,2700,52.5,,,86.1,,,,,5.98,,3.85,2.14,60.8,1.91,0.6,4.6,1.24,38.6,,0.26,2.89,0.53,1.16,,,0.04,,,,
Nicolo Rovella,Lazio,Serie A,2024/25,CM,22,2700,52.5,,,82.7,,,,,5.74,,3.7,2.05,58.4,1.83,0.58,4.42,1.19,37.1,,0.25,2.77,0.51,1.11,,,0.04,,,,
Matteo Guendouzi,Lazio,Serie A,2025/26,CM,25,2800,52.5,,,84.1,,,,,5.19,,3.67,3.04,55.1,1.78,2.2,7.68,0.86,66.6,,0.11,2.23,1.04,1.07,,,0.05,,,,
Matteo Guendouzi,Lazio,Serie A,2024/25,CM,24,2800,52.5,,,85.8,,,,,5.29,,3.74,3.1,56.2,1.82,2.24,7.83,0.88,67.9,,0.11,2.27,1.06,1.09,,,0.05,,,,
Matias Vecino,Lazio,Serie A,2025/26,CM,33,2000,52.5,,,87.2,,,,,5.81,,3.78,3.55,50.1,2.13,0.89,6.7,1.2,40.5,,0.03,4.3,1.55,1.36,,,0.12,,,,
Matias Vecino,Lazio,Serie A,2024/25,CM,32,2000,52.5,,,91.6,,,,,6.1,,3.97,3.73,52.6,2.24,0.93,7.04,1.26,42.5,,0.03,4.51,1.63,1.43,,,0.13,,,,
Fisayo Dele-Bashiru,Lazio,Serie A,2025/26,CM,23,1800,52.5,,,82.9,,,,,6.15,,3.84,2.11,50.7,2.32,1.22,3.64,1.16,41.9,,0.1,0.7,1.43,1.26,,,0.11,,,,
Fisayo Dele-Bashiru,Lazio,Serie A,2024/25,CM,22,1800,52.5,,,79.6,,,,,5.9,,3.69,2.03,48.7,2.23,1.17,3.49,1.11,40.2,,0.1,0.67,1.37,1.21,,,0.11,,,,
Gaetano Castrovilli,Lazio,Serie A,2025/26,CM,27,1400,52.5,,,82.4,,,,,3.78,,3.71,2.82,58.0,2.19,1.5,5.96,0.91,48.2,,0.06,3.19,1.96,1.42,,,0.15,,,,
Gaetano Castrovilli,Lazio,Serie A,2024/25,CM,26,1400,52.5,,,84.0,,,,,3.86,,3.78,2.88,59.2,2.23,1.53,6.08,0.93,49.2,,0.06,3.25,2.0,1.45,,,0.15,,,,
Mattia Zaccagni,Lazio,Serie A,2025/26,W,29,2700,52.5,,,,,,,,4.41,,,3.36,46.6,1.25,0.5,2.85,,,,0.13,4.33,1.51,,4.35,0.85,0.44,2.2,1.85,1.39,
Mattia Zaccagni,Lazio,Serie A,2024/25,W,28,2700,52.5,,,,,,,,4.5,,,3.43,47.5,1.27,0.51,2.91,,,,0.13,4.42,1.54,,4.44,0.87,0.45,2.24,1.89,1.42,
Gustav Isaksen,Lazio,Serie A,2025/26,W,23,2200,52.5,,,,,,,,3.05,,,4.03,42.5,0.85,0.69,3.62,,,,0.23,3.28,1.52,,5.25,0.94,0.19,0.7,4.09,0.82,
Gustav Isaksen,Lazio,Serie A,2024/25,W,22,2200,52.5,,,,,,,,2.93,,,3.87,40.8,0.82,0.66,3.48,,,,0.22,3.15,1.46,,5.04,0.9,0.18,0.67,3.93,0.79,
Loum Tchaouna,Lazio,Serie A,2025/26,W,21,1800,52.5,,,,,,,,2.97,,,3.58,52.0,0.83,0.55,6.33,,,,0.22,3.17,1.22,,3.9,0.64,0.13,2.38,6.93,1.22,
Loum Tchaouna,Lazio,Serie A,2024/25,W,20,1800,52.5,,,,,,,,2.73,,,3.29,47.8,0.76,0.51,5.82,,,,0.2,2.92,1.12,,3.59,0.59,0.12,2.19,6.38,1.12,
Pedro,Lazio,Serie A,2025/26,W,37,1600,52.5,,,,,,,,2.92,,,2.98,42.3,1.2,0.3,4.15,,,,0.23,4.19,0.3,,2.33,0.38,0.27,3.04,3.57,1.63,
Pedro,Lazio,Serie A,2024/25,W,36,1600,52.5,,,,,,,,3.07,,,3.13,44.4,1.26,0.32,4.36,,,,0.24,4.4,0.32,,2.45,0.4,0.28,3.19,3.75,1.71,
Valentin Castellanos,Lazio,Serie A,2025/26,ST,26,2700,52.5,,,62.8,,,,,,,,,,0.71,,2.61,,59.1,,0.09,1.79,0.78,,,0.32,0.19,1.94,3.48,1.01,38.2
Valentin Castellanos,Lazio,Serie A,2024/25,ST,25,2700,52.5,,,64.1,,,,,,,,,,0.72,,2.66,,60.3,,0.09,1.83,0.8,,,0.33,0.19,1.98,3.55,1.03,39.0
Boulaye Dia,Lazio,Serie A,2025/26,ST,28,2500,52.5,,,65.1,,,,,,,,,,0.56,,1.63,,35.4,,0.11,1.73,0.81,,,0.45,0.3,1.57,5.32,0.78,46.0
Boulaye Dia,Lazio,Serie A,2024/25,ST,27,2500,52.5,,,66.4,,,,,,,,,,0.57,,1.66,,36.1,,0.11,1.76,0.83,,,0.46,0.31,1.6,5.43,0.8,46.9
Tijjani Noslin,Lazio,Serie A,2025/26,ST,25,2000,52.5,,,69.2,,,,,,,,,,0.93,,2.85,,49.4,,0.07,2.57,0.89,,,0.52,0.1,2.49,4.7,1.54,44.7
Tijjani Noslin,Lazio,Serie A,2024/25,ST,24,2000,52.5,,,70.6,,,,,,,,,,0.95,,2.91,,50.4,,0.07,2.62,0.91,,,0.53,0.1,2.54,4.79,1.57,45.6
David de Gea,Fiorentina,Serie A,2025/26,GK,34,2700,57.5,0.04,78.4,64.3,42.4,1.36,7.9,14.7,,,,,,,,,,,,,,,,,,,,,,
David de Gea,Fiorentina,Serie A,2024/25,GK,33,2700,57.5,0.04,82.3,67.5,44.5,1.43,10.0,15.44,,,,,,,,,,,,,,,,,,,,,,
Pietro Terracciano,Fiorentina,Serie A,2025/26,GK,34,1100,57.5,0.27,73.3,77.0,42.6,1.23,5.9,16.1,,,,,,,,,,,,,,,,,,,,,,
Pietro Terracciano,Fiorentina,Serie A,2024/25,GK,33,1100,57.5,0.28,77.0,80.9,44.7,1.29,10.0,16.91,,,,,,,,,,,,,,,,,,,,,,
Lucas Martinez Quarta,Fiorentina,Serie A,2025/26,CB,28,2300,57.5,,,84.2,,,,,4.21,408.1,2.28,0.74,59.5,2.05,1.61,5.64,1.09,58.0,65.4,,,,,,,,,,,
Lucas Martinez Quarta,Fiorentina,Serie A,2024/25,CB,27,2300,57.5,,,85.9,,,,,4.29,416.26,2.33,0.75,60.7,2.09,1.64,5.75,1.11,59.2,66.7,,,,,,,,,,,
Marin Pongracic,Fiorentina,Serie A,2025/26,CB,27,2100,57.5,,,84.3,,,,,3.84,319.1,2.0,0.47,62.1,2.02,1.31,5.53,0.8,47.2,61.3,,,,,,,,,,,
Marin Pongracic,Fiorentina,Serie A,2024/25,CB,26,2100,57.5,,,86.0,,,,,3.92,325.48,2.04,0.48,63.3,2.06,1.34,5.64,0.82,48.1,62.5,,,,,,,,,,,
Luca Ranieri,Fiorentina,Serie A,2025/26,CB,25,2600,57.5,,,88.1,,,,,5.37,347.6,2.93,0.94,64.1,2.11,0.94,5.65,0.76,58.1,70.6,,,,,,,,,,,
Luca Ranieri,Fiorentina,Serie A,2024/25,CB,24,2600,57.5,,,89.9,,,,,5.48,354.55,2.99,0.96,65.4,2.15,0.96,5.76,0.78,59.3,72.0,,,,,,,,,,,
Pietro Comuzzo,Fiorentina,Serie A,2025/26,CB,19,2200,57.5,,,85.5,,,,,3.99,373.4,3.03,1.14,74.8,1.8,1.6,7.07,1.18,57.7,64.8,,,,,,,,,,,
Pietro Comuzzo,Fiorentina,Serie A,2024/25,CB,18,1870,57.5,,,78.7,,,,,3.67,343.53,2.79,1.05,68.8,1.66,1.47,6.5,1.09,53.1,59.6,,,,,,,,,,,
Dodo,Fiorentina,Serie A,2025/26,FB,26,2700,57.5,,,79.2,,,,,3.98,,4.77,2.63,75.0,2.04,1.71,5.6,,50.1,,0.09,2.11,0.92,2.01,2.65,0.63,,,,,
Dodo,Fiorentina,Serie A,2024/25,FB,25,2700,57.5,,,80.8,,,,,4.06,,4.87,2.68,76.5,2.08,1.74,5.71,,51.1,,0.09,2.15,0.94,2.05,2.7,0.64,,,,,
Robin Gosens,Fiorentina,Serie A,2025/26,FB,30,2600,57.5,,,86.7,,,,,6.15,,2.79,3.03,50.5,2.1,1.04,5.54,,49.4,,0.1,1.27,0.66,1.41,1.08,0.16,,,,,
Robin Gosens,Fiorentina,Serie A,2024/25,FB,29,2600,57.5,,,88.4,,,,,6.27,,2.85,3.09,51.5,2.14,1.06,5.65,,50.4,,0.1,1.3,0.67,1.44,1.1,0.16,,,,,
Michael Kayode,Fiorentina,Serie A,2025/26,FB,20,1800,57.5,,,83.1,,,,,4.4,,5.7,2.44,74.0,2.33,0.98,5.51,,42.1,,0.1,1.36,1.03,1.11,1.66,0.28,,,,,
Michael Kayode,Fiorentina,Serie A,2024/25,FB,19,1530,57.5,,,76.5,,,,,4.05,,5.24,2.24,68.1,2.14,0.9,5.07,,38.7,,0.09,1.25,0.95,1.02,1.53,0.26,,,,,
Cristiano Biraghi,Fiorentina,Serie A,2025/26,FB,32,1900,57.5,,,85.0,,,,,4.14,,2.04,3.49,68.9,1.4,1.6,4.38,,67.0,,0.09,2.32,1.69,1.41,2.78,0.12,,,,,
Cristiano Biraghi,Fiorentina,Serie A,2024/25,FB,31,1900,57.5,,,89.2,,,,,4.35,,2.14,3.66,72.3,1.47,1.68,4.6,,70.4,,0.09,2.44,1.77,1.48,2.92,0.13,,,,,
Fabiano Parisi,Fiorentina,Serie A,2025/26,FB,24,1500,57.5,,,87.4,,,,,2.72,,2.01,2.6,55.9,1.97,1.44,3.69,,43.1,,0.15,2.84,1.45,0.65,2.59,0.01,,,,,
Fabiano Parisi,Fiorentina,Serie A,2024/25,FB,23,1500,57.5,,,83.9,,,,,2.61,,1.93,2.5,53.7,1.89,1.38,3.54,,41.4,,0.14,2.73,1.39,0.62,2.49,0.01,,,,,
Yacine Adli,Fiorentina,Serie A,2025/26,CM,24,2400,57.5,,,82.2,,,,,6.23,,4.48,1.26,52.1,2.11,1.78,6.2,0.78,45.0,,0.2,1.99,1.45,1.47,,,0.15,,,,
Yacine Adli,Fiorentina,Serie A,2024/25,CM,23,2400,57.5,,,78.9,,,,,5.98,,4.3,1.21,50.0,2.03,1.71,5.95,0.75,43.2,,0.19,1.91,1.39,1.41,,,0.14,,,,
Edoardo Bove,Fiorentina,Serie A,2025/26,CM,22,2500,57.5,,,76.3,,,,,2.78,,4.58,3.17,55.1,2.09,1.11,5.43,0.7,38.9,,0.21,2.83,1.65,0.81,,,0.12,,,,
Edoardo Bove,Fiorentina,Serie A,2024/25,CM,21,2500,57.5,,,73.2,,,,,2.67,,4.4,3.04,52.9,2.01,1.07,5.21,0.67,37.3,,0.2,2.72,1.58,0.78,,,0.12,,,,
Danilo Cataldi,Fiorentina,Serie A,2025/26,CM,30,2300,57.5,,,83.0,,,,,5.77,,4.79,1.81,56.2,1.84,1.11,5.04,0.79,39.5,,0.22,3.3,1.08,1.34,,,0.11,,,,
Danilo Cataldi,Fiorentina,Serie A,2024/25,CM,29,2300,57.5,,,84.7,,,,,5.89,,4.89,1.85,57.3,1.88,1.13,5.14,0.81,40.3,,0.22,3.37,1.1,1.37,,,0.11,,,,
Rolando Mandragora,Fiorentina,Serie A,2025/26,CM,27,2100,57.5,,,88.5,,,,,6.0,,4.69,2.58,65.3,1.87,1.24,5.45,1.07,61.4,,0.17,1.88,1.85,1.58,,,0.13,,,,
Rolando Mandragora,Fiorentina,Serie A,2024/25,CM,26,2100,57.5,,,90.3,,,,,6.12,,4.78,2.63,66.6,1.91,1.26,5.56,1.09,62.6,,0.17,1.92,1.89,1.61,,,0.13,,,,
Amir Richardson,Fiorentina,Serie A,2025/26,CM,22,1600,57.5,,,86.0,,,,,4.02,,4.66,0.99,65.8,0.6,0.86,5.64,1.0,28.2,,0.04,2.64,0.78,0.88,,,0.11,,,,
Amir Richardson,Fiorentina,Serie A,2024/25,CM,21,1600,57.5,,,82.6,,,,,3.86,,4.47,0.95,63.2,0.58,0.83,5.41,0.96,27.1,,0.04,2.53,0.75,0.84,,,0.11,,,,
Albert Gudmundsson,Fiorentina,Serie A,2025/26,W,27,2500,57.5,,,,,,,,3.73,,,3.64,61.9,1.5,0.34,4.6,,,,0.2,3.71,1.34,,4.52,0.32,0.15,2.68,3.92,2.38,
Albert Gudmundsson,Fiorentina,Serie A,2024/25,W,26,2500,57.5,,,,,,,,3.8,,,3.71,63.1,1.53,0.35,4.69,,,,0.2,3.78,1.37,,4.61,0.33,0.15,2.73,4.0,2.43,
Andrea Colpani,Fiorentina,Serie A,2025/26,W,25,2400,57.5,,,,,,,,3.8,,,5.96,47.8,0.96,0.38,2.84,,,,0.1,2.14,0.6,,4.3,0.83,0.25,2.26,4.57,2.0,
Andrea Colpani,Fiorentina,Serie A,2024/25,W,24,2400,57.5,,,,,,,,3.88,,,6.08,48.8,0.98,0.39,2.9,,,,0.1,2.18,0.61,,4.39,0.85,0.26,2.31,4.66,2.04,
Jonathan Ikone,Fiorentina,Serie A,2025/26,W,26,1700,57.5,,,,,,,,1.84,,,4.8,49.8,1.26,0.6,3.38,,,,0.19,3.14,1.67,,2.72,0.87,0.18,2.29,3.44,2.1,
Jonathan Ikone,Fiorentina,Serie A,2024/25,W,25,1700,57.5,,,,,,,,1.88,,,4.9,50.8,1.29,0.61,3.45,,,,0.19,3.2,1.7,,2.77,0.89,0.18,2.34,3.51,2.14,
Riccardo Sottil,Fiorentina,Serie A,2025/26,W,25,1700,57.5,,,,,,,,2.29,,,5.23,57.0,1.56,0.59,4.1,,,,0.16,4.62,0.79,,4.9,0.53,0.16,2.18,5.23,1.51,
Riccardo Sottil,Fiorentina,Serie A,2024/25,W,24,1700,57.5,,,,,,,,2.34,,,5.33,58.1,1.59,0.6,4.18,,,,0.16,4.71,0.81,,5.0,0.54,0.16,2.22,5.33,1.54,
Moise Kean,Fiorentina,Serie A,2025/26,ST,24,2700,57.5,,,74.8,,,,,,,,,,1.04,,2.26,,40.8,,0.17,3.03,0.99,,,0.4,0.37,2.19,4.29,0.59,43.1
Moise Kean,Fiorentina,Serie A,2024/25,ST,23,2700,57.5,,,71.8,,,,,,,,,,1.0,,2.17,,39.2,,0.16,2.91,0.95,,,0.38,0.36,2.1,4.12,0.57,41.4
Lucas Beltran,Fiorentina,Serie A,2025/26,ST,23,2100,57.5,,,74.0,,,,,,,,,,0.65,,1.27,,43.5,,0.03,3.06,0.28,,,0.29,0.24,1.91,5.04,0.43,49.0
Lucas Beltran,Fiorentina,Serie A,2024/25,ST,22,2100,57.5,,,71.0,,,,,,,,,,0.62,,1.22,,41.8,,0.03,2.94,0.27,,,0.28,0.23,1.83,4.84,0.41,47.0
Christian Kouame,Fiorentina,Serie A,2025/26,ST,27,1600,57.5,,,73.1,,,,,,,,,,0.42,,2.63,,44.5,,0.18,1.95,0.46,,,0.19,0.5,2.37,4.2,1.62,41.9
Christian Kouame,Fiorentina,Serie A,2024/25,ST,26,1600,57.5,,,74.6,,,,,,,,,,0.43,,2.68,,45.4,,0.18,1.99,0.47,,,0.19,0.51,2.42,4.28,1.65,42.7
Lukasz Skorupski,Bologna,Serie A,2025/26,GK,33,2500,58.2,0.04,67.1,69.4,44.3,0.76,6.8,14.8,,,,,,,,,,,,,,,,,,,,,,
Lukasz Skorupski,Bologna,Serie A,2024/25,GK,32,2500,58.2,0.04,70.5,72.9,46.5,0.8,10.0,15.54,,,,,,,,,,,,,,,,,,,,,,
Federico Ravaglia,Bologna,Serie A,2025/26,GK,25,1200,58.2,0.06,62.6,76.4,48.3,0.92,6.3,13.3,,,,,,,,,,,,,,,,,,,,,,
Federico Ravaglia,Bologna,Serie A,2024/25,GK,24,1200,58.2,0.06,63.9,77.9,49.3,0.94,10.0,13.57,,,,,,,,,,,,,,,,,,,,,,
Sam Beukema,Bologna,Serie A,2025/26,CB,26,2700,58.2,,,84.9,,,,,5.38,316.4,3.44,0.35,63.0,1.68,1.04,6.34,1.43,56.1,69.7,,,,,,,,,,,
Sam Beukema,Bologna,Serie A,2024/25,CB,25,2700,58.2,,,86.6,,,,,5.49,322.73,3.51,0.36,64.3,1.71,1.06,6.47,1.46,57.2,71.1,,,,,,,,,,,
Jhon Lucumi,Bologna,Serie A,2025/26,CB,26,2600,58.2,,,89.0,,,,,4.59,306.1,3.84,1.56,57.8,1.52,0.9,6.72,1.42,65.7,76.7,,,,,,,,,,,
Jhon Lucumi,Bologna,Serie A,2024/25,CB,25,2600,58.2,,,90.8,,,,,4.68,312.22,3.92,1.59,59.0,1.55,0.92,6.85,1.45,67.0,78.2,,,,,,,,,,,
Martin Erlic,Bologna,Serie A,2025/26,CB,26,1700,58.2,,,87.6,,,,,4.54,396.8,4.24,0.56,62.3,1.57,1.82,4.64,0.89,62.2,71.9,,,,,,,,,,,
Martin Erlic,Bologna,Serie A,2024/25,CB,25,1700,58.2,,,89.4,,,,,4.63,404.74,4.32,0.57,63.5,1.6,1.86,4.73,0.91,63.4,73.3,,,,,,,,,,,
Nicolo Casale,Bologna,Serie A,2025/26,CB,26,1600,58.2,,,80.5,,,,,2.93,356.0,2.38,1.39,62.9,2.22,1.07,5.37,0.65,56.3,67.6,,,,,,,,,,,
Nicolo Casale,Bologna,Serie A,2024/25,CB,25,1600,58.2,,,82.1,,,,,2.99,363.12,2.43,1.42,64.2,2.26,1.09,5.48,0.66,57.4,69.0,,,,,,,,,,,
Stefan Posch,Bologna,Serie A,2025/26,FB,27,2600,58.2,,,86.0,,,,,4.49,,1.72,1.14,61.1,2.08,1.01,6.33,,44.1,,0.15,1.99,1.45,0.88,2.0,0.45,,,,,
Stefan Posch,Bologna,Serie A,2024/25,FB,26,2600,58.2,,,87.7,,,,,4.58,,1.75,1.16,62.3,2.12,1.03,6.46,,45.0,,0.15,2.03,1.48,0.9,2.04,0.46,,,,,
Charalampos Lykogiannis,Bologna,Serie A,2025/26,FB,31,2100,58.2,,,79.7,,,,,4.94,,3.54,2.71,44.7,1.5,1.73,5.02,,52.4,,0.09,1.5,0.51,0.26,1.51,0.09,,,,,
Charalampos Lykogiannis,Bologna,Serie A,2024/25,FB,30,2100,58.2,,,83.7,,,,,5.19,,3.72,2.85,46.9,1.58,1.82,5.27,,55.0,,0.09,1.58,0.54,0.27,1.59,0.09,,,,,
Juan Miranda,Bologna,Serie A,2025/26,FB,24,2300,58.2,,,78.8,,,,,3.15,,3.79,2.37,55.4,2.26,1.86,4.89,,39.5,,0.13,1.88,1.1,1.25,0.72,0.19,,,,,
Juan Miranda,Bologna,Serie A,2024/25,FB,23,2300,58.2,,,75.6,,,,,3.02,,3.64,2.28,53.2,2.17,1.79,4.69,,37.9,,0.12,1.8,1.06,1.2,0.69,0.18,,,,,
Emil Holm,Bologna,Serie A,2025/26,FB,24,1700,58.2,,,76.7,,,,,4.49,,3.37,4.17,53.0,1.66,1.42,5.01,,54.3,,0.13,2.25,0.74,1.55,2.15,0.52,,,,,
Emil Holm,Bologna,Serie A,2024/25,FB,23,1700,58.2,,,73.6,,,,,4.31,,3.24,4.0,50.9,1.59,1.36,4.81,,52.1,,0.12,2.16,0.71,1.49,2.06,0.5,,,,,
Remo Freuler,Bologna,Serie A,2025/26,CM,32,2800,58.2,,,88.5,,,,,2.22,,5.48,3.92,52.0,2.18,0.88,5.1,1.22,38.6,,0.2,2.62,1.32,0.54,,,0.04,,,,
Remo Freuler,Bologna,Serie A,2024/25,CM,31,2800,58.2,,,92.9,,,,,2.33,,5.75,4.12,54.6,2.29,0.92,5.35,1.28,40.5,,0.21,2.75,1.39,0.57,,,0.04,,,,
Michel Aebischer,Bologna,Serie A,2025/26,CM,28,2300,58.2,,,82.2,,,,,5.79,,6.25,2.21,63.8,2.68,0.69,6.17,1.21,45.9,,0.01,3.4,1.39,0.77,,,0.06,,,,
Michel Aebischer,Bologna,Serie A,2024/25,CM,27,2300,58.2,,,83.8,,,,,5.91,,6.38,2.25,65.1,2.73,0.7,6.29,1.23,46.8,,0.01,3.47,1.42,0.79,,,0.06,,,,
Nikola Moro,Bologna,Serie A,2025/26,CM,26,2000,58.2,,,80.7,,,,,3.7,,4.82,3.0,63.3,2.11,1.42,5.05,0.78,43.8,,0.02,1.21,0.93,0.54,,,0.1,,,,
Nikola Moro,Bologna,Serie A,2024/25,CM,25,2000,58.2,,,82.3,,,,,3.77,,4.92,3.06,64.6,2.15,1.45,5.15,0.8,44.7,,0.02,1.23,0.95,0.55,,,0.1,,,,
Giovanni Fabbian,Bologna,Serie A,2025/26,CM,21,2400,58.2,,,81.1,,,,,4.79,,5.85,2.11,54.4,1.35,0.4,7.44,0.88,61.7,,0.2,2.36,1.69,1.04,,,0.03,,,,
Giovanni Fabbian,Bologna,Serie A,2024/25,CM,20,2400,58.2,,,74.6,,,,,4.41,,5.38,1.94,50.0,1.24,0.37,6.84,0.81,56.8,,0.18,2.17,1.55,0.96,,,0.03,,,,
Tommaso Pobega,Bologna,Serie A,2025/26,CM,25,1900,58.2,,,83.6,,,,,6.91,,6.65,2.78,79.0,2.63,1.1,6.01,1.05,47.4,,0.02,2.89,1.0,1.56,,,0.18,,,,
Tommaso Pobega,Bologna,Serie A,2024/25,CM,24,1900,58.2,,,85.3,,,,,7.05,,6.78,2.84,80.6,2.68,1.12,6.13,1.07,48.3,,0.02,2.95,1.02,1.59,,,0.18,,,,
Lewis Ferguson,Bologna,Serie A,2025/26,CM,25,1800,58.2,,,86.2,,,,,4.39,,5.6,4.38,54.4,2.42,1.52,6.18,1.26,52.6,,0.18,1.16,0.2,1.67,,,0.04,,,,
Lewis Ferguson,Bologna,Serie A,2024/25,CM,24,1800,58.2,,,87.9,,,,,4.48,,5.71,4.47,55.5,2.47,1.55,6.3,1.29,53.7,,0.18,1.18,0.2,1.7,,,0.04,,,,
Riccardo Orsolini,Bologna,Serie A,2025/26,W,27,2600,58.2,,,,,,,,3.23,,,3.55,52.4,0.96,0.53,3.46,,,,0.1,2.66,1.16,,3.52,1.15,0.14,1.73,3.71,1.43,
Riccardo Orsolini,Bologna,Serie A,2024/25,W,26,2600,58.2,,,,,,,,3.29,,,3.62,53.4,0.98,0.54,3.53,,,,0.1,2.71,1.18,,3.59,1.17,0.14,1.76,3.78,1.46,
Dan Ndoye,Bologna,Serie A,2025/26,W,24,2600,58.2,,,,,,,,3.59,,,5.89,65.1,1.61,0.16,4.41,,,,0.13,2.34,1.57,,2.69,0.46,0.11,2.42,3.85,1.43,
Dan Ndoye,Bologna,Serie A,2024/25,W,23,2600,58.2,,,,,,,,3.45,,,5.65,62.5,1.55,0.15,4.23,,,,0.12,2.25,1.51,,2.58,0.44,0.11,2.32,3.7,1.37,
Jesper Karlsson,Bologna,Serie A,2025/26,W,26,1400,58.2,,,,,,,,2.56,,,3.63,57.6,1.24,0.61,3.61,,,,0.25,3.56,2.13,,1.0,0.64,0.07,2.07,3.44,2.09,
Jesper Karlsson,Bologna,Serie A,2024/25,W,25,1400,58.2,,,,,,,,2.61,,,3.7,58.8,1.26,0.62,3.68,,,,0.26,3.63,2.17,,1.02,0.65,0.07,2.11,3.51,2.13,
Samuel Iling-Junior,Bologna,Serie A,2025/26,W,21,1600,58.2,,,,,,,,4.64,,,4.42,61.2,1.62,0.53,5.57,,,,0.15,3.05,1.06,,4.86,0.62,0.24,2.77,3.47,1.72,
Samuel Iling-Junior,Bologna,Serie A,2024/25,W,20,1600,58.2,,,,,,,,4.27,,,4.07,56.3,1.49,0.49,5.12,,,,0.14,2.81,0.98,,4.47,0.57,0.22,2.55,3.19,1.58,
Santiago Castro,Bologna,Serie A,2025/26,ST,20,2500,58.2,,,74.7,,,,,,,,,,0.45,,0.7,,59.0,,0.09,1.89,1.02,,,0.33,0.22,1.54,6.46,1.61,43.8
Santiago Castro,Bologna,Serie A,2024/25,ST,19,2125,58.2,,,68.7,,,,,,,,,,0.41,,0.64,,54.3,,0.08,1.74,0.94,,,0.3,0.2,1.42,5.94,1.48,40.3
Thijs Dallinga,Bologna,Serie A,2025/26,ST,24,2200,58.2,,,71.6,,,,,,,,,,0.16,,3.56,,40.1,,0.12,1.79,1.03,,,0.51,0.6,1.93,5.07,1.79,34.7
Thijs Dallinga,Bologna,Serie A,2024/25,ST,23,2200,58.2,,,68.7,,,,,,,,,,0.15,,3.42,,38.5,,0.12,1.72,0.99,,,0.49,0.58,1.85,4.87,1.72,33.3
Jens Odgaard,Bologna,Serie A,2025/26,ST,25,1900,58.2,,,73.4,,,,,,,,,,0.6,,1.21,,51.7,,0.14,1.94,0.85,,,0.21,0.27,3.58,7.64,1.3,37.5
Jens Odgaard,Bologna,Serie A,2024/25,ST,24,1900,58.2,,,74.9,,,,,,,,,,0.61,,1.23,,52.7,,0.14,1.98,0.87,,,0.21,0.28,3.65,7.79,1.33,38.2
Vanja Milinkovic-Savic,Torino,Serie A,2025/26,GK,27,2800,52.0,-0.02,69.4,74.3,46.2,1.08,7.6,14.8,,,,,,,,,,,,,,,,,,,,,,
Vanja Milinkovic-Savic,Torino,Serie A,2024/25,GK,26,2800,52.0,0.0,70.8,75.8,47.1,1.1,10.0,15.1,,,,,,,,,,,,,,,,,,,,,,
Saul Coco,Torino,Serie A,2025/26,CB,25,2700,52.0,,,80.3,,,,,3.84,373.9,2.7,0.58,68.3,1.87,1.53,5.45,1.44,59.4,66.0,,,,,,,,,,,
Saul Coco,Torino,Serie A,2024/25,CB,24,2700,52.0,,,81.9,,,,,3.92,381.38,2.75,0.59,69.7,1.91,1.56,5.56,1.47,60.6,67.3,,,,,,,,,,,
Guillermo Maripan,Torino,Serie A,2025/26,CB,30,2400,52.0,,,93.0,,,,,3.63,326.5,3.42,0.59,50.8,1.86,0.79,4.58,0.93,53.3,62.8,,,,,,,,,,,
Guillermo Maripan,Torino,Serie A,2024/25,CB,29,2400,52.0,,,94.9,,,,,3.7,333.03,3.49,0.6,51.8,1.9,0.81,4.67,0.95,54.4,64.1,,,,,,,,,,,
Sebastian Walukiewicz,Torino,Serie A,2025/26,CB,24,2200,52.0,,,86.9,,,,,1.88,189.8,2.41,1.33,55.9,1.85,1.97,5.2,1.38,62.2,64.6,,,,,,,,,,,
Sebastian Walukiewicz,Torino,Serie A,2024/25,CB,23,2200,52.0,,,83.4,,,,,1.8,182.21,2.31,1.28,53.7,1.78,1.89,4.99,1.32,59.7,62.0,,,,,,,,,,,
Adrien Tameze,Torino,Serie A,2025/26,CB,30,1800,52.0,,,83.7,,,,,5.27,412.2,1.0,1.58,58.1,0.8,1.13,6.05,1.12,46.6,56.8,,,,,,,,,,,
Adrien Tameze,Torino,Serie A,2024/25,CB,29,1800,52.0,,,85.4,,,,,5.38,420.44,1.02,1.61,59.3,0.82,1.15,6.17,1.14,47.5,57.9,,,,,,,,,,,
Marcus Pedersen,Torino,Serie A,2025/26,FB,24,2200,52.0,,,83.1,,,,,4.98,,1.41,3.83,37.7,2.06,1.35,6.89,,52.4,,0.18,2.44,0.85,1.9,2.5,0.28,,,,,
Marcus Pedersen,Torino,Serie A,2024/25,FB,23,2200,52.0,,,79.8,,,,,4.78,,1.35,3.68,36.2,1.98,1.3,6.61,,50.3,,0.17,2.34,0.82,1.82,2.4,0.27,,,,,
Borna Sosa,Torino,Serie A,2025/26,FB,26,2300,52.0,,,86.3,,,,,3.27,,2.23,2.15,47.5,2.36,1.63,6.79,,51.9,,0.1,1.83,0.88,1.86,0.43,0.38,,,,,
Borna Sosa,Torino,Serie A,2024/25,FB,25,2300,52.0,,,88.0,,,,,3.34,,2.27,2.19,48.5,2.41,1.66,6.93,,52.9,,0.1,1.87,0.9,1.9,0.44,0.39,,,,,
Mergim Vojvoda,Torino,Serie A,2025/26,FB,29,2300,52.0,,,84.8,,,,,4.29,,3.21,2.87,55.1,2.06,1.37,3.35,,35.9,,0.11,2.4,1.22,0.68,2.17,0.03,,,,,
Mergim Vojvoda,Torino,Serie A,2024/25,FB,28,2300,52.0,,,86.5,,,,,4.38,,3.27,2.93,56.2,2.1,1.4,3.42,,36.6,,0.11,2.45,1.24,0.69,2.21,0.03,,,,,
Valentino Lazaro,Torino,Serie A,2025/26,FB,28,2600,52.0,,,71.1,,,,,2.16,,3.91,1.39,59.5,2.41,0.99,4.35,,52.0,,0.09,2.1,1.08,0.83,1.62,0.38,,,,,
Valentino Lazaro,Torino,Serie A,2024/25,FB,27,2600,52.0,,,72.5,,,,,2.2,,3.99,1.42,60.7,2.46,1.01,4.44,,53.0,,0.09,2.14,1.1,0.85,1.65,0.39,,,,,
Samuele Ricci,Torino,Serie A,2025/26,CM,23,2800,52.0,,,80.8,,,,,7.09,,4.49,2.95,52.4,1.85,1.07,6.38,0.69,40.5,,0.02,1.91,2.21,1.73,,,0.08,,,,
Samuele Ricci,Torino,Serie A,2024/25,CM,22,2800,52.0,,,77.6,,,,,6.81,,4.31,2.83,50.3,1.78,1.03,6.12,0.66,38.9,,0.02,1.83,2.12,1.66,,,0.08,,,,
Ivan Ilic,Torino,Serie A,2025/26,CM,23,2400,52.0,,,86.0,,,,,3.38,,6.17,2.82,53.2,2.46,1.0,7.13,0.79,49.6,,0.17,2.46,1.2,1.07,,,0.14,,,,
Ivan Ilic,Torino,Serie A,2024/25,CM,22,2400,52.0,,,82.6,,,,,3.24,,5.92,2.71,51.1,2.36,0.96,6.84,0.76,47.6,,0.16,2.36,1.15,1.03,,,0.13,,,,
Karol Linetty,Torino,Serie A,2025/26,CM,29,2300,52.0,,,83.9,,,,,3.78,,1.35,3.25,58.0,2.13,1.17,5.68,1.17,47.4,,0.14,4.0,0.79,1.11,,,0.03,,,,
Karol Linetty,Torino,Serie A,2024/25,CM,28,2300,52.0,,,85.6,,,,,3.86,,1.38,3.31,59.2,2.17,1.19,5.79,1.19,48.3,,0.14,4.08,0.81,1.13,,,0.03,,,,
Gvidas Gineitis,Torino,Serie A,2025/26,CM,20,1500,52.0,,,87.0,,,,,5.66,,5.26,2.51,54.3,1.87,0.84,6.22,1.07,58.9,,0.12,3.17,0.8,0.49,,,0.04,,,,
Gvidas Gineitis,Torino,Serie A,2024/25,CM,19,1275,52.0,,,80.0,,,,,5.21,,4.84,2.31,50.0,1.72,0.77,5.72,0.98,54.2,,0.11,2.92,0.74,0.45,,,0.04,,,,
Cesare Casadei,Torino,Serie A,2025/26,CM,21,1400,52.0,,,82.6,,,,,6.69,,4.54,0.76,67.3,1.74,0.3,6.12,0.74,45.1,,0.12,3.19,0.2,0.88,,,0.13,,,,
Cesare Casadei,Torino,Serie A,2024/25,CM,20,1400,52.0,,,76.0,,,,,6.15,,4.18,0.7,61.9,1.6,0.28,5.63,0.68,41.5,,0.11,2.93,0.18,0.81,,,0.12,,,,
Nikola Vlasic,Torino,Serie A,2025/26,W,27,2400,52.0,,,,,,,,3.05,,,4.99,45.3,0.97,0.64,3.74,,,,0.13,2.93,0.68,,2.92,0.28,0.15,2.07,1.48,1.3,
Nikola Vlasic,Torino,Serie A,2024/25,W,26,2400,52.0,,,,,,,,3.11,,,5.09,46.2,0.99,0.65,3.81,,,,0.13,2.99,0.69,,2.98,0.29,0.15,2.11,1.51,1.33,
Yann Karamoh,Torino,Serie A,2025/26,W,26,1400,52.0,,,,,,,,1.72,,,6.77,46.4,1.75,0.34,3.8,,,,0.14,3.07,1.65,,4.11,0.68,0.27,2.99,3.87,2.68,
Yann Karamoh,Torino,Serie A,2024/25,W,25,1400,52.0,,,,,,,,1.75,,,6.91,47.3,1.79,0.35,3.88,,,,0.14,3.13,1.68,,4.19,0.69,0.28,3.05,3.95,2.73,
Ali Dembele,Torino,Serie A,2025/26,W,20,1100,52.0,,,,,,,,4.87,,,3.14,48.7,1.74,0.56,3.27,,,,0.24,3.9,0.74,,4.27,0.55,0.41,1.99,1.2,1.28,
Ali Dembele,Torino,Serie A,2024/25,W,19,935,52.0,,,,,,,,4.48,,,2.89,44.8,1.6,0.52,3.01,,,,0.22,3.59,0.68,,3.93,0.51,0.38,1.83,1.1,1.18,
Duvan Zapata,Torino,Serie A,2025/26,ST,33,2200,52.0,,,77.0,,,,,,,,,,0.5,,2.62,,44.6,,0.08,2.41,0.1,,,0.41,0.31,2.22,6.25,0.12,45.9
Duvan Zapata,Torino,Serie A,2024/25,ST,32,2200,52.0,,,80.9,,,,,,,,,,0.53,,2.75,,46.8,,0.08,2.53,0.11,,,0.43,0.33,2.33,6.56,0.13,48.2
Che Adams,Torino,Serie A,2025/26,ST,28,2500,52.0,,,68.6,,,,,,,,,,0.76,,2.48,,32.7,,0.15,2.69,0.65,,,0.39,0.5,2.13,4.56,1.29,44.8
Che Adams,Torino,Serie A,2024/25,ST,27,2500,52.0,,,70.0,,,,,,,,,,0.78,,2.53,,33.4,,0.15,2.74,0.66,,,0.4,0.51,2.17,4.65,1.32,45.7
Antonio Sanabria,Torino,Serie A,2025/26,ST,28,2300,52.0,,,65.1,,,,,,,,,,0.63,,1.29,,44.5,,0.11,3.32,1.28,,,0.13,0.33,2.39,6.11,0.13,48.4
Antonio Sanabria,Torino,Serie A,2024/25,ST,27,2300,52.0,,,66.4,,,,,,,,,,0.64,,1.32,,45.4,,0.11,3.39,1.31,,,0.13,0.34,2.44,6.23,0.13,49.4
Pierluigi Gollini,Genoa,Serie A,2025/26,GK,29,2300,44.5,0.31,73.4,72.2,45.4,1.39,6.4,12.5,,,,,,,,,,,,,,,,,,,,,,
Pierluigi Gollini,Genoa,Serie A,2024/25,GK,28,2300,44.5,0.32,74.9,73.6,46.3,1.42,10.0,12.75,,,,,,,,,,,,,,,,,,,,,,
Nicola Leali,Genoa,Serie A,2025/26,GK,31,1300,44.5,-0.03,74.4,69.9,46.5,1.05,3.8,11.2,,,,,,,,,,,,,,,,,,,,,,
Nicola Leali,Genoa,Serie A,2024/25,GK,30,1300,44.5,0.0,78.1,73.4,48.8,1.1,10.0,11.76,,,,,,,,,,,,,,,,,,,,,,
Johan Vasquez,Genoa,Serie A,2025/26,CB,26,2700,44.5,,,80.3,,,,,2.8,273.5,3.35,1.09,64.2,1.17,1.11,7.99,1.19,42.7,78.9,,,,,,,,,,,
Johan Vasquez,Genoa,Serie A,2024/25,CB,25,2700,44.5,,,81.9,,,,,2.86,278.97,3.42,1.11,65.5,1.19,1.13,8.15,1.21,43.6,80.5,,,,,,,,,,,
Mattia Bani,Genoa,Serie A,2025/26,CB,31,2400,44.5,,,84.5,,,,,3.54,289.5,3.59,1.18,64.7,2.26,1.5,5.3,1.31,74.4,66.5,,,,,,,,,,,
Mattia Bani,Genoa,Serie A,2024/25,CB,30,2400,44.5,,,88.7,,,,,3.72,303.98,3.77,1.24,67.9,2.37,1.58,5.57,1.38,78.1,69.8,,,,,,,,,,,
Koni De Winter,Genoa,Serie A,2025/26,CB,22,2300,44.5,,,83.0,,,,,5.26,387.6,4.46,1.58,71.0,2.6,0.91,7.32,1.56,64.8,60.5,,,,,,,,,,,
Koni De Winter,Genoa,Serie A,2024/25,CB,21,2300,44.5,,,79.7,,,,,5.05,372.1,4.28,1.52,68.2,2.5,0.87,7.03,1.5,62.2,58.1,,,,,,,,,,,
Alessandro Vogliacco,Genoa,Serie A,2025/26,CB,26,2100,44.5,,,83.9,,,,,2.9,289.0,2.32,1.56,68.4,2.2,0.8,3.43,1.07,59.7,76.2,,,,,,,,,,,
Alessandro Vogliacco,Genoa,Serie A,2024/25,CB,25,2100,44.5,,,85.6,,,,,2.96,294.78,2.37,1.59,69.8,2.24,0.82,3.5,1.09,60.9,77.7,,,,,,,,,,,
Alan Matturro,Genoa,Serie A,2025/26,CB,20,1300,44.5,,,81.9,,,,,3.8,298.6,2.64,0.41,72.4,1.86,1.8,7.98,1.58,58.4,82.0,,,,,,,,,,,
Alan Matturro,Genoa,Serie A,2024/25,CB,19,1105,44.5,,,75.3,,,,,3.5,274.71,2.43,0.38,66.6,1.71,1.66,7.34,1.45,53.7,75.4,,,,,,,,,,,
Stefano Sabelli,Genoa,Serie A,2025/26,FB,31,2400,44.5,,,82.7,,,,,4.43,,2.74,3.56,64.3,2.06,1.41,5.78,,46.1,,0.11,2.05,0.76,0.6,2.24,0.36,,,,,
Stefano Sabelli,Genoa,Serie A,2024/25,FB,30,2400,44.5,,,86.8,,,,,4.65,,2.88,3.74,67.5,2.16,1.48,6.07,,48.4,,0.12,2.15,0.8,0.63,2.35,0.38,,,,,
Aaron Martin,Genoa,Serie A,2025/26,FB,27,2500,44.5,,,83.1,,,,,3.27,,2.94,3.7,42.1,2.74,0.43,5.13,,48.7,,0.14,1.45,1.55,1.44,1.56,0.01,,,,,
Aaron Martin,Genoa,Serie A,2024/25,FB,26,2500,44.5,,,84.8,,,,,3.34,,3.0,3.77,42.9,2.79,0.44,5.23,,49.7,,0.14,1.48,1.58,1.47,1.59,0.01,,,,,
Alessandro Zanoli,Genoa,Serie A,2025/26,FB,24,1800,44.5,,,75.3,,,,,2.5,,1.96,3.0,43.3,1.9,1.92,5.26,,45.6,,0.01,2.43,0.98,1.14,3.14,0.51,,,,,
Alessandro Zanoli,Genoa,Serie A,2024/25,FB,23,1800,44.5,,,72.3,,,,,2.4,,1.88,2.88,41.6,1.82,1.84,5.05,,43.8,,0.01,2.33,0.94,1.09,3.01,0.49,,,,,
Brooke Norton-Cuffy,Genoa,Serie A,2025/26,FB,20,1500,44.5,,,79.3,,,,,1.72,,3.22,3.54,59.9,2.51,1.27,3.1,,49.6,,0.13,2.23,0.93,1.2,2.09,0.47,,,,,
Brooke Norton-Cuffy,Genoa,Serie A,2024/25,FB,19,1275,44.5,,,73.0,,,,,1.58,,2.96,3.26,55.1,2.31,1.17,2.85,,45.6,,0.12,2.05,0.86,1.1,1.92,0.43,,,,,
Morten Frendrup,Genoa,Serie A,2025/26,CM,23,2800,44.5,,,83.1,,,,,4.75,,5.02,3.18,61.9,1.92,0.92,6.12,1.21,52.6,,0.09,1.34,1.42,0.21,,,0.09,,,,
Morten Frendrup,Genoa,Serie A,2024/25,CM,22,2800,44.5,,,79.8,,,,,4.56,,4.82,3.05,59.4,1.84,0.88,5.88,1.16,50.5,,0.09,1.29,1.36,0.2,,,0.09,,,,
Milan Badelj,Genoa,Serie A,2025/26,CM,35,2300,44.5,,,87.0,,,,,5.81,,4.49,2.26,54.0,2.6,0.5,6.0,1.13,37.2,,0.13,2.08,0.93,0.87,,,0.08,,,,
Milan Badelj,Genoa,Serie A,2024/25,CM,34,2300,44.5,,,91.4,,,,,6.1,,4.71,2.37,56.7,2.73,0.53,6.3,1.19,39.1,,0.14,2.18,0.98,0.91,,,0.08,,,,
Morten Thorsby,Genoa,Serie A,2025/26,CM,28,2400,44.5,,,79.9,,,,,2.83,,5.07,3.46,58.7,1.74,1.03,6.2,0.88,46.0,,0.05,0.82,0.76,1.33,,,0.1,,,,
Morten Thorsby,Genoa,Serie A,2024/25,CM,27,2400,44.5,,,81.5,,,,,2.89,,5.17,3.53,59.9,1.77,1.05,6.32,0.9,46.9,,0.05,0.84,0.78,1.36,,,0.1,,,,
Fabio Miretti,Genoa,Serie A,2025/26,CM,21,2300,44.5,,,83.7,,,,,3.82,,3.24,2.1,59.3,2.92,1.44,6.68,0.52,64.9,,0.13,3.54,1.34,0.99,,,0.11,,,,
Fabio Miretti,Genoa,Serie A,2024/25,CM,20,2300,44.5,,,77.0,,,,,3.51,,2.98,1.93,54.6,2.69,1.32,6.15,0.48,59.7,,0.12,3.26,1.23,0.91,,,0.1,,,,
Ruslan Malinovskyi,Genoa,Serie A,2025/26,CM,31,1600,44.5,,,85.4,,,,,4.14,,4.42,1.6,57.4,2.17,1.59,8.11,0.96,40.6,,0.01,0.86,0.92,1.03,,,0.16,,,,
Ruslan Malinovskyi,Genoa,Serie A,2024/25,CM,30,1600,44.5,,,89.7,,,,,4.35,,4.64,1.68,60.3,2.28,1.67,8.52,1.01,42.6,,0.01,0.9,0.97,1.08,,,0.17,,,,
Junior Messias,Genoa,Serie A,2025/26,W,33,1700,44.5,,,,,,,,3.29,,,6.7,40.5,1.54,0.43,3.85,,,,0.07,3.17,1.95,,5.84,0.93,0.21,2.68,5.61,2.49,
Junior Messias,Genoa,Serie A,2024/25,W,32,1700,44.5,,,,,,,,3.45,,,7.04,42.5,1.62,0.45,4.04,,,,0.07,3.33,2.05,,6.13,0.98,0.22,2.81,5.89,2.61,
Vitinha,Genoa,Serie A,2025/26,W,24,2100,44.5,,,,,,,,3.58,,,3.74,51.0,1.39,0.62,4.05,,,,0.15,3.85,1.39,,2.64,0.73,0.31,2.71,4.12,2.11,
Vitinha,Genoa,Serie A,2024/25,W,23,2100,44.5,,,,,,,,3.44,,,3.59,49.0,1.33,0.6,3.89,,,,0.14,3.7,1.33,,2.53,0.7,0.3,2.6,3.96,2.03,
Gaston Pereiro,Genoa,Serie A,2025/26,W,29,1200,44.5,,,,,,,,4.53,,,6.87,72.0,1.92,0.03,3.82,,,,0.22,3.94,0.85,,1.28,0.58,0.31,1.7,5.99,1.35,
Gaston Pereiro,Genoa,Serie A,2024/25,W,28,1200,44.5,,,,,,,,4.62,,,7.01,73.4,1.96,0.03,3.9,,,,0.22,4.02,0.87,,1.31,0.59,0.32,1.73,6.11,1.38,
Andrea Pinamonti,Genoa,Serie A,2025/26,ST,25,2700,44.5,,,69.2,,,,,,,,,,0.53,,3.05,,51.2,,0.12,1.71,0.79,,,0.42,0.44,2.91,7.01,1.3,32.3
Andrea Pinamonti,Genoa,Serie A,2024/25,ST,24,2700,44.5,,,70.6,,,,,,,,,,0.54,,3.11,,52.2,,0.12,1.74,0.81,,,0.43,0.45,2.97,7.15,1.33,32.9
Mario Balotelli,Genoa,Serie A,2025/26,ST,34,1200,44.5,,,69.8,,,,,,,,,,0.34,,1.9,,43.8,,0.12,2.97,0.1,,,0.39,0.56,2.6,3.2,1.36,32.7
Mario Balotelli,Genoa,Serie A,2024/25,ST,33,1200,44.5,,,73.3,,,,,,,,,,0.36,,1.99,,46.0,,0.13,3.12,0.11,,,0.41,0.59,2.73,3.36,1.43,34.3
Caleb Ekuban,Genoa,Serie A,2025/26,ST,30,1600,44.5,,,70.2,,,,,,,,,,0.47,,3.14,,42.6,,0.09,2.8,0.84,,,0.18,0.44,2.78,4.09,0.55,47.1
Caleb Ekuban,Genoa,Serie A,2024/25,ST,29,1600,44.5,,,71.6,,,,,,,,,,0.48,,3.2,,43.5,,0.09,2.86,0.86,,,0.18,0.45,2.84,4.17,0.56,48.0
David Ankeye,Genoa,Serie A,2025/26,ST,22,1100,44.5,,,75.0,,,,,,,,,,0.67,,2.06,,31.2,,0.11,1.64,1.23,,,0.34,0.44,2.33,7.16,0.56,36.2
David Ankeye,Genoa,Serie A,2024/25,ST,21,1100,44.5,,,72.0,,,,,,,,,,0.64,,1.98,,30.0,,0.11,1.57,1.18,,,0.33,0.42,2.24,6.87,0.54,34.8
Emil Audero,Como,Serie A,2025/26,GK,27,2200,52.0,0.12,72.9,75.6,45.6,1.27,6.8,13.0,,,,,,,,,,,,,,,,,,,,,,
Emil Audero,Como,Serie A,2024/25,GK,26,2200,52.0,0.12,74.4,77.1,46.5,1.3,10.0,13.26,,,,,,,,,,,,,,,,,,,,,,
Pepe Reina,Como,Serie A,2025/26,GK,42,1100,52.0,0.01,70.0,75.9,42.9,1.09,9.5,16.8,,,,,,,,,,,,,,,,,,,,,,
Pepe Reina,Como,Serie A,2024/25,GK,41,1100,52.0,0.01,73.5,79.7,45.0,1.14,10.0,17.64,,,,,,,,,,,,,,,,,,,,,,
Alberto Dossena,Como,Serie A,2025/26,CB,26,2600,52.0,,,82.1,,,,,3.0,246.2,2.75,0.5,62.0,1.87,0.96,4.46,1.63,54.3,61.9,,,,,,,,,,,
Alberto Dossena,Como,Serie A,2024/25,CB,25,2600,52.0,,,83.7,,,,,3.06,251.12,2.81,0.51,63.2,1.91,0.98,4.55,1.66,55.4,63.1,,,,,,,,,,,
Marc-Oliver Kempf,Como,Serie A,2025/26,CB,29,2500,52.0,,,86.1,,,,,3.55,271.2,4.04,1.0,76.5,2.01,1.35,6.17,1.1,78.0,51.8,,,,,,,,,,,
Marc-Oliver Kempf,Como,Serie A,2024/25,CB,28,2500,52.0,,,87.8,,,,,3.62,276.62,4.12,1.02,78.0,2.05,1.38,6.29,1.12,79.6,52.8,,,,,,,,,,,
Edoardo Goldaniga,Como,Serie A,2025/26,CB,31,1800,52.0,,,91.5,,,,,2.97,312.6,5.03,0.69,60.5,2.21,1.27,3.07,1.36,55.0,72.1,,,,,,,,,,,
Edoardo Goldaniga,Como,Serie A,2024/25,CB,30,1800,52.0,,,96.1,,,,,3.12,328.23,5.28,0.72,63.5,2.32,1.33,3.22,1.43,57.8,75.7,,,,,,,,,,,
Felipe Jack,Como,Serie A,2025/26,CB,18,900,52.0,,,79.1,,,,,3.87,330.0,2.36,0.45,83.7,1.66,1.35,4.74,1.78,55.4,66.1,,,,,,,,,,,
Felipe Jack,Como,Serie A,2024/25,CB,17,900,52.0,,,72.8,,,,,3.56,303.6,2.17,0.41,77.0,1.53,1.24,4.36,1.64,51.0,60.8,,,,,,,,,,,
Ignace Van der Brempt,Como,Serie A,2025/26,FB,22,2300,52.0,,,82.1,,,,,4.78,,3.37,4.9,58.9,2.17,1.12,6.75,,41.4,,0.17,1.61,0.81,1.02,0.79,0.19,,,,,
Ignace Van der Brempt,Como,Serie A,2024/25,FB,21,2300,52.0,,,78.8,,,,,4.59,,3.24,4.7,56.5,2.08,1.08,6.48,,39.7,,0.16,1.55,0.78,0.98,0.76,0.18,,,,,
Alberto Moreno,Como,Serie A,2025/26,FB,32,2400,52.0,,,83.3,,,,,4.02,,1.72,2.33,45.1,2.56,1.67,6.04,,64.7,,0.17,0.5,1.1,0.4,1.5,0.16,,,,,
Alberto Moreno,Como,Serie A,2024/25,FB,31,2400,52.0,,,87.5,,,,,4.22,,1.81,2.45,47.4,2.69,1.75,6.34,,67.9,,0.18,0.53,1.16,0.42,1.58,0.17,,,,,
Alessio Iovine,Como,Serie A,2025/26,FB,33,1500,52.0,,,80.1,,,,,5.54,,2.88,2.1,59.9,2.08,0.86,6.0,,49.5,,0.14,2.11,1.21,0.65,2.38,0.32,,,,,
Alessio Iovine,Como,Serie A,2024/25,FB,32,1500,52.0,,,84.1,,,,,5.82,,3.02,2.21,62.9,2.18,0.9,6.3,,52.0,,0.15,2.22,1.27,0.68,2.5,0.34,,,,,
Marco Sala,Como,Serie A,2025/26,FB,25,1400,52.0,,,78.9,,,,,4.1,,1.6,3.29,44.0,2.51,1.37,5.31,,43.6,,0.06,2.6,1.06,1.32,2.92,0.13,,,,,
Marco Sala,Como,Serie A,2024/25,FB,24,1400,52.0,,,80.5,,,,,4.18,,1.63,3.36,44.9,2.56,1.4,5.42,,44.5,,0.06,2.65,1.08,1.35,2.98,0.13,,,,,
Maximo Perrone,Como,Serie A,2025/26,CM,21,2600,52.0,,,82.6,,,,,5.23,,6.17,2.52,57.3,1.75,1.11,7.75,0.96,66.0,,0.14,2.79,0.55,1.3,,,0.11,,,,
Maximo Perrone,Como,Serie A,2024/25,CM,20,2600,52.0,,,76.0,,,,,4.81,,5.68,2.32,52.7,1.61,1.02,7.13,0.88,60.7,,0.13,2.57,0.51,1.2,,,0.1,,,,
Sergi Roberto,Como,Serie A,2025/26,CM,32,2300,52.0,,,80.9,,,,,4.43,,3.75,1.49,52.4,1.82,1.5,6.66,0.98,40.5,,0.31,2.9,1.56,0.48,,,0.16,,,,
Sergi Roberto,Como,Serie A,2024/25,CM,31,2300,52.0,,,84.9,,,,,4.65,,3.94,1.56,55.0,1.91,1.58,6.99,1.03,42.5,,0.33,3.04,1.64,0.5,,,0.17,,,,
Yannik Engelhardt,Como,Serie A,2025/26,CM,23,2000,52.0,,,77.5,,,,,6.03,,7.12,3.38,53.9,1.57,1.54,4.82,0.99,53.7,,0.24,1.78,1.29,0.89,,,0.04,,,,
Yannik Engelhardt,Como,Serie A,2024/25,CM,22,2000,52.0,,,74.4,,,,,5.79,,6.84,3.24,51.7,1.51,1.48,4.63,0.95,51.6,,0.23,1.71,1.24,0.85,,,0.04,,,,
Lucas Da Cunha,Como,Serie A,2025/26,CM,23,2200,52.0,,,82.0,,,,,5.93,,2.61,2.56,66.8,2.69,1.12,6.93,0.77,58.6,,0.27,2.28,1.42,1.0,,,0.11,,,,
Lucas Da Cunha,Como,Serie A,2024/25,CM,22,2200,52.0,,,78.7,,,,,5.69,,2.51,2.46,64.1,2.58,1.08,6.65,0.74,56.3,,0.26,2.19,1.36,0.96,,,0.11,,,,
Daniele Baselli,Como,Serie A,2025/26,CM,32,1200,52.0,,,86.8,,,,,6.67,,5.01,2.82,70.6,1.89,1.66,6.67,0.66,59.9,,0.12,2.23,0.83,0.75,,,0.05,,,,
Daniele Baselli,Como,Serie A,2024/25,CM,31,1200,52.0,,,91.1,,,,,7.0,,5.26,2.96,74.1,1.98,1.74,7.0,0.69,62.9,,0.13,2.34,0.87,0.79,,,0.05,,,,
Nico Paz,Como,Serie A,2025/26,CM,20,2700,52.0,,,85.9,,,,,4.52,,5.02,1.95,44.4,1.67,1.02,6.77,0.87,67.9,,0.24,2.58,0.82,1.76,,,0.01,,,,
Nico Paz,Como,Serie A,2024/25,CM,19,2295,52.0,,,79.0,,,,,4.16,,4.62,1.79,40.8,1.54,0.94,6.23,0.8,62.5,,0.22,2.37,0.75,1.62,,,0.01,,,,
Gabriel Strefezza,Como,Serie A,2025/26,W,27,2600,52.0,,,,,,,,3.66,,,2.96,62.0,1.63,0.31,3.67,,,,0.27,4.04,2.15,,5.89,0.39,0.13,2.69,3.38,1.4,
Gabriel Strefezza,Como,Serie A,2024/25,W,26,2600,52.0,,,,,,,,3.73,,,3.02,63.2,1.66,0.32,3.74,,,,0.28,4.12,2.19,,6.01,0.4,0.13,2.74,3.45,1.43,
Alieu Fadera,Como,Serie A,2025/26,W,23,2400,52.0,,,,,,,,3.55,,,3.51,50.1,1.63,0.78,3.61,,,,0.16,3.85,2.58,,3.78,0.62,0.15,1.98,3.69,0.52,
Alieu Fadera,Como,Serie A,2024/25,W,22,2400,52.0,,,,,,,,3.41,,,3.37,48.1,1.56,0.75,3.47,,,,0.15,3.7,2.48,,3.63,0.6,0.14,1.9,3.54,0.5,
Simone Verdi,Como,Serie A,2025/26,W,32,1400,52.0,,,,,,,,1.88,,,3.84,58.9,1.31,0.61,4.51,,,,0.15,4.46,2.29,,1.56,0.77,0.23,3.01,4.22,3.08,
Simone Verdi,Como,Serie A,2024/25,W,31,1400,52.0,,,,,,,,1.97,,,4.03,61.8,1.38,0.64,4.74,,,,0.16,4.68,2.4,,1.64,0.81,0.24,3.16,4.43,3.23,
Patrick Cutrone,Como,Serie A,2025/26,ST,26,2700,52.0,,,61.0,,,,,,,,,,0.9,,1.28,,44.2,,0.08,2.83,0.27,,,0.25,0.52,2.37,5.68,0.53,49.7
Patrick Cutrone,Como,Serie A,2024/25,ST,25,2700,52.0,,,62.2,,,,,,,,,,0.92,,1.31,,45.1,,0.08,2.89,0.28,,,0.26,0.53,2.42,5.79,0.54,50.7
Andrea Belotti,Como,Serie A,2025/26,ST,31,2100,52.0,,,73.0,,,,,,,,,,0.53,,3.01,,42.9,,0.06,2.15,1.18,,,0.39,0.28,2.79,4.9,0.84,46.6
Andrea Belotti,Como,Serie A,2024/25,ST,30,2100,52.0,,,76.7,,,,,,,,,,0.56,,3.16,,45.0,,0.06,2.26,1.24,,,0.41,0.29,2.93,5.15,0.88,48.9
Alberto Cerri,Como,Serie A,2025/26,ST,28,1200,52.0,,,71.0,,,,,,,,,,0.63,,1.48,,51.2,,0.25,2.34,0.88,,,0.29,0.41,2.98,4.04,1.34,50.0
Alberto Cerri,Como,Serie A,2024/25,ST,27,1200,52.0,,,72.4,,,,,,,,,,0.64,,1.51,,52.2,,0.26,2.39,0.9,,,0.3,0.42,3.04,4.12,1.37,51.0
Alessandro Gabrielloni,Como,Serie A,2025/26,ST,30,1100,52.0,,,67.1,,,,,,,,,,0.66,,1.06,,48.0,,0.16,1.8,1.18,,,0.24,0.35,2.74,5.56,1.17,32.4
Alessandro Gabrielloni,Como,Serie A,2024/25,ST,29,1100,52.0,,,68.4,,,,,,,,,,0.67,,1.08,,49.0,,0.16,1.84,1.2,,,0.24,0.36,2.79,5.67,1.19,33.0
Zion Suzuki,Parma,Serie A,2025/26,GK,22,2800,47.0,0.23,73.6,71.8,50.2,0.64,9.4,13.9,,,,,,,,,,,,,,,,,,,,,,
Zion Suzuki,Parma,Serie A,2024/25,GK,21,2800,47.0,0.22,70.7,68.9,48.2,0.61,10.0,13.34,,,,,,,,,,,,,,,,,,,,,,
Leandro Chichizola,Parma,Serie A,2025/26,GK,34,900,47.0,-0.2,68.3,69.1,51.5,0.78,4.2,12.0,,,,,,,,,,,,,,,,,,,,,,
Leandro Chichizola,Parma,Serie A,2024/25,GK,33,900,47.0,0.0,71.7,72.6,54.1,0.82,10.0,12.6,,,,,,,,,,,,,,,,,,,,,,
Botond Balogh,Parma,Serie A,2025/26,CB,22,2600,47.0,,,80.0,,,,,3.24,293.8,4.38,0.7,71.0,1.73,1.41,5.89,1.51,69.9,56.1,,,,,,,,,,,
Botond Balogh,Parma,Serie A,2024/25,CB,21,2600,47.0,,,76.8,,,,,3.11,282.05,4.2,0.67,68.2,1.66,1.35,5.65,1.45,67.1,53.9,,,,,,,,,,,
Alessandro Circati,Parma,Serie A,2025/26,CB,21,2000,47.0,,,84.3,,,,,3.64,283.5,3.16,0.79,86.0,1.82,0.5,5.94,1.46,50.0,65.6,,,,,,,,,,,
Alessandro Circati,Parma,Serie A,2024/25,CB,20,2000,47.0,,,77.6,,,,,3.35,260.82,2.91,0.73,79.1,1.67,0.46,5.46,1.34,46.0,60.4,,,,,,,,,,,
Yordan Osorio,Parma,Serie A,2025/26,CB,30,1800,47.0,,,83.8,,,,,5.3,365.5,2.1,0.83,74.1,1.76,1.43,5.19,0.95,53.6,65.2,,,,,,,,,,,
Yordan Osorio,Parma,Serie A,2024/25,CB,29,1800,47.0,,,85.5,,,,,5.41,372.81,2.14,0.85,75.6,1.8,1.46,5.29,0.97,54.7,66.5,,,,,,,,,,,
Lautaro Valenti,Parma,Serie A,2025/26,CB,25,1600,47.0,,,86.9,,,,,4.49,379.7,4.29,0.64,63.3,1.84,1.7,5.85,1.27,47.3,69.5,,,,,,,,,,,
Lautaro Valenti,Parma,Serie A,2024/25,CB,24,1600,47.0,,,88.6,,,,,4.58,387.29,4.38,0.65,64.6,1.88,1.73,5.97,1.3,48.2,70.9,,,,,,,,,,,
Woyo Coulibaly,Parma,Serie A,2025/26,FB,25,2500,47.0,,,76.6,,,,,5.06,,2.99,4.17,64.6,1.83,1.82,5.63,,53.0,,0.15,0.5,0.48,1.12,1.36,0.3,,,,,
Woyo Coulibaly,Parma,Serie A,2024/25,FB,24,2500,47.0,,,78.1,,,,,5.16,,3.05,4.25,65.9,1.87,1.86,5.74,,54.1,,0.15,0.51,0.49,1.14,1.39,0.31,,,,,
Emanuele Valeri,Parma,Serie A,2025/26,FB,26,2600,47.0,,,77.6,,,,,3.38,,1.71,2.61,49.7,2.31,0.92,5.12,,58.4,,0.21,1.44,1.26,1.25,1.23,0.41,,,,,
Emanuele Valeri,Parma,Serie A,2024/25,FB,25,2600,47.0,,,79.2,,,,,3.45,,1.74,2.66,50.7,2.36,0.94,5.22,,59.6,,0.21,1.47,1.29,1.27,1.25,0.42,,,,,
Enrico Delprato,Parma,Serie A,2025/26,FB,25,2700,47.0,,,79.4,,,,,5.48,,1.7,1.21,41.5,1.74,0.61,3.92,,39.2,,0.11,0.89,0.56,1.0,2.09,0.27,,,,,
Enrico Delprato,Parma,Serie A,2024/25,FB,24,2700,47.0,,,81.0,,,,,5.59,,1.73,1.23,42.3,1.77,0.62,4.0,,40.0,,0.11,0.91,0.57,1.02,2.13,0.28,,,,,
Gianluca Di Chiara,Parma,Serie A,2025/26,FB,31,1400,47.0,,,84.6,,,,,5.11,,0.8,2.97,58.6,1.72,1.29,6.0,,45.0,,0.17,2.51,1.19,1.22,1.18,0.46,,,,,
Gianluca Di Chiara,Parma,Serie A,2024/25,FB,30,1400,47.0,,,88.8,,,,,5.37,,0.84,3.12,61.5,1.81,1.35,6.3,,47.2,,0.18,2.64,1.25,1.28,1.24,0.48,,,,,
Adrian Bernabe,Parma,Serie A,2025/26,CM,23,2700,47.0,,,74.2,,,,,3.01,,4.53,2.64,42.6,2.43,1.62,6.93,0.86,51.2,,0.1,2.76,1.06,0.45,,,0.1,,,,
Adrian Bernabe,Parma,Serie A,2024/25,CM,22,2700,47.0,,,71.2,,,,,2.89,,4.35,2.53,40.9,2.33,1.56,6.65,0.83,49.2,,0.1,2.65,1.02,0.43,,,0.1,,,,
Nahuel Estevez,Parma,Serie A,2025/26,CM,29,2100,47.0,,,77.2,,,,,6.19,,3.45,1.39,62.0,2.15,0.68,5.85,0.75,42.3,,0.18,2.97,1.54,1.09,,,0.11,,,,
Nahuel Estevez,Parma,Serie A,2024/25,CM,28,2100,47.0,,,78.7,,,,,6.31,,3.52,1.42,63.2,2.19,0.69,5.97,0.77,43.1,,0.18,3.03,1.57,1.11,,,0.11,,,,
Simon Sohm,Parma,Serie A,2025/26,CM,23,2600,47.0,,,78.6,,,,,3.94,,5.17,4.19,54.0,1.9,1.35,6.25,1.05,36.0,,0.16,3.63,1.2,0.44,,,0.06,,,,
Simon Sohm,Parma,Serie A,2024/25,CM,22,2600,47.0,,,75.5,,,,,3.78,,4.96,4.02,51.8,1.82,1.3,6.0,1.01,34.6,,0.15,3.48,1.15,0.42,,,0.06,,,,
Hernani,Parma,Serie A,2025/26,CM,30,2400,47.0,,,80.5,,,,,5.9,,6.58,2.31,58.1,1.68,1.05,5.03,0.6,49.3,,0.13,2.03,2.01,1.24,,,0.06,,,,
Hernani,Parma,Serie A,2024/25,CM,29,2400,47.0,,,82.1,,,,,6.02,,6.71,2.36,59.3,1.71,1.07,5.13,0.61,50.3,,0.13,2.07,2.05,1.26,,,0.06,,,,
Mandela Keita,Parma,Serie A,2025/26,CM,22,2200,47.0,,,87.6,,,,,3.79,,5.44,3.48,48.3,2.38,0.66,8.44,1.15,40.6,,0.12,3.87,1.37,0.22,,,0.12,,,,
Mandela Keita,Parma,Serie A,2024/25,CM,21,2200,47.0,,,84.1,,,,,3.64,,5.22,3.34,46.4,2.28,0.63,8.1,1.1,39.0,,0.12,3.72,1.32,0.21,,,0.12,,,,
Antoine Hainaut,Parma,Serie A,2025/26,CM,22,1500,47.0,,,83.6,,,,,6.07,,2.56,1.25,43.1,2.25,0.59,3.31,0.57,46.0,,0.2,2.28,0.44,1.35,,,0.01,,,,
Antoine Hainaut,Parma,Serie A,2024/25,CM,21,1500,47.0,,,80.3,,,,,5.83,,2.46,1.2,41.4,2.16,0.57,3.18,0.55,44.2,,0.19,2.19,0.42,1.3,,,0.01,,,,
Dennis Man,Parma,Serie A,2025/26,W,26,2700,47.0,,,,,,,,3.32,,,4.47,57.9,1.66,0.43,3.38,,,,0.08,3.71,1.49,,4.65,0.59,0.19,1.39,2.85,2.43,
Dennis Man,Parma,Serie A,2024/25,W,25,2700,47.0,,,,,,,,3.39,,,4.56,59.1,1.69,0.44,3.45,,,,0.08,3.78,1.52,,4.74,0.6,0.19,1.42,2.91,2.48,
Valentin Mihaila,Parma,Serie A,2025/26,W,24,2500,47.0,,,,,,,,2.35,,,2.99,49.0,0.96,0.56,4.56,,,,0.15,3.09,1.36,,4.49,0.38,0.16,3.29,3.47,3.41,
Valentin Mihaila,Parma,Serie A,2024/25,W,23,2500,47.0,,,,,,,,2.26,,,2.87,47.0,0.92,0.54,4.38,,,,0.14,2.97,1.31,,4.31,0.36,0.15,3.16,3.33,3.27,
Matteo Cancellieri,Parma,Serie A,2025/26,W,22,2300,47.0,,,,,,,,2.89,,,3.88,46.8,1.03,0.4,5.02,,,,0.33,3.1,1.55,,4.31,0.66,0.23,2.34,4.76,3.01,
Matteo Cancellieri,Parma,Serie A,2024/25,W,21,2300,47.0,,,,,,,,2.77,,,3.72,44.9,0.99,0.38,4.82,,,,0.32,2.98,1.49,,4.14,0.63,0.22,2.25,4.57,2.89,
Pontus Almqvist,Parma,Serie A,2025/26,W,25,2100,47.0,,,,,,,,4.72,,,3.23,52.9,1.31,0.4,3.29,,,,0.19,3.68,1.15,,5.8,0.22,0.13,2.16,4.14,2.46,
Pontus Almqvist,Parma,Serie A,2024/25,W,24,2100,47.0,,,,,,,,4.81,,,3.29,54.0,1.34,0.41,3.36,,,,0.19,3.75,1.17,,5.92,0.22,0.13,2.2,4.22,2.51,
Ange-Yoan Bonny,Parma,Serie A,2025/26,ST,21,2700,47.0,,,65.9,,,,,,,,,,0.29,,1.85,,56.9,,0.1,2.13,1.03,,,0.39,0.21,3.38,3.77,0.75,32.2
Ange-Yoan Bonny,Parma,Serie A,2024/25,ST,20,2700,47.0,,,60.6,,,,,,,,,,0.27,,1.7,,52.3,,0.09,1.96,0.95,,,0.36,0.19,3.11,3.47,0.69,29.6
Mateusz Kowalski,Parma,Serie A,2025/26,ST,19,1200,47.0,,,72.7,,,,,,,,,,0.84,,0.7,,50.9,,0.15,1.79,0.85,,,0.52,0.32,2.29,5.87,0.68,38.0
Mateusz Kowalski,Parma,Serie A,2024/25,ST,18,1020,47.0,,,66.9,,,,,,,,,,0.77,,0.64,,46.8,,0.14,1.65,0.78,,,0.48,0.29,2.11,5.4,0.63,35.0
Gabriel Charpentier,Parma,Serie A,2025/26,ST,25,1400,47.0,,,74.4,,,,,,,,,,0.52,,3.17,,45.0,,0.15,2.2,0.91,,,0.19,0.36,2.33,2.86,0.74,33.5
Gabriel Charpentier,Parma,Serie A,2024/25,ST,24,1400,47.0,,,75.9,,,,,,,,,,0.53,,3.23,,45.9,,0.15,2.24,0.93,,,0.19,0.37,2.38,2.92,0.75,34.2
Maduka Okoye,Udinese,Serie A,2025/26,GK,25,2800,42.5,-0.17,68.6,72.1,42.3,0.53,4.1,12.3,,,,,,,,,,,,,,,,,,,,,,
Maduka Okoye,Udinese,Serie A,2024/25,GK,24,2800,42.5,0.0,70.0,73.5,43.1,0.54,10.0,12.55,,,,,,,,,,,,,,,,,,,,,,
Daniele Padelli,Udinese,Serie A,2025/26,GK,39,900,42.5,-0.03,61.1,69.7,39.0,1.45,6.8,12.9,,,,,,,,,,,,,,,,,,,,,,
Daniele Padelli,Udinese,Serie A,2024/25,GK,38,900,42.5,0.0,64.2,73.2,41.0,1.52,10.0,13.55,,,,,,,,,,,,,,,,,,,,,,
Jaka Bijol,Udinese,Serie A,2025/26,CB,25,2800,42.5,,,84.1,,,,,2.9,427.2,1.9,1.09,64.3,1.36,1.87,6.8,0.93,61.8,65.1,,,,,,,,,,,
Jaka Bijol,Udinese,Serie A,2024/25,CB,24,2800,42.5,,,85.8,,,,,2.96,435.74,1.94,1.11,65.6,1.39,1.91,6.94,0.95,63.0,66.4,,,,,,,,,,,
Christian Kabasele,Udinese,Serie A,2025/26,CB,33,2100,42.5,,,83.6,,,,,3.65,404.5,3.31,0.83,69.6,1.95,1.61,5.85,1.25,54.6,66.6,,,,,,,,,,,
Christian Kabasele,Udinese,Serie A,2024/25,CB,32,2100,42.5,,,87.8,,,,,3.83,424.73,3.48,0.87,73.1,2.05,1.69,6.14,1.31,57.3,69.9,,,,,,,,,,,
Thomas Kristensen,Udinese,Serie A,2025/26,CB,22,2200,42.5,,,92.6,,,,,3.39,317.1,1.11,1.82,65.9,1.27,1.95,5.75,1.32,69.3,64.1,,,,,,,,,,,
Thomas Kristensen,Udinese,Serie A,2024/25,CB,21,2200,42.5,,,88.9,,,,,3.25,304.42,1.07,1.75,63.3,1.22,1.87,5.52,1.27,66.5,61.5,,,,,,,,,,,
Lautaro Giannetti,Udinese,Serie A,2025/26,CB,31,2300,42.5,,,86.6,,,,,3.26,372.7,2.72,1.19,70.7,2.01,1.23,5.04,1.42,70.6,64.7,,,,,,,,,,,
Lautaro Giannetti,Udinese,Serie A,2024/25,CB,30,2300,42.5,,,90.9,,,,,3.42,391.33,2.86,1.25,74.2,2.11,1.29,5.29,1.49,74.1,67.9,,,,,,,,,,,
Isaak Toure,Udinese,Serie A,2025/26,CB,21,1800,42.5,,,82.7,,,,,2.37,220.1,2.26,1.07,64.5,0.8,1.57,4.36,1.53,54.3,65.2,,,,,,,,,,,
Isaak Toure,Udinese,Serie A,2024/25,CB,20,1800,42.5,,,76.1,,,,,2.18,202.49,2.08,0.98,59.3,0.74,1.44,4.01,1.41,50.0,60.0,,,,,,,,,,,
Kingsley Ehizibue,Udinese,Serie A,2025/26,FB,29,2600,42.5,,,81.3,,,,,3.76,,3.38,2.9,36.9,1.78,1.46,6.05,,62.0,,0.17,1.93,1.04,1.49,2.38,0.38,,,,,
Kingsley Ehizibue,Udinese,Serie A,2024/25,FB,28,2600,42.5,,,82.9,,,,,3.84,,3.45,2.96,37.6,1.82,1.49,6.17,,63.2,,0.17,1.97,1.06,1.52,2.43,0.39,,,,,
Hassane Kamara,Udinese,Serie A,2025/26,FB,30,2500,42.5,,,76.6,,,,,5.64,,3.83,3.47,58.9,1.62,1.47,6.34,,50.3,,0.09,2.23,0.84,1.62,1.64,0.42,,,,,
Hassane Kamara,Udinese,Serie A,2024/25,FB,29,2500,42.5,,,78.1,,,,,5.75,,3.91,3.54,60.1,1.65,1.5,6.47,,51.3,,0.09,2.27,0.86,1.65,1.67,0.43,,,,,
Jordan Zemura,Udinese,Serie A,2025/26,FB,25,2200,42.5,,,83.0,,,,,3.2,,2.32,2.23,66.0,2.38,1.25,5.33,,52.7,,0.03,0.78,0.3,1.07,2.33,0.1,,,,,
Jordan Zemura,Udinese,Serie A,2024/25,FB,24,2200,42.5,,,84.7,,,,,3.26,,2.37,2.27,67.3,2.43,1.27,5.44,,53.8,,0.03,0.8,0.31,1.09,2.38,0.1,,,,,
Rui Modesto,Udinese,Serie A,2025/26,FB,25,1400,42.5,,,79.8,,,,,5.51,,3.55,2.46,55.8,1.28,1.51,4.55,,34.9,,0.1,2.06,0.6,0.56,1.59,0.41,,,,,
Rui Modesto,Udinese,Serie A,2024/25,FB,24,1400,42.5,,,81.4,,,,,5.62,,3.62,2.51,56.9,1.31,1.54,4.64,,35.6,,0.1,2.1,0.61,0.57,1.62,0.42,,,,,
Jesper Karlstrom,Udinese,Serie A,2025/26,CM,29,2700,42.5,,,82.2,,,,,3.04,,4.2,3.93,46.7,2.08,1.06,5.55,0.57,44.6,,0.06,3.2,0.67,0.75,,,0.14,,,,
Jesper Karlstrom,Udinese,Serie A,2024/25,CM,28,2700,42.5,,,83.8,,,,,3.1,,4.28,4.01,47.6,2.12,1.08,5.66,0.58,45.5,,0.06,3.26,0.68,0.77,,,0.14,,,,
Sandi Lovric,Udinese,Serie A,2025/26,CM,26,2600,42.5,,,81.0,,,,,4.73,,4.64,2.52,44.2,1.45,0.8,5.83,0.52,56.5,,0.17,1.16,1.23,1.41,,,0.2,,,,
Sandi Lovric,Udinese,Serie A,2024/25,CM,25,2600,42.5,,,82.6,,,,,4.82,,4.73,2.57,45.1,1.48,0.82,5.95,0.53,57.6,,0.17,1.18,1.25,1.44,,,0.2,,,,
Martin Payero,Udinese,Serie A,2025/26,CM,26,2300,42.5,,,80.9,,,,,4.98,,4.99,0.64,57.3,2.51,0.62,5.21,0.43,48.4,,0.01,3.51,1.48,1.03,,,0.01,,,,
Martin Payero,Udinese,Serie A,2024/25,CM,25,2300,42.5,,,82.5,,,,,5.08,,5.09,0.65,58.4,2.56,0.63,5.31,0.44,49.4,,0.01,3.58,1.51,1.05,,,0.01,,,,
Oier Zarraga,Udinese,Serie A,2025/26,CM,25,1900,42.5,,,87.4,,,,,4.56,,5.99,3.94,52.3,1.89,1.79,6.13,1.03,35.1,,0.24,2.8,1.17,1.36,,,0.1,,,,
Oier Zarraga,Udinese,Serie A,2024/25,CM,24,1900,42.5,,,89.1,,,,,4.65,,6.11,4.02,53.3,1.93,1.83,6.25,1.05,35.8,,0.24,2.86,1.19,1.39,,,0.1,,,,
Arthur Atta,Udinese,Serie A,2025/26,CM,21,1500,42.5,,,79.2,,,,,4.76,,4.06,2.17,59.9,1.82,1.04,4.92,0.97,47.6,,0.15,3.27,0.85,0.73,,,0.12,,,,
Arthur Atta,Udinese,Serie A,2024/25,CM,20,1500,42.5,,,72.9,,,,,4.38,,3.74,2.0,55.1,1.67,0.96,4.53,0.89,43.8,,0.14,3.01,0.78,0.67,,,0.11,,,,
Jurgen Ekkelenkamp,Udinese,Serie A,2025/26,CM,24,2100,42.5,,,76.5,,,,,3.58,,3.21,1.24,54.0,1.6,0.9,6.82,0.6,33.7,,0.29,2.66,1.85,1.2,,,0.06,,,,
Jurgen Ekkelenkamp,Udinese,Serie A,2024/25,CM,23,2100,42.5,,,73.4,,,,,3.44,,3.08,1.19,51.8,1.54,0.86,6.55,0.58,32.4,,0.28,2.55,1.78,1.15,,,0.06,,,,
Florian Thauvin,Udinese,Serie A,2025/26,W,31,2700,42.5,,,,,,,,4.54,,,5.09,39.2,1.03,0.47,3.21,,,,0.22,3.19,1.8,,4.17,0.56,0.16,2.53,2.63,1.0,
Florian Thauvin,Udinese,Serie A,2024/25,W,30,2700,42.5,,,,,,,,4.77,,,5.34,41.2,1.08,0.49,3.37,,,,0.23,3.35,1.89,,4.38,0.59,0.17,2.66,2.76,1.05,
Iker Bravo,Udinese,Serie A,2025/26,W,19,1600,42.5,,,,,,,,5.21,,,3.94,46.8,1.36,0.48,4.3,,,,0.09,3.57,2.25,,6.08,0.76,0.08,2.26,3.18,2.14,
Iker Bravo,Udinese,Serie A,2024/25,W,18,1360,42.5,,,,,,,,4.79,,,3.62,43.1,1.25,0.44,3.96,,,,0.08,3.28,2.07,,5.59,0.7,0.07,2.08,2.93,1.97,
Lorenzo Lucca,Udinese,Serie A,2025/26,ST,24,2700,42.5,,,73.9,,,,,,,,,,0.71,,3.3,,38.8,,0.17,2.39,0.63,,,0.46,0.39,3.83,4.1,1.15,44.4
Lorenzo Lucca,Udinese,Serie A,2024/25,ST,23,2700,42.5,,,70.9,,,,,,,,,,0.68,,3.17,,37.2,,0.16,2.29,0.6,,,0.44,0.37,3.68,3.94,1.1,42.6
Keinan Davis,Udinese,Serie A,2025/26,ST,26,2100,42.5,,,69.8,,,,,,,,,,0.71,,1.56,,50.1,,0.15,1.78,1.18,,,0.4,0.42,1.17,6.42,1.25,44.7
Keinan Davis,Udinese,Serie A,2024/25,ST,25,2100,42.5,,,71.2,,,,,,,,,,0.72,,1.59,,51.1,,0.15,1.82,1.2,,,0.41,0.43,1.19,6.55,1.27,45.6
Gerard Deulofeu,Udinese,Serie A,2025/26,ST,30,1100,42.5,,,65.0,,,,,,,,,,0.58,,3.23,,45.8,,0.1,2.44,1.09,,,0.3,0.45,1.36,2.12,1.59,38.1
Gerard Deulofeu,Udinese,Serie A,2024/25,ST,29,1100,42.5,,,66.3,,,,,,,,,,0.59,,3.29,,46.7,,0.1,2.49,1.11,,,0.31,0.46,1.39,2.16,1.62,38.9
Damian Pizarro,Udinese,Serie A,2025/26,ST,19,1200,42.5,,,69.3,,,,,,,,,,1.1,,2.52,,33.4,,0.12,1.8,0.53,,,0.07,0.16,2.39,2.1,0.44,40.1
Damian Pizarro,Udinese,Serie A,2024/25,ST,18,1020,42.5,,,63.8,,,,,,,,,,1.01,,2.32,,30.7,,0.11,1.66,0.49,,,0.06,0.15,2.2,1.93,0.4,36.9
Stefano Turati,Monza,Serie A,2025/26,GK,23,2600,53.5,0.05,65.2,73.7,28.0,1.0,7.7,12.4,,,,,,,,,,,,,,,,,,,,,,
Stefano Turati,Monza,Serie A,2024/25,GK,22,2600,53.5,0.05,62.6,70.8,26.9,0.96,10.0,11.9,,,,,,,,,,,,,,,,,,,,,,
Semuel Pizzignacco,Monza,Serie A,2025/26,GK,23,1100,53.5,-0.2,63.6,78.0,43.5,1.45,4.7,11.1,,,,,,,,,,,,,,,,,,,,,,
Semuel Pizzignacco,Monza,Serie A,2024/25,GK,22,1100,53.5,0.0,61.1,74.9,41.8,1.39,10.0,10.66,,,,,,,,,,,,,,,,,,,,,,
Pablo Mari,Monza,Serie A,2025/26,CB,31,2700,53.5,,,87.1,,,,,2.9,326.5,3.06,0.2,62.5,1.27,0.58,4.52,1.1,56.6,73.3,,,,,,,,,,,
Pablo Mari,Monza,Serie A,2024/25,CB,30,2700,53.5,,,91.5,,,,,3.04,342.82,3.21,0.21,65.6,1.33,0.61,4.75,1.16,59.4,77.0,,,,,,,,,,,
Armando Izzo,Monza,Serie A,2025/26,CB,32,2600,53.5,,,80.4,,,,,3.56,336.0,2.15,1.33,85.7,1.82,1.45,4.76,1.19,66.5,59.1,,,,,,,,,,,
Armando Izzo,Monza,Serie A,2024/25,CB,31,2600,53.5,,,84.4,,,,,3.74,352.8,2.26,1.4,90.0,1.91,1.52,5.0,1.25,69.8,62.1,,,,,,,,,,,
Andrea Carboni,Monza,Serie A,2025/26,CB,23,2400,53.5,,,78.6,,,,,4.85,248.8,3.66,1.27,82.0,2.57,1.42,3.83,1.29,61.7,59.4,,,,,,,,,,,
Andrea Carboni,Monza,Serie A,2024/25,CB,22,2400,53.5,,,75.5,,,,,4.66,238.85,3.51,1.22,78.7,2.47,1.36,3.68,1.24,59.2,57.0,,,,,,,,,,,
Luca Caldirola,Monza,Serie A,2025/26,CB,33,1700,53.5,,,87.9,,,,,3.07,372.0,3.63,0.84,63.9,1.52,1.09,4.7,1.06,50.9,66.3,,,,,,,,,,,
Luca Caldirola,Monza,Serie A,2024/25,CB,32,1700,53.5,,,92.3,,,,,3.22,390.6,3.81,0.88,67.1,1.6,1.14,4.94,1.11,53.4,69.6,,,,,,,,,,,
Pedro Pereira,Monza,Serie A,2025/26,FB,26,2600,53.5,,,82.5,,,,,5.97,,0.8,2.45,48.7,1.14,1.07,5.98,,50.6,,0.06,2.07,0.85,1.46,0.89,0.27,,,,,
Pedro Pereira,Monza,Serie A,2024/25,FB,25,2600,53.5,,,84.2,,,,,6.09,,0.82,2.5,49.7,1.16,1.09,6.1,,51.6,,0.06,2.11,0.87,1.49,0.91,0.28,,,,,
Georgios Kyriakopoulos,Monza,Serie A,2025/26,FB,28,2700,53.5,,,73.1,,,,,3.6,,2.88,3.5,49.2,1.73,1.55,4.16,,43.4,,0.16,2.2,0.47,1.0,0.3,0.48,,,,,
Georgios Kyriakopoulos,Monza,Serie A,2024/25,FB,27,2700,53.5,,,74.6,,,,,3.67,,2.94,3.57,50.2,1.76,1.58,4.24,,44.3,,0.16,2.24,0.48,1.02,0.31,0.49,,,,,
Samuele Birindelli,Monza,Serie A,2025/26,FB,25,1800,53.5,,,78.7,,,,,5.01,,4.1,2.91,47.6,1.97,1.58,5.17,,42.6,,0.15,2.3,0.45,1.8,1.66,0.46,,,,,
Samuele Birindelli,Monza,Serie A,2024/25,FB,24,1800,53.5,,,80.3,,,,,5.11,,4.18,2.97,48.6,2.01,1.61,5.27,,43.5,,0.15,2.35,0.46,1.84,1.69,0.47,,,,,
Matteo Pessina,Monza,Serie A,2025/26,CM,27,2800,53.5,,,79.8,,,,,5.57,,4.63,3.05,56.0,1.93,1.38,5.92,1.22,34.1,,0.22,2.76,1.55,0.55,,,0.02,,,,
Matteo Pessina,Monza,Serie A,2024/25,CM,26,2800,53.5,,,81.4,,,,,5.68,,4.72,3.11,57.1,1.97,1.41,6.04,1.24,34.8,,0.22,2.82,1.58,0.56,,,0.02,,,,
Warren Bondo,Monza,Serie A,2025/26,CM,21,2600,53.5,,,88.6,,,,,2.76,,3.85,2.55,53.0,1.86,1.54,4.73,1.16,52.3,,0.1,2.38,1.05,1.11,,,0.12,,,,
Warren Bondo,Monza,Serie A,2024/25,CM,20,2600,53.5,,,81.5,,,,,2.54,,3.54,2.35,48.8,1.71,1.42,4.35,1.07,48.1,,0.09,2.19,0.97,1.02,,,0.11,,,,
Alessandro Bianco,Monza,Serie A,2025/26,CM,22,2200,53.5,,,82.1,,,,,4.41,,2.48,3.02,60.2,1.59,1.0,6.74,1.36,40.1,,0.22,2.29,1.34,1.03,,,0.05,,,,
Alessandro Bianco,Monza,Serie A,2024/25,CM,21,2200,53.5,,,78.8,,,,,4.23,,2.38,2.9,57.8,1.53,0.96,6.47,1.31,38.5,,0.21,2.2,1.29,0.99,,,0.05,,,,
Roberto Gagliardini,Monza,Serie A,2025/26,CM,30,2000,53.5,,,87.0,,,,,6.07,,4.45,3.01,52.1,2.22,0.84,5.92,0.98,32.0,,0.2,1.8,1.01,1.09,,,0.02,,,,
Roberto Gagliardini,Monza,Serie A,2024/25,CM,29,2000,53.5,,,88.7,,,,,6.19,,4.54,3.07,53.1,2.26,0.86,6.04,1.0,32.6,,0.2,1.84,1.03,1.11,,,0.02,,,,
Stefano Sensi,Monza,Serie A,2025/26,CM,29,1400,53.5,,,84.2,,,,,4.77,,6.29,2.69,50.7,1.94,0.74,5.45,0.84,52.9,,0.04,1.58,0.51,1.87,,,0.09,,,,
Stefano Sensi,Monza,Serie A,2024/25,CM,28,1400,53.5,,,85.9,,,,,4.87,,6.42,2.74,51.7,1.98,0.75,5.56,0.86,54.0,,0.04,1.61,0.52,1.91,,,0.09,,,,
Daniel Maldini,Monza,Serie A,2025/26,W,23,2700,53.5,,,,,,,,4.46,,,2.77,54.2,1.9,0.54,2.97,,,,0.27,4.05,1.79,,5.55,0.79,0.13,1.96,3.14,0.88,
Daniel Maldini,Monza,Serie A,2024/25,W,22,2700,53.5,,,,,,,,4.28,,,2.66,52.0,1.82,0.52,2.85,,,,0.26,3.89,1.72,,5.33,0.76,0.12,1.88,3.01,0.84,
Gianluca Caprari,Monza,Serie A,2025/26,W,31,2100,53.5,,,,,,,,4.41,,,5.01,51.5,1.56,0.56,3.9,,,,0.1,2.45,2.1,,3.56,0.92,0.15,1.85,4.08,1.99,
Gianluca Caprari,Monza,Serie A,2024/25,W,30,2100,53.5,,,,,,,,4.63,,,5.26,54.1,1.64,0.59,4.09,,,,0.11,2.57,2.21,,3.74,0.97,0.16,1.94,4.28,2.09,
Patrick Ciurria,Monza,Serie A,2025/26,W,29,1800,53.5,,,,,,,,3.84,,,5.22,59.4,1.33,0.15,2.87,,,,0.29,3.78,1.65,,4.65,0.84,0.32,2.79,3.64,1.61,
Patrick Ciurria,Monza,Serie A,2024/25,W,28,1800,53.5,,,,,,,,3.92,,,5.32,60.6,1.36,0.15,2.93,,,,0.3,3.86,1.68,,4.74,0.86,0.33,2.85,3.71,1.64,
Dany Mota,Monza,Serie A,2025/26,ST,26,2600,53.5,,,68.8,,,,,,,,,,0.98,,1.5,,29.5,,0.04,0.52,1.27,,,0.51,0.37,3.45,3.38,1.62,47.9
Dany Mota,Monza,Serie A,2024/25,ST,25,2600,53.5,,,70.2,,,,,,,,,,1.0,,1.53,,30.1,,0.04,0.53,1.3,,,0.52,0.38,3.52,3.45,1.65,48.9
Milan Djuric,Monza,Serie A,2025/26,ST,34,2500,53.5,,,69.1,,,,,,,,,,0.72,,2.8,,41.3,,0.18,1.59,1.04,,,0.16,0.3,1.79,4.29,0.54,32.6
Milan Djuric,Monza,Serie A,2024/25,ST,33,2500,53.5,,,72.6,,,,,,,,,,0.76,,2.94,,43.4,,0.19,1.67,1.09,,,0.17,0.32,1.88,4.5,0.57,34.2
Mirko Maric,Monza,Serie A,2025/26,ST,29,1300,53.5,,,66.8,,,,,,,,,,0.48,,1.56,,29.1,,0.08,2.56,0.96,,,0.33,0.21,1.75,2.93,1.21,37.7
Mirko Maric,Monza,Serie A,2024/25,ST,28,1300,53.5,,,68.1,,,,,,,,,,0.49,,1.59,,29.7,,0.08,2.61,0.98,,,0.34,0.21,1.79,2.99,1.23,38.5
Omari Forson,Monza,Serie A,2025/26,W,20,1200,53.5,,,,,,,,4.61,,,5.85,43.8,1.48,0.78,3.82,,,,0.24,3.07,1.55,,3.85,0.34,0.24,3.21,4.81,1.56,
Omari Forson,Monza,Serie A,2024/25,W,19,1020,53.5,,,,,,,,4.24,,,5.38,40.3,1.36,0.72,3.51,,,,0.22,2.82,1.43,,3.54,0.31,0.22,2.95,4.43,1.44,
Lorenzo Montipo,Hellas Verona,Serie A,2025/26,GK,28,2800,41.5,0.04,69.7,76.0,38.1,1.28,4.6,14.6,,,,,,,,,,,,,,,,,,,,,,
Lorenzo Montipo,Hellas Verona,Serie A,2024/25,GK,27,2800,41.5,0.04,71.1,77.5,38.9,1.31,10.0,14.89,,,,,,,,,,,,,,,,,,,,,,
Simone Perilli,Hellas Verona,Serie A,2025/26,GK,29,900,41.5,0.16,68.3,67.1,35.2,0.86,4.5,13.5,,,,,,,,,,,,,,,,,,,,,,
Simone Perilli,Hellas Verona,Serie A,2024/25,GK,28,900,41.5,0.16,69.7,68.4,35.9,0.88,10.0,13.77,,,,,,,,,,,,,,,,,,,,,,
Diego Coppola,Hellas Verona,Serie A,2025/26,CB,21,2700,41.5,,,84.7,,,,,4.11,357.3,1.94,0.67,70.5,1.48,1.41,4.54,0.86,57.0,61.9,,,,,,,,,,,
Diego Coppola,Hellas Verona,Serie A,2024/25,CB,20,2700,41.5,,,77.9,,,,,3.78,328.72,1.78,0.62,64.9,1.36,1.3,4.18,0.79,52.4,56.9,,,,,,,,,,,
Pawel Dawidowicz,Hellas Verona,Serie A,2025/26,CB,29,2500,41.5,,,84.7,,,,,4.73,330.3,4.02,0.91,67.1,1.97,1.23,4.55,0.95,65.4,58.5,,,,,,,,,,,
Pawel Dawidowicz,Hellas Verona,Serie A,2024/25,CB,28,2500,41.5,,,86.4,,,,,4.82,336.91,4.1,0.93,68.4,2.01,1.25,4.64,0.97,66.7,59.7,,,,,,,,,,,
Giangiacomo Magnani,Hellas Verona,Serie A,2025/26,CB,29,2600,41.5,,,84.2,,,,,3.92,374.8,3.01,0.45,67.0,2.46,1.15,5.54,0.92,64.7,77.2,,,,,,,,,,,
Giangiacomo Magnani,Hellas Verona,Serie A,2024/25,CB,28,2600,41.5,,,85.9,,,,,4.0,382.3,3.07,0.46,68.3,2.51,1.17,5.65,0.94,66.0,78.7,,,,,,,,,,,
Flavius Daniliuc,Hellas Verona,Serie A,2025/26,CB,23,1900,41.5,,,84.4,,,,,3.54,410.8,2.47,1.23,62.6,2.32,1.4,3.87,1.36,52.1,72.3,,,,,,,,,,,
Flavius Daniliuc,Hellas Verona,Serie A,2024/25,CB,22,1900,41.5,,,81.0,,,,,3.4,394.37,2.37,1.18,60.1,2.23,1.34,3.72,1.31,50.0,69.4,,,,,,,,,,,
Daniele Ghilardi,Hellas Verona,Serie A,2025/26,CB,21,1500,41.5,,,89.4,,,,,1.95,257.8,3.61,1.58,68.9,2.26,1.44,6.12,1.33,61.7,58.1,,,,,,,,,,,
Daniele Ghilardi,Hellas Verona,Serie A,2024/25,CB,20,1500,41.5,,,82.2,,,,,1.79,237.18,3.32,1.45,63.4,2.08,1.32,5.63,1.22,56.8,53.5,,,,,,,,,,,
Jackson Tchatchoua,Hellas Verona,Serie A,2025/26,FB,23,2700,41.5,,,83.6,,,,,5.75,,3.04,2.58,52.7,1.81,0.92,6.75,,57.4,,0.08,1.41,0.71,1.25,2.23,0.26,,,,,
Jackson Tchatchoua,Hellas Verona,Serie A,2024/25,FB,22,2700,41.5,,,80.3,,,,,5.52,,2.92,2.48,50.6,1.74,0.88,6.48,,55.1,,0.08,1.35,0.68,1.2,2.14,0.25,,,,,
Domagoj Bradaric,Hellas Verona,Serie A,2025/26,FB,24,2500,41.5,,,76.9,,,,,4.72,,3.74,4.07,54.1,1.96,0.85,6.88,,45.4,,0.18,1.74,0.95,0.93,3.2,0.07,,,,,
Domagoj Bradaric,Hellas Verona,Serie A,2024/25,FB,23,2500,41.5,,,73.8,,,,,4.53,,3.59,3.91,51.9,1.88,0.82,6.6,,43.6,,0.17,1.67,0.91,0.89,3.07,0.07,,,,,
Martin Frese,Hellas Verona,Serie A,2025/26,FB,26,1700,41.5,,,78.1,,,,,2.94,,1.83,2.69,55.1,1.73,1.99,4.83,,58.6,,0.08,1.94,0.54,1.1,1.57,0.32,,,,,
Martin Frese,Hellas Verona,Serie A,2024/25,FB,25,1700,41.5,,,79.7,,,,,3.0,,1.87,2.74,56.2,1.76,2.03,4.93,,59.8,,0.08,1.98,0.55,1.12,1.6,0.33,,,,,
Davide Faraoni,Hellas Verona,Serie A,2025/26,FB,33,1400,41.5,,,82.3,,,,,3.22,,2.71,2.69,48.5,1.84,1.36,4.81,,39.1,,0.14,1.41,1.41,1.46,2.8,0.35,,,,,
Davide Faraoni,Hellas Verona,Serie A,2024/25,FB,32,1400,41.5,,,86.4,,,,,3.38,,2.85,2.82,50.9,1.93,1.43,5.05,,41.1,,0.15,1.48,1.48,1.53,2.94,0.37,,,,,
Ondrej Duda,Hellas Verona,Serie A,2025/26,CM,30,2700,41.5,,,80.5,,,,,3.4,,3.48,2.36,58.3,2.21,1.29,6.01,0.68,52.7,,0.14,1.44,1.56,0.15,,,0.13,,,,
Ondrej Duda,Hellas Verona,Serie A,2024/25,CM,29,2700,41.5,,,82.1,,,,,3.47,,3.55,2.41,59.5,2.25,1.32,6.13,0.69,53.8,,0.14,1.47,1.59,0.15,,,0.13,,,,
Suat Serdar,Hellas Verona,Serie A,2025/26,CM,27,2500,41.5,,,82.6,,,,,5.01,,4.35,1.48,60.7,1.51,0.36,4.88,0.93,44.6,,0.12,1.95,1.17,1.98,,,0.01,,,,
Suat Serdar,Hellas Verona,Serie A,2024/25,CM,26,2500,41.5,,,84.3,,,,,5.11,,4.44,1.51,61.9,1.54,0.37,4.98,0.95,45.5,,0.12,1.99,1.19,2.02,,,0.01,,,,
Reda Belahyane,Hellas Verona,Serie A,2025/26,CM,20,2600,41.5,,,83.4,,,,,5.44,,3.62,2.07,52.5,2.22,0.84,5.34,1.18,39.7,,0.06,3.08,0.73,1.88,,,0.09,,,,
Reda Belahyane,Hellas Verona,Serie A,2024/25,CM,19,2210,41.5,,,76.7,,,,,5.0,,3.33,1.9,48.3,2.04,0.77,4.91,1.09,36.5,,0.06,2.83,0.67,1.73,,,0.08,,,,
Dani Silva,Hellas Verona,Serie A,2025/26,CM,24,2000,41.5,,,79.6,,,,,5.29,,2.29,3.36,65.7,2.22,1.6,6.13,1.29,40.9,,0.08,4.21,0.91,0.82,,,0.1,,,,
Dani Silva,Hellas Verona,Serie A,2024/25,CM,23,2000,41.5,,,76.4,,,,,5.08,,2.2,3.23,63.1,2.13,1.54,5.88,1.24,39.3,,0.08,4.04,0.87,0.79,,,0.1,,,,
Tomas Suslov,Hellas Verona,Serie A,2025/26,W,22,2600,41.5,,,,,,,,1.74,,,3.26,56.4,0.67,0.82,3.79,,,,0.13,2.56,0.85,,5.17,0.47,0.33,3.06,3.43,1.18,
Tomas Suslov,Hellas Verona,Serie A,2024/25,W,21,2600,41.5,,,,,,,,1.67,,,3.13,54.1,0.64,0.79,3.64,,,,0.12,2.46,0.82,,4.96,0.45,0.32,2.94,3.29,1.13,
Darko Lazovic,Hellas Verona,Serie A,2025/26,W,34,2500,41.5,,,,,,,,5.23,,,3.93,42.9,1.73,0.25,4.14,,,,0.2,1.22,1.83,,4.44,0.37,0.21,1.95,5.81,2.56,
Darko Lazovic,Hellas Verona,Serie A,2024/25,W,33,2500,41.5,,,,,,,,5.49,,,4.13,45.0,1.82,0.26,4.35,,,,0.21,1.28,1.92,,4.66,0.39,0.22,2.05,6.1,2.69,
Abdou Harroui,Hellas Verona,Serie A,2025/26,W,26,1800,41.5,,,,,,,,4.65,,,1.2,62.2,1.08,0.72,3.73,,,,0.17,3.66,0.3,,5.74,0.75,0.3,2.51,4.84,0.9,
Abdou Harroui,Hellas Verona,Serie A,2024/25,W,25,1800,41.5,,,,,,,,4.74,,,1.22,63.4,1.1,0.73,3.8,,,,0.17,3.73,0.31,,5.85,0.77,0.31,2.56,4.94,0.92,
Dailon Livramento,Hellas Verona,Serie A,2025/26,W,23,1900,41.5,,,,,,,,4.89,,,4.71,53.2,1.44,0.67,3.84,,,,0.17,4.87,1.31,,5.52,0.35,0.26,0.7,2.16,3.62,
Dailon Livramento,Hellas Verona,Serie A,2024/25,W,22,1900,41.5,,,,,,,,4.69,,,4.52,51.1,1.38,0.64,3.69,,,,0.16,4.68,1.26,,5.3,0.34,0.25,0.67,2.07,3.48,
Casper Tengstedt,Hellas Verona,Serie A,2025/26,ST,24,2600,41.5,,,67.6,,,,,,,,,,0.47,,1.63,,47.9,,0.11,1.76,0.16,,,0.29,0.38,2.66,4.89,1.82,44.9
Casper Tengstedt,Hellas Verona,Serie A,2024/25,ST,23,2600,41.5,,,64.9,,,,,,,,,,0.45,,1.56,,46.0,,0.11,1.69,0.15,,,0.28,0.36,2.55,4.69,1.75,43.1
Daniel Mosquera,Hellas Verona,Serie A,2025/26,ST,25,2300,41.5,,,80.0,,,,,,,,,,0.63,,1.11,,46.1,,0.14,1.83,0.71,,,0.32,0.42,4.11,2.28,0.1,45.8
Daniel Mosquera,Hellas Verona,Serie A,2024/25,ST,24,2300,41.5,,,81.6,,,,,,,,,,0.64,,1.13,,47.0,,0.14,1.87,0.72,,,0.33,0.43,4.19,2.33,0.1,46.7
Amin Sarr,Hellas Verona,Serie A,2025/26,ST,23,1600,41.5,,,70.6,,,,,,,,,,0.8,,1.89,,32.4,,0.05,1.63,0.74,,,0.34,0.44,2.64,3.47,1.59,42.2
Amin Sarr,Hellas Verona,Serie A,2024/25,ST,22,1600,41.5,,,67.8,,,,,,,,,,0.77,,1.81,,31.1,,0.05,1.56,0.71,,,0.33,0.42,2.53,3.33,1.53,40.5
Faride Alidou,Hellas Verona,Serie A,2025/26,W,23,1400,41.5,,,,,,,,4.65,,,4.22,49.7,1.38,0.72,2.77,,,,0.2,3.79,1.79,,3.55,0.08,0.32,2.45,4.76,2.07,
Faride Alidou,Hellas Verona,Serie A,2024/25,W,22,1400,41.5,,,,,,,,4.46,,,4.05,47.7,1.32,0.69,2.66,,,,0.19,3.64,1.72,,3.41,0.08,0.31,2.35,4.57,1.99,
Simone Scuffet,Cagliari,Serie A,2025/26,GK,28,2600,43.0,-0.01,70.6,65.7,53.5,0.76,4.5,11.7,,,,,,,,,,,,,,,,,,,,,,
Simone Scuffet,Cagliari,Serie A,2024/25,GK,27,2600,43.0,0.0,72.0,67.0,54.6,0.78,10.0,11.93,,,,,,,,,,,,,,,,,,,,,,
Alen Sherri,Cagliari,Serie A,2025/26,GK,26,1100,43.0,-0.01,74.2,73.6,46.9,1.19,8.0,13.5,,,,,,,,,,,,,,,,,,,,,,
Alen Sherri,Cagliari,Serie A,2024/25,GK,25,1100,43.0,0.0,75.7,75.1,47.8,1.21,10.0,13.77,,,,,,,,,,,,,,,,,,,,,,
Yerry Mina,Cagliari,Serie A,2025/26,CB,30,2500,43.0,,,86.5,,,,,3.7,374.9,2.1,0.79,63.7,2.06,1.78,3.65,1.29,69.5,74.7,,,,,,,,,,,
Yerry Mina,Cagliari,Serie A,2024/25,CB,29,2500,43.0,,,88.2,,,,,3.77,382.4,2.14,0.81,65.0,2.1,1.82,3.72,1.32,70.9,76.2,,,,,,,,,,,
Sebastiano Luperto,Cagliari,Serie A,2025/26,CB,28,2700,43.0,,,82.7,,,,,2.9,269.0,3.07,0.62,60.6,1.74,1.37,5.33,1.19,61.5,70.9,,,,,,,,,,,
Sebastiano Luperto,Cagliari,Serie A,2024/25,CB,27,2700,43.0,,,84.4,,,,,2.96,274.38,3.13,0.63,61.8,1.77,1.4,5.44,1.21,62.7,72.3,,,,,,,,,,,
Mateusz Wieteska,Cagliari,Serie A,2025/26,CB,27,1800,43.0,,,83.3,,,,,4.29,267.8,5.35,0.96,61.6,1.78,2.06,5.78,0.7,67.8,69.0,,,,,,,,,,,
Mateusz Wieteska,Cagliari,Serie A,2024/25,CB,26,1800,43.0,,,85.0,,,,,4.38,273.16,5.46,0.98,62.8,1.82,2.1,5.9,0.71,69.2,70.4,,,,,,,,,,,
Jose Luis Palomino,Cagliari,Serie A,2025/26,CB,35,1400,43.0,,,85.7,,,,,3.78,356.3,2.9,1.11,70.3,2.12,1.05,4.96,1.32,58.7,56.6,,,,,,,,,,,
Jose Luis Palomino,Cagliari,Serie A,2024/25,CB,34,1400,43.0,,,90.0,,,,,3.97,374.12,3.04,1.17,73.8,2.23,1.1,5.21,1.39,61.6,59.4,,,,,,,,,,,
Gabriele Zappa,Cagliari,Serie A,2025/26,FB,25,2700,43.0,,,81.9,,,,,2.83,,3.51,3.94,57.9,1.86,1.65,3.99,,39.9,,0.17,2.12,1.11,0.97,1.05,0.34,,,,,
Gabriele Zappa,Cagliari,Serie A,2024/25,FB,24,2700,43.0,,,83.5,,,,,2.89,,3.58,4.02,59.1,1.9,1.68,4.07,,40.7,,0.17,2.16,1.13,0.99,1.07,0.35,,,,,
Tommaso Augello,Cagliari,Serie A,2025/26,FB,30,2600,43.0,,,81.0,,,,,1.61,,3.25,2.11,45.2,1.35,0.96,4.36,,52.5,,0.06,2.39,0.26,0.9,2.62,0.35,,,,,
Tommaso Augello,Cagliari,Serie A,2024/25,FB,29,2600,43.0,,,82.6,,,,,1.64,,3.31,2.15,46.1,1.38,0.98,4.45,,53.6,,0.06,2.44,0.27,0.92,2.67,0.36,,,,,
Paulo Azzi,Cagliari,Serie A,2025/26,FB,30,1900,43.0,,,82.9,,,,,6.7,,1.39,2.72,48.3,1.76,1.17,4.38,,36.8,,0.13,2.88,0.95,0.9,1.47,0.4,,,,,
Paulo Azzi,Cagliari,Serie A,2024/25,FB,29,1900,43.0,,,84.6,,,,,6.83,,1.42,2.77,49.3,1.8,1.19,4.47,,37.5,,0.13,2.94,0.97,0.92,1.5,0.41,,,,,
Adam Obert,Cagliari,Serie A,2025/26,FB,22,1700,43.0,,,77.5,,,,,5.88,,2.33,2.51,54.4,2.01,1.29,4.92,,31.5,,0.14,2.03,1.46,1.26,1.53,0.4,,,,,
Adam Obert,Cagliari,Serie A,2024/25,FB,21,1700,43.0,,,74.4,,,,,5.64,,2.24,2.41,52.2,1.93,1.24,4.72,,30.2,,0.13,1.95,1.4,1.21,1.47,0.38,,,,,
Razvan Marin,Cagliari,Serie A,2025/26,CM,28,2700,43.0,,,79.4,,,,,5.96,,5.21,2.86,66.0,2.29,0.37,6.76,1.12,47.2,,0.21,2.28,1.26,1.26,,,0.08,,,,
Razvan Marin,Cagliari,Serie A,2024/25,CM,27,2700,43.0,,,81.0,,,,,6.08,,5.31,2.92,67.3,2.34,0.38,6.9,1.14,48.1,,0.21,2.33,1.29,1.29,,,0.08,,,,
Michel Adopo,Cagliari,Serie A,2025/26,CM,24,2500,43.0,,,84.3,,,,,2.5,,1.56,1.75,57.1,1.82,1.42,4.91,0.65,41.1,,0.19,2.59,1.76,0.71,,,0.06,,,,
Michel Adopo,Cagliari,Serie A,2024/25,CM,23,2500,43.0,,,80.9,,,,,2.4,,1.5,1.68,54.8,1.75,1.36,4.71,0.62,39.5,,0.18,2.49,1.69,0.68,,,0.06,,,,
Antoine Makoumbou,Cagliari,Serie A,2025/26,CM,26,2400,43.0,,,83.7,,,,,5.5,,4.54,1.2,62.3,2.25,1.53,8.35,1.15,59.4,,0.28,1.91,1.66,0.85,,,0.09,,,,
Antoine Makoumbou,Cagliari,Serie A,2024/25,CM,25,2400,43.0,,,85.4,,,,,5.61,,4.63,1.22,63.5,2.29,1.56,8.52,1.17,60.6,,0.29,1.95,1.69,0.87,,,0.09,,,,
Matteo Prati,Cagliari,Serie A,2025/26,CM,20,2200,43.0,,,87.1,,,,,4.0,,3.94,1.51,62.2,2.43,1.3,7.11,1.13,44.3,,0.24,2.75,1.0,1.58,,,0.02,,,,
Matteo Prati,Cagliari,Serie A,2024/25,CM,19,1870,43.0,,,80.1,,,,,3.68,,3.62,1.39,57.2,2.24,1.2,6.54,1.04,40.8,,0.22,2.53,0.92,1.45,,,0.02,,,,
Alessandro Deiola,Cagliari,Serie A,2025/26,CM,29,2100,43.0,,,83.8,,,,,1.92,,4.56,2.41,58.6,2.57,1.14,6.96,0.68,51.9,,0.15,1.67,1.44,1.37,,,0.09,,,,
Alessandro Deiola,Cagliari,Serie A,2024/25,CM,28,2100,43.0,,,85.5,,,,,1.96,,4.65,2.46,59.8,2.62,1.16,7.1,0.69,52.9,,0.15,1.7,1.47,1.4,,,0.09,,,,
Gianluca Gaetano,Cagliari,Serie A,2025/26,CM,24,2400,43.0,,,86.4,,,,,4.73,,3.67,4.89,51.2,1.53,1.29,5.49,1.11,37.4,,0.13,2.72,0.69,1.2,,,0.03,,,,
Gianluca Gaetano,Cagliari,Serie A,2024/25,CM,23,2400,43.0,,,82.9,,,,,4.54,,3.52,4.69,49.2,1.47,1.24,5.27,1.07,35.9,,0.12,2.61,0.66,1.15,,,0.03,,,,
Nicolas Viola,Cagliari,Serie A,2025/26,CM,35,1800,43.0,,,79.4,,,,,3.81,,2.54,2.71,54.3,2.05,1.22,8.09,0.69,43.0,,0.13,2.02,0.82,1.53,,,0.05,,,,
Nicolas Viola,Cagliari,Serie A,2024/25,CM,34,1800,43.0,,,83.4,,,,,4.0,,2.67,2.85,57.0,2.15,1.28,8.49,0.72,45.1,,0.14,2.12,0.86,1.61,,,0.05,,,,
Zito Luvumbo,Cagliari,Serie A,2025/26,W,22,2600,43.0,,,,,,,,4.77,,,4.06,50.3,1.08,0.45,4.39,,,,0.25,2.25,1.82,,1.21,0.6,0.19,3.16,3.85,2.15,
Zito Luvumbo,Cagliari,Serie A,2024/25,W,21,2600,43.0,,,,,,,,4.58,,,3.9,48.3,1.04,0.43,4.21,,,,0.24,2.16,1.75,,1.16,0.58,0.18,3.03,3.7,2.06,
Mattia Felici,Cagliari,Serie A,2025/26,W,23,1600,43.0,,,,,,,,4.88,,,3.59,46.5,1.82,0.2,3.51,,,,0.19,2.74,1.79,,6.43,0.38,0.28,2.97,2.87,1.54,
Mattia Felici,Cagliari,Serie A,2024/25,W,22,1600,43.0,,,,,,,,4.68,,,3.45,44.6,1.75,0.19,3.37,,,,0.18,2.63,1.72,,6.17,0.36,0.27,2.85,2.76,1.48,
Roberto Piccoli,Cagliari,Serie A,2025/26,ST,23,2700,43.0,,,69.6,,,,,,,,,,0.74,,2.98,,39.4,,0.14,1.48,0.82,,,0.5,0.53,2.13,3.74,0.86,40.9
Roberto Piccoli,Cagliari,Serie A,2024/25,ST,22,2700,43.0,,,66.8,,,,,,,,,,0.71,,2.86,,37.8,,0.13,1.42,0.79,,,0.48,0.51,2.04,3.59,0.83,39.3
Gianluca Lapadula,Cagliari,Serie A,2025/26,ST,34,1800,43.0,,,68.3,,,,,,,,,,0.56,,0.7,,52.7,,0.12,2.36,0.88,,,0.19,0.29,2.07,4.31,0.76,35.7
Gianluca Lapadula,Cagliari,Serie A,2024/25,ST,33,1800,43.0,,,71.7,,,,,,,,,,0.59,,0.73,,55.3,,0.13,2.48,0.92,,,0.2,0.3,2.17,4.53,0.8,37.5
Leonardo Pavoletti,Cagliari,Serie A,2025/26,ST,36,1300,43.0,,,70.4,,,,,,,,,,0.21,,2.0,,55.5,,0.19,1.28,1.36,,,0.49,0.18,3.46,2.78,1.32,43.4
Leonardo Pavoletti,Cagliari,Serie A,2024/25,ST,35,1300,43.0,,,73.9,,,,,,,,,,0.22,,2.1,,58.3,,0.2,1.34,1.43,,,0.51,0.19,3.63,2.92,1.39,45.6
Kingstone Mutandwa,Cagliari,Serie A,2025/26,ST,21,1000,43.0,,,70.1,,,,,,,,,,0.4,,1.43,,42.0,,0.05,2.28,0.46,,,0.49,0.21,2.02,3.36,0.69,47.9
Kingstone Mutandwa,Cagliari,Serie A,2024/25,ST,20,1000,43.0,,,64.5,,,,,,,,,,0.37,,1.32,,38.6,,0.05,2.1,0.42,,,0.45,0.19,1.86,3.09,0.63,44.1
Devis Vasquez,Empoli,Serie A,2025/26,GK,26,2700,43.5,0.05,71.7,69.1,49.0,0.84,4.3,13.5,,,,,,,,,,,,,,,,,,,,,,
Devis Vasquez,Empoli,Serie A,2024/25,GK,25,2700,43.5,0.05,73.1,70.5,50.0,0.86,10.0,13.77,,,,,,,,,,,,,,,,,,,,,,
Federico Brancolini,Empoli,Serie A,2025/26,GK,23,900,43.5,0.09,76.2,71.7,44.4,1.82,5.5,11.1,,,,,,,,,,,,,,,,,,,,,,
Federico Brancolini,Empoli,Serie A,2024/25,GK,22,900,43.5,0.09,73.2,68.8,42.6,1.75,10.0,10.66,,,,,,,,,,,,,,,,,,,,,,
Ardian Ismajli,Empoli,Serie A,2025/26,CB,28,2800,43.5,,,84.9,,,,,1.65,282.2,3.58,1.11,68.2,1.66,1.55,5.74,1.18,53.4,50.0,,,,,,,,,,,
Ardian Ismajli,Empoli,Serie A,2024/25,CB,27,2800,43.5,,,86.6,,,,,1.68,287.84,3.65,1.13,69.6,1.69,1.58,5.85,1.2,54.5,51.0,,,,,,,,,,,
Mattia Viti,Empoli,Serie A,2025/26,CB,22,2700,43.5,,,84.4,,,,,4.82,354.4,1.65,1.0,72.7,2.39,0.62,4.98,1.33,56.5,67.6,,,,,,,,,,,
Mattia Viti,Empoli,Serie A,2024/25,CB,21,2700,43.5,,,81.0,,,,,4.63,340.22,1.58,0.96,69.8,2.29,0.6,4.78,1.28,54.2,64.9,,,,,,,,,,,
Saba Goglichidze,Empoli,Serie A,2025/26,CB,20,2400,43.5,,,89.7,,,,,4.09,317.1,2.85,1.06,73.2,1.97,1.93,6.12,1.3,60.9,64.2,,,,,,,,,,,
Saba Goglichidze,Empoli,Serie A,2024/25,CB,19,2040,43.5,,,82.5,,,,,3.76,291.73,2.62,0.98,67.3,1.81,1.78,5.63,1.2,56.0,59.1,,,,,,,,,,,
Luca Marianucci,Empoli,Serie A,2025/26,CB,20,1300,43.5,,,84.9,,,,,4.18,228.2,2.4,0.81,69.7,1.85,1.0,5.56,1.07,58.2,63.7,,,,,,,,,,,
Luca Marianucci,Empoli,Serie A,2024/25,CB,19,1105,43.5,,,78.1,,,,,3.85,209.94,2.21,0.75,64.1,1.7,0.92,5.12,0.98,53.5,58.6,,,,,,,,,,,
Emmanuel Gyasi,Empoli,Serie A,2025/26,FB,31,2700,43.5,,,81.3,,,,,4.23,,3.56,1.9,49.6,0.96,0.88,5.64,,58.7,,0.12,2.07,1.19,1.11,2.35,0.16,,,,,
Emmanuel Gyasi,Empoli,Serie A,2024/25,FB,30,2700,43.5,,,85.4,,,,,4.44,,3.74,1.99,52.1,1.01,0.92,5.92,,61.6,,0.13,2.17,1.25,1.17,2.47,0.17,,,,,
Giuseppe Pezzella,Empoli,Serie A,2025/26,FB,27,2600,43.5,,,77.6,,,,,6.02,,2.72,3.4,65.5,2.47,1.0,3.98,,52.4,,0.15,1.97,0.68,2.26,1.78,0.33,,,,,
Giuseppe Pezzella,Empoli,Serie A,2024/25,FB,26,2600,43.5,,,79.2,,,,,6.14,,2.77,3.47,66.8,2.52,1.02,4.06,,53.4,,0.15,2.01,0.69,2.31,1.82,0.34,,,,,
Junior Sambia,Empoli,Serie A,2025/26,FB,28,1600,43.5,,,82.1,,,,,3.05,,1.51,3.81,61.0,2.43,0.58,7.8,,57.8,,0.2,2.82,0.61,1.17,2.05,0.32,,,,,
Junior Sambia,Empoli,Serie A,2024/25,FB,27,1600,43.5,,,83.7,,,,,3.11,,1.54,3.89,62.2,2.48,0.59,7.96,,59.0,,0.2,2.88,0.62,1.19,2.09,0.33,,,,,
Liberato Cacace,Empoli,Serie A,2025/26,FB,24,1900,43.5,,,78.1,,,,,3.5,,2.06,2.34,46.8,1.52,1.3,4.56,,42.3,,0.08,2.7,1.0,1.6,1.81,0.54,,,,,
Liberato Cacace,Empoli,Serie A,2024/25,FB,23,1900,43.5,,,75.0,,,,,3.36,,1.98,2.25,44.9,1.46,1.25,4.38,,40.6,,0.08,2.59,0.96,1.54,1.74,0.52,,,,,
Liam Henderson,Empoli,Serie A,2025/26,CM,28,2600,43.5,,,80.3,,,,,4.95,,5.25,2.62,62.2,2.79,0.92,4.81,0.46,54.7,,0.11,2.03,0.87,1.51,,,0.1,,,,
Liam Henderson,Empoli,Serie A,2024/25,CM,27,2600,43.5,,,81.9,,,,,5.05,,5.36,2.67,63.4,2.85,0.94,4.91,0.47,55.8,,0.11,2.07,0.89,1.54,,,0.1,,,,
Alberto Grassi,Empoli,Serie A,2025/26,CM,29,2500,43.5,,,84.4,,,,,2.35,,4.31,1.79,66.8,2.31,0.62,5.7,0.7,41.4,,0.13,3.53,1.01,1.64,,,0.1,,,,
Alberto Grassi,Empoli,Serie A,2024/25,CM,28,2500,43.5,,,86.1,,,,,2.4,,4.4,1.83,68.1,2.36,0.63,5.81,0.71,42.2,,0.13,3.6,1.03,1.67,,,0.1,,,,
Youssef Maleh,Empoli,Serie A,2025/26,CM,26,2400,43.5,,,81.5,,,,,6.52,,2.77,2.52,55.7,1.96,1.36,7.25,0.93,30.4,,0.19,2.39,1.37,0.98,,,0.18,,,,
Youssef Maleh,Empoli,Serie A,2024/25,CM,25,2400,43.5,,,83.1,,,,,6.65,,2.83,2.57,56.8,2.0,1.39,7.4,0.95,31.0,,0.19,2.44,1.4,1.0,,,0.18,,,,
Tino Anjorin,Empoli,Serie A,2025/26,CM,23,2300,43.5,,,84.5,,,,,6.38,,1.51,1.15,55.9,1.63,1.26,5.76,0.89,47.6,,0.21,2.91,1.03,0.32,,,0.12,,,,
Tino Anjorin,Empoli,Serie A,2024/25,CM,22,2300,43.5,,,81.1,,,,,6.12,,1.45,1.1,53.7,1.56,1.21,5.53,0.85,45.7,,0.2,2.79,0.99,0.31,,,0.12,,,,
Jacopo Fazzini,Empoli,Serie A,2025/26,CM,21,2400,43.5,,,78.8,,,,,5.48,,3.96,2.2,50.1,2.19,1.17,4.34,0.96,47.3,,0.17,2.06,0.79,0.6,,,0.06,,,,
Jacopo Fazzini,Empoli,Serie A,2024/25,CM,20,2400,43.5,,,72.5,,,,,5.04,,3.64,2.02,46.1,2.01,1.08,3.99,0.88,43.5,,0.16,1.9,0.73,0.55,,,0.06,,,,
Nicolas Haas,Empoli,Serie A,2025/26,CM,28,1700,43.5,,,82.2,,,,,3.7,,5.07,2.65,61.3,2.41,1.66,6.59,0.75,31.7,,0.11,2.42,0.58,1.15,,,0.07,,,,
Nicolas Haas,Empoli,Serie A,2024/25,CM,27,1700,43.5,,,83.8,,,,,3.77,,5.17,2.7,62.5,2.46,1.69,6.72,0.77,32.3,,0.11,2.47,0.59,1.17,,,0.07,,,,
Szymon Zurkowski,Empoli,Serie A,2025/26,CM,27,1500,43.5,,,86.8,,,,,3.53,,5.7,2.34,50.7,1.74,1.07,5.62,1.11,49.7,,0.07,2.63,1.74,1.21,,,0.04,,,,
Szymon Zurkowski,Empoli,Serie A,2024/25,CM,26,1500,43.5,,,88.5,,,,,3.6,,5.81,2.39,51.7,1.77,1.09,5.73,1.13,50.7,,0.07,2.68,1.77,1.23,,,0.04,,,,
Ola Solbakken,Empoli,Serie A,2025/26,W,26,2100,43.5,,,,,,,,3.44,,,3.45,47.6,0.72,0.46,5.36,,,,0.23,2.74,1.78,,4.7,0.11,0.19,2.32,2.49,2.03,
Ola Solbakken,Empoli,Serie A,2024/25,W,25,2100,43.5,,,,,,,,3.51,,,3.52,48.6,0.73,0.47,5.47,,,,0.23,2.79,1.82,,4.79,0.11,0.19,2.37,2.54,2.07,
Emmanuel Ekong,Empoli,Serie A,2025/26,W,22,1400,43.5,,,,,,,,4.39,,,2.58,60.1,1.67,0.46,4.69,,,,0.07,4.26,0.55,,4.57,0.33,0.04,2.42,3.58,2.75,
Emmanuel Ekong,Empoli,Serie A,2024/25,W,21,1400,43.5,,,,,,,,4.21,,,2.48,57.7,1.6,0.44,4.5,,,,0.07,4.09,0.53,,4.39,0.32,0.04,2.32,3.44,2.64,
Sebastiano Esposito,Empoli,Serie A,2025/26,ST,22,2600,43.5,,,68.2,,,,,,,,,,0.92,,2.4,,52.1,,0.19,2.69,1.11,,,0.41,0.37,2.44,5.82,1.03,45.9
Sebastiano Esposito,Empoli,Serie A,2024/25,ST,21,2600,43.5,,,65.5,,,,,,,,,,0.88,,2.3,,50.0,,0.18,2.58,1.07,,,0.39,0.36,2.34,5.59,0.99,44.1
Lorenzo Colombo,Empoli,Serie A,2025/26,ST,22,2700,43.5,,,73.7,,,,,,,,,,0.66,,2.39,,50.2,,0.03,2.14,1.17,,,0.34,0.28,1.32,3.95,0.94,38.3
Lorenzo Colombo,Empoli,Serie A,2024/25,ST,21,2700,43.5,,,70.8,,,,,,,,,,0.63,,2.29,,48.2,,0.03,2.05,1.12,,,0.33,0.27,1.27,3.79,0.9,36.8
Pietro Pellegri,Empoli,Serie A,2025/26,ST,23,1900,43.5,,,77.2,,,,,,,,,,0.31,,2.0,,36.4,,0.11,1.91,0.23,,,0.3,0.35,1.91,5.13,1.0,35.8
Pietro Pellegri,Empoli,Serie A,2024/25,ST,22,1900,43.5,,,74.1,,,,,,,,,,0.3,,1.92,,34.9,,0.11,1.83,0.22,,,0.29,0.34,1.83,4.92,0.96,34.4
Jesse Joronen,Venezia,Serie A,2025/26,GK,31,2100,44.0,0.16,60.8,79.8,45.4,0.57,8.1,14.6,,,,,,,,,,,,,,,,,,,,,,
Jesse Joronen,Venezia,Serie A,2024/25,GK,30,2100,44.0,0.17,63.8,83.8,47.7,0.6,10.0,15.33,,,,,,,,,,,,,,,,,,,,,,
Filip Stankovic,Venezia,Serie A,2025/26,GK,22,1600,44.0,-0.09,67.2,71.4,45.0,1.02,8.5,10.7,,,,,,,,,,,,,,,,,,,,,,
Filip Stankovic,Venezia,Serie A,2024/25,GK,21,1600,44.0,0.0,64.5,68.5,43.2,0.98,10.0,10.27,,,,,,,,,,,,,,,,,,,,,,
Jay Idzes,Venezia,Serie A,2025/26,CB,24,2700,44.0,,,85.3,,,,,5.28,316.1,3.55,1.11,69.4,1.83,1.02,6.49,1.43,57.4,66.5,,,,,,,,,,,
Jay Idzes,Venezia,Serie A,2024/25,CB,23,2700,44.0,,,81.9,,,,,5.07,303.46,3.41,1.07,66.6,1.76,0.98,6.23,1.37,55.1,63.8,,,,,,,,,,,
Michael Svoboda,Venezia,Serie A,2025/26,CB,26,2600,44.0,,,79.9,,,,,2.42,345.4,1.73,1.08,52.2,1.88,1.59,5.47,1.83,50.8,78.9,,,,,,,,,,,
Michael Svoboda,Venezia,Serie A,2024/25,CB,25,2600,44.0,,,81.5,,,,,2.47,352.31,1.76,1.1,53.2,1.92,1.62,5.58,1.87,51.8,80.5,,,,,,,,,,,
Marin Sverko,Venezia,Serie A,2025/26,CB,26,2300,44.0,,,84.5,,,,,2.78,413.9,3.13,0.9,51.4,2.22,1.21,4.53,1.44,63.5,69.1,,,,,,,,,,,
Marin Sverko,Venezia,Serie A,2024/25,CB,25,2300,44.0,,,86.2,,,,,2.84,422.18,3.19,0.92,52.4,2.26,1.23,4.62,1.47,64.8,70.5,,,,,,,,,,,
Giorgio Altare,Venezia,Serie A,2025/26,CB,26,1700,44.0,,,82.0,,,,,3.78,334.6,2.85,1.56,71.5,1.53,1.27,5.9,0.84,63.5,64.5,,,,,,,,,,,
Giorgio Altare,Venezia,Serie A,2024/25,CB,25,1700,44.0,,,83.6,,,,,3.86,341.29,2.91,1.59,72.9,1.56,1.3,6.02,0.86,64.8,65.8,,,,,,,,,,,
Antonio Candela,Venezia,Serie A,2025/26,FB,24,2600,44.0,,,81.2,,,,,4.59,,3.2,3.95,52.9,1.87,1.87,5.78,,50.0,,0.07,2.38,1.2,1.69,1.97,0.38,,,,,
Antonio Candela,Venezia,Serie A,2024/25,FB,23,2600,44.0,,,78.0,,,,,4.41,,3.07,3.79,50.8,1.8,1.8,5.55,,48.0,,0.07,2.28,1.15,1.62,1.89,0.36,,,,,
Ridgeciano Haps,Venezia,Serie A,2025/26,FB,31,2400,44.0,,,81.6,,,,,3.1,,4.06,3.5,58.0,2.57,0.69,6.39,,45.7,,0.12,1.97,0.46,0.68,2.95,0.32,,,,,
Ridgeciano Haps,Venezia,Serie A,2024/25,FB,30,2400,44.0,,,85.7,,,,,3.26,,4.26,3.68,60.9,2.7,0.72,6.71,,48.0,,0.13,2.07,0.48,0.71,3.1,0.34,,,,,
Francesco Zampano,Venezia,Serie A,2025/26,FB,31,2500,44.0,,,81.0,,,,,2.42,,2.47,2.54,43.1,1.55,1.63,4.93,,49.1,,0.07,1.05,1.42,0.86,2.31,0.22,,,,,
Francesco Zampano,Venezia,Serie A,2024/25,FB,30,2500,44.0,,,85.0,,,,,2.54,,2.59,2.67,45.3,1.63,1.71,5.18,,51.6,,0.07,1.1,1.49,0.9,2.43,0.23,,,,,
Franco Carboni,Venezia,Serie A,2025/26,FB,21,1400,44.0,,,77.8,,,,,7.2,,3.08,3.05,49.3,1.89,1.34,5.95,,43.8,,0.08,1.9,0.98,1.19,2.28,0.4,,,,,
Franco Carboni,Venezia,Serie A,2024/25,FB,20,1400,44.0,,,71.6,,,,,6.62,,2.83,2.81,45.4,1.74,1.23,5.47,,40.3,,0.07,1.75,0.9,1.09,2.1,0.37,,,,,
Gianluca Busio,Venezia,Serie A,2025/26,CM,22,2700,44.0,,,83.2,,,,,5.01,,4.19,2.88,52.4,2.36,1.23,6.95,1.57,57.7,,0.07,3.05,1.2,1.55,,,0.12,,,,
Gianluca Busio,Venezia,Serie A,2024/25,CM,21,2700,44.0,,,79.9,,,,,4.81,,4.02,2.76,50.3,2.27,1.18,6.67,1.51,55.4,,0.07,2.93,1.15,1.49,,,0.12,,,,
Hans Nicolussi Caviglia,Venezia,Serie A,2025/26,CM,24,2600,44.0,,,86.1,,,,,7.01,,4.32,3.09,54.5,2.33,0.52,7.13,1.03,48.7,,0.07,3.23,0.34,0.9,,,0.15,,,,
Hans Nicolussi Caviglia,Venezia,Serie A,2024/25,CM,23,2600,44.0,,,82.7,,,,,6.73,,4.15,2.97,52.3,2.24,0.5,6.84,0.99,46.8,,0.07,3.1,0.33,0.86,,,0.14,,,,
Alfred Duncan,Venezia,Serie A,2025/26,CM,31,2400,44.0,,,84.6,,,,,5.14,,3.72,2.0,46.5,2.06,1.25,4.7,0.57,52.3,,0.23,2.54,1.08,2.1,,,0.1,,,,
Alfred Duncan,Venezia,Serie A,2024/25,CM,30,2400,44.0,,,88.8,,,,,5.4,,3.91,2.1,48.8,2.16,1.31,4.94,0.6,54.9,,0.24,2.67,1.13,2.21,,,0.11,,,,
Mikael Ellertsson,Venezia,Serie A,2025/26,CM,22,2500,44.0,,,81.9,,,,,3.6,,6.23,1.72,62.3,1.52,0.7,5.01,0.65,52.6,,0.21,1.85,1.46,0.65,,,0.06,,,,
Mikael Ellertsson,Venezia,Serie A,2024/25,CM,21,2500,44.0,,,78.6,,,,,3.46,,5.98,1.65,59.8,1.46,0.67,4.81,0.62,50.5,,0.2,1.78,1.4,0.62,,,0.06,,,,
Domen Crnigoj,Venezia,Serie A,2025/26,CM,29,1700,44.0,,,77.4,,,,,3.01,,4.86,2.84,63.1,1.89,1.8,6.54,1.5,26.3,,0.03,2.15,1.97,1.63,,,0.06,,,,
Domen Crnigoj,Venezia,Serie A,2024/25,CM,28,1700,44.0,,,78.9,,,,,3.07,,4.96,2.9,64.4,1.93,1.84,6.67,1.53,26.8,,0.03,2.19,2.01,1.66,,,0.06,,,,
Mato Jajalo,Venezia,Serie A,2025/26,CM,36,1200,44.0,,,84.0,,,,,4.09,,6.23,1.98,61.3,2.53,0.51,7.49,0.65,43.2,,0.11,2.53,1.55,0.26,,,0.11,,,,
Mato Jajalo,Venezia,Serie A,2024/25,CM,35,1200,44.0,,,88.2,,,,,4.29,,6.54,2.08,64.4,2.66,0.54,7.86,0.68,45.4,,0.12,2.66,1.63,0.27,,,0.12,,,,
Gaetano Oristanio,Venezia,Serie A,2025/26,W,22,2600,44.0,,,,,,,,3.59,,,5.56,55.2,1.55,0.45,3.37,,,,0.26,4.08,1.97,,5.2,0.28,0.28,0.7,4.4,0.92,
Gaetano Oristanio,Venezia,Serie A,2024/25,W,21,2600,44.0,,,,,,,,3.45,,,5.34,53.0,1.49,0.43,3.24,,,,0.25,3.92,1.89,,4.99,0.27,0.27,0.67,4.22,0.88,
John Yeboah,Venezia,Serie A,2025/26,W,24,2100,44.0,,,,,,,,3.89,,,3.7,56.3,1.34,0.3,4.48,,,,0.14,2.08,1.61,,2.06,0.75,0.2,2.56,6.34,2.32,
John Yeboah,Venezia,Serie A,2024/25,W,23,2100,44.0,,,,,,,,3.73,,,3.55,54.0,1.29,0.29,4.3,,,,0.13,2.0,1.55,,1.98,0.72,0.19,2.46,6.09,2.23,
Bjarki Bjarkason,Venezia,Serie A,2025/26,W,24,1500,44.0,,,,,,,,2.29,,,4.85,62.3,1.72,1.04,4.08,,,,0.14,2.8,1.03,,4.59,0.47,0.14,1.99,2.13,0.74,
Bjarki Bjarkason,Venezia,Serie A,2024/25,W,23,1500,44.0,,,,,,,,2.2,,,4.66,59.8,1.65,1.0,3.92,,,,0.13,2.69,0.99,,4.41,0.45,0.13,1.91,2.04,0.71,
Joel Pohjanpalo,Venezia,Serie A,2025/26,ST,30,2700,44.0,,,71.4,,,,,,,,,,0.58,,1.81,,46.0,,0.22,1.77,0.54,,,0.44,0.51,3.09,2.42,1.44,30.3
Joel Pohjanpalo,Venezia,Serie A,2024/25,ST,29,2700,44.0,,,72.8,,,,,,,,,,0.59,,1.85,,46.9,,0.22,1.81,0.55,,,0.45,0.52,3.15,2.47,1.47,30.9
Christian Gytkjaer,Venezia,Serie A,2025/26,ST,34,1800,44.0,,,73.1,,,,,,,,,,0.63,,2.19,,38.2,,0.07,1.95,0.81,,,0.1,0.26,1.89,5.28,1.24,48.5
Christian Gytkjaer,Venezia,Serie A,2024/25,ST,33,1800,44.0,,,76.8,,,,,,,,,,0.66,,2.3,,40.1,,0.07,2.05,0.85,,,0.11,0.27,1.98,5.54,1.3,50.9
Antonio Raimondo,Venezia,Serie A,2025/26,ST,20,1600,44.0,,,72.9,,,,,,,,,,0.51,,2.41,,51.0,,0.05,2.14,0.69,,,0.56,0.46,2.44,3.75,2.1,40.7
Antonio Raimondo,Venezia,Serie A,2024/25,ST,19,1360,44.0,,,67.1,,,,,,,,,,0.47,,2.22,,46.9,,0.05,1.97,0.63,,,0.52,0.42,2.24,3.45,1.93,37.4
Wladimiro Falcone,Lecce,Serie A,2025/26,GK,29,2800,43.0,0.1,69.4,72.7,42.4,0.87,5.2,12.2,,,,,,,,,,,,,,,,,,,,,,
Wladimiro Falcone,Lecce,Serie A,2024/25,GK,28,2800,43.0,0.1,70.8,74.2,43.2,0.89,10.0,12.44,,,,,,,,,,,,,,,,,,,,,,
Christian Fruchtl,Lecce,Serie A,2025/26,GK,24,900,43.0,0.21,72.2,74.9,38.7,0.72,5.8,13.9,,,,,,,,,,,,,,,,,,,,,,
Christian Fruchtl,Lecce,Serie A,2024/25,GK,23,900,43.0,0.2,69.3,71.9,37.2,0.69,10.0,13.34,,,,,,,,,,,,,,,,,,,,,,
Federico Baschirotto,Lecce,Serie A,2025/26,CB,28,2800,43.0,,,78.6,,,,,3.94,237.0,2.82,0.99,58.8,2.31,1.35,4.58,0.93,55.9,56.7,,,,,,,,,,,
Federico Baschirotto,Lecce,Serie A,2024/25,CB,27,2800,43.0,,,80.2,,,,,4.02,241.74,2.88,1.01,60.0,2.36,1.38,4.67,0.95,57.0,57.8,,,,,,,,,,,
Kialonda Gaspar,Lecce,Serie A,2025/26,CB,27,2700,43.0,,,85.2,,,,,3.43,289.4,3.42,0.81,65.2,1.2,1.17,4.61,0.65,56.1,74.0,,,,,,,,,,,
Kialonda Gaspar,Lecce,Serie A,2024/25,CB,26,2700,43.0,,,86.9,,,,,3.5,295.19,3.49,0.83,66.5,1.22,1.19,4.7,0.66,57.2,75.5,,,,,,,,,,,
Gaby Jean,Lecce,Serie A,2025/26,CB,24,1600,43.0,,,83.7,,,,,2.71,267.3,3.84,0.9,65.3,1.61,1.0,5.77,0.73,66.7,53.5,,,,,,,,,,,
Gaby Jean,Lecce,Serie A,2024/25,CB,23,1600,43.0,,,80.4,,,,,2.6,256.61,3.69,0.86,62.7,1.55,0.96,5.54,0.7,64.0,51.4,,,,,,,,,,,
Kevin Bonifazi,Lecce,Serie A,2025/26,CB,28,1400,43.0,,,84.2,,,,,2.96,384.3,3.18,0.4,60.5,1.87,1.52,5.36,1.88,58.7,65.7,,,,,,,,,,,
Kevin Bonifazi,Lecce,Serie A,2024/25,CB,27,1400,43.0,,,85.9,,,,,3.02,391.99,3.24,0.41,61.7,1.91,1.55,5.47,1.92,59.9,67.0,,,,,,,,,,,
Frederic Guilbert,Lecce,Serie A,2025/26,FB,30,2600,43.0,,,78.5,,,,,2.26,,2.78,4.79,38.4,1.68,0.32,3.63,,51.2,,0.1,1.36,0.15,2.13,3.1,0.17,,,,,
Frederic Guilbert,Lecce,Serie A,2024/25,FB,29,2600,43.0,,,80.1,,,,,2.31,,2.84,4.89,39.2,1.71,0.33,3.7,,52.2,,0.1,1.39,0.15,2.17,3.16,0.17,,,,,
Antonino Gallo,Lecce,Serie A,2025/26,FB,24,2700,43.0,,,86.2,,,,,3.33,,2.6,1.64,64.4,1.73,1.12,6.81,,55.9,,0.16,1.58,1.0,1.38,1.29,0.26,,,,,
Antonino Gallo,Lecce,Serie A,2024/25,FB,23,2700,43.0,,,82.8,,,,,3.2,,2.5,1.57,61.8,1.66,1.08,6.54,,53.7,,0.15,1.52,0.96,1.32,1.24,0.25,,,,,
Andy Pelmard,Lecce,Serie A,2025/26,FB,24,1700,43.0,,,80.2,,,,,4.31,,3.05,2.86,51.0,1.95,1.04,5.39,,43.4,,0.09,2.59,0.7,1.64,1.65,0.15,,,,,
Andy Pelmard,Lecce,Serie A,2024/25,FB,23,1700,43.0,,,77.0,,,,,4.14,,2.93,2.75,49.0,1.87,1.0,5.17,,41.7,,0.09,2.49,0.67,1.57,1.58,0.14,,,,,
Patrick Dorgu,Lecce,Serie A,2025/26,FB,20,2700,43.0,,,80.3,,,,,4.19,,2.95,2.25,58.8,2.15,1.88,4.11,,49.2,,0.15,1.47,1.14,0.7,0.3,0.42,,,,,
Patrick Dorgu,Lecce,Serie A,2024/25,FB,19,2295,43.0,,,73.9,,,,,3.85,,2.71,2.07,54.1,1.98,1.73,3.78,,45.3,,0.14,1.35,1.05,0.64,0.28,0.39,,,,,
Ylber Ramadani,Lecce,Serie A,2025/26,CM,28,2800,43.0,,,86.5,,,,,5.73,,1.58,2.1,51.0,2.6,1.13,5.64,1.38,47.5,,0.07,2.77,0.8,1.48,,,0.11,,,,
Ylber Ramadani,Lecce,Serie A,2024/25,CM,27,2800,43.0,,,88.2,,,,,5.84,,1.61,2.14,52.0,2.65,1.15,5.75,1.41,48.5,,0.07,2.83,0.82,1.51,,,0.11,,,,
Lassana Coulibaly,Lecce,Serie A,2025/26,CM,28,2600,43.0,,,79.5,,,,,4.57,,3.89,0.78,54.2,2.15,0.62,5.1,0.71,56.5,,0.15,3.07,1.27,0.86,,,0.12,,,,
Lassana Coulibaly,Lecce,Serie A,2024/25,CM,27,2600,43.0,,,81.1,,,,,4.66,,3.97,0.8,55.3,2.19,0.63,5.2,0.72,57.6,,0.15,3.13,1.3,0.88,,,0.12,,,,
Balthazar Pierret,Lecce,Serie A,2025/26,CM,24,2100,43.0,,,83.8,,,,,3.7,,5.1,2.52,55.8,2.19,0.77,7.5,0.89,42.9,,0.13,2.66,0.84,0.99,,,0.21,,,,
Balthazar Pierret,Lecce,Serie A,2024/25,CM,23,2100,43.0,,,80.4,,,,,3.55,,4.9,2.42,53.6,2.1,0.74,7.2,0.85,41.2,,0.12,2.55,0.81,0.95,,,0.2,,,,
Mohamed Kaba,Lecce,Serie A,2025/26,CM,23,1900,43.0,,,87.0,,,,,5.16,,3.15,1.68,57.6,1.88,0.71,4.72,1.24,42.0,,0.11,3.47,1.31,0.15,,,0.01,,,,
Mohamed Kaba,Lecce,Serie A,2024/25,CM,22,1900,43.0,,,83.5,,,,,4.95,,3.02,1.61,55.3,1.8,0.68,4.53,1.19,40.3,,0.11,3.33,1.26,0.14,,,0.01,,,,
Hamza Rafia,Lecce,Serie A,2025/26,CM,25,2300,43.0,,,85.0,,,,,3.38,,3.71,3.6,60.9,2.41,2.04,5.8,0.94,45.8,,0.03,3.4,1.35,0.8,,,0.11,,,,
Hamza Rafia,Lecce,Serie A,2024/25,CM,24,2300,43.0,,,86.7,,,,,3.45,,3.78,3.67,62.1,2.46,2.08,5.92,0.96,46.7,,0.03,3.47,1.38,0.82,,,0.11,,,,
Medon Berisha,Lecce,Serie A,2025/26,CM,21,1700,43.0,,,85.1,,,,,1.95,,4.73,2.79,57.9,1.83,1.1,6.61,0.8,48.6,,0.09,3.25,1.13,1.02,,,0.09,,,,
Medon Berisha,Lecce,Serie A,2024/25,CM,20,1700,43.0,,,78.3,,,,,1.79,,4.35,2.57,53.3,1.68,1.01,6.08,0.74,44.7,,0.08,2.99,1.04,0.94,,,0.08,,,,
Tete Morente,Lecce,Serie A,2025/26,W,28,2400,43.0,,,,,,,,3.67,,,5.03,39.4,1.65,0.43,3.84,,,,0.2,1.98,0.75,,6.24,0.1,0.24,2.31,3.75,1.04,
Tete Morente,Lecce,Serie A,2024/25,W,27,2400,43.0,,,,,,,,3.74,,,5.13,40.2,1.68,0.44,3.92,,,,0.2,2.02,0.77,,6.36,0.1,0.24,2.36,3.83,1.06,
Lameck Banda,Lecce,Serie A,2025/26,W,23,2200,43.0,,,,,,,,3.05,,,4.12,55.5,1.75,0.61,3.87,,,,0.09,2.84,0.9,,4.66,0.94,0.06,3.43,5.73,1.37,
Lameck Banda,Lecce,Serie A,2024/25,W,22,2200,43.0,,,,,,,,2.93,,,3.96,53.3,1.68,0.59,3.72,,,,0.09,2.73,0.86,,4.47,0.9,0.06,3.29,5.5,1.32,
Remi Oudin,Lecce,Serie A,2025/26,W,28,2100,43.0,,,,,,,,3.29,,,4.51,46.6,2.14,0.54,4.28,,,,0.19,3.22,1.81,,5.19,0.41,0.06,0.97,3.04,1.42,
Remi Oudin,Lecce,Serie A,2024/25,W,27,2100,43.0,,,,,,,,3.36,,,4.6,47.5,2.18,0.55,4.37,,,,0.19,3.28,1.85,,5.29,0.42,0.06,0.99,3.1,1.45,
Santiago Pierotti,Lecce,Serie A,2025/26,W,23,1800,43.0,,,,,,,,3.45,,,3.94,50.2,1.14,0.35,3.48,,,,0.12,2.18,0.38,,1.0,0.63,0.12,2.42,1.96,2.02,
Santiago Pierotti,Lecce,Serie A,2024/25,W,22,1800,43.0,,,,,,,,3.31,,,3.78,48.2,1.09,0.34,3.34,,,,0.12,2.09,0.36,,0.96,0.6,0.12,2.32,1.88,1.94,
Nikola Krstovic,Lecce,Serie A,2025/26,ST,24,2800,43.0,,,72.6,,,,,,,,,,0.56,,1.89,,41.4,,0.11,2.55,1.1,,,0.04,0.38,1.2,5.38,0.8,40.2
Nikola Krstovic,Lecce,Serie A,2024/25,ST,23,2800,43.0,,,69.7,,,,,,,,,,0.54,,1.81,,39.7,,0.11,2.45,1.06,,,0.04,0.36,1.15,5.16,0.77,38.6
Ante Rebic,Lecce,Serie A,2025/26,ST,31,2000,43.0,,,68.5,,,,,,,,,,0.78,,1.54,,45.8,,0.11,1.4,0.52,,,0.44,0.57,1.29,5.2,0.92,47.6
Ante Rebic,Lecce,Serie A,2024/25,ST,30,2000,43.0,,,71.9,,,,,,,,,,0.82,,1.62,,48.1,,0.12,1.47,0.55,,,0.46,0.6,1.35,5.46,0.97,50.0
Rareș Burnete,Lecce,Serie A,2025/26,ST,20,1200,43.0,,,72.0,,,,,,,,,,0.75,,2.46,,39.3,,0.07,2.34,0.54,,,0.14,0.25,2.28,3.06,0.84,30.8
Rareș Burnete,Lecce,Serie A,2024/25,ST,19,1020,43.0,,,66.2,,,,,,,,,,0.69,,2.26,,36.2,,0.06,2.15,0.5,,,0.13,0.23,2.1,2.82,0.77,28.3
